source1_entity_id	candidate_entity_ids
S1-714132312	S3-389830698,S2-193013091,S2-412565852,S3-797381132,S2-823489243,S2-84473557,S3-668629842,S2-476476786,S2-400190057,S2-495604525,S3-185659081,S2-119647643,S3-367901084,S2-744098365,S2-449438476,S3-652287374,S3-227725397,S3-760959067,S2-583840796,S2-340420883,S3-276427681,S2-559669701,S2-938316135,S3-469272577,S3-380741339,S3-184174096,S3-289567021,S2-268861424,S3-22088661,S3-265204232,S3-610536355,S3-374810425,S3-482581656,S3-536202929,S2-809665812,S2-222871632,S3-416247723,S2-715460557,S2-378846408,S3-221443476,S2-917258438,S2-729157829,S2-258890831,S2-375151053,S3-150632472,S2-37424835,S2-481572644,S3-75604340,S2-463756409,S3-995796854,S3-768772995,S2-784442772,S2-440948455,S2-634571997,S2-884102769,S3-340374288,S3-577972146,S3-468731115,S3-573605691,S3-526709055,S3-937140604,S2-742077842,S2-158121477,S2-767997013,S2-592412285,S2-560710588,S2-933865098,S2-933724724,S2-726058757,S3-483958914,S2-578788567,S2-654270940,S3-323904182,S2-913930320,S3-250324284,S3-219041197,S3-1062100,S3-521783865,S3-92755938,S3-98186645,S2-262646344,S2-485885002,S2-956479781,S2-578484139,S3-218566871,S3-18976400
S1-106407869	S3-768772995,S2-578484139,S3-416247723,S2-84473557,S2-559669701,S2-400190057,S3-380741339,S2-378846408,S2-823489243,S3-22088661,S3-521783865,S2-449438476,S2-729157829,S3-573605691,S2-89663826,S2-119647643,S3-184174096,S3-995796854,S3-797337828,S2-193013091,S3-289567021,S3-610536355,S3-367901084,S3-468731115,S2-37424835,S3-937140604,S2-583840796,S3-265204232,S2-634571997,S3-221443476,S2-744098365,S2-726058757,S2-784442772,S3-652287374,S2-268861424,S3-150632472,S3-374810425,S3-389830698,S2-809665812,S3-185659081,S2-375151053,S2-222871632,S3-75604340,S3-760959067,S3-227725397,S2-340420883,S3-668629842,S2-412565852,S2-884102769,S3-469272577,S2-495604525,S2-476476786,S2-258890831,S2-440948455,S2-576201028,S2-715460557,S3-577972146,S3-340374288,S3-170975522,S3-173398261,S2-933865098,S2-560710588,S2-638268338,S2-17102176,S3-797381132,S2-600460285,S2-210791875,S3-464265492,S2-485885002,S2-501534718,S3-10300249,S3-604980231,S2-917258438,S2-550697952,S2-938316135,S2-166809876,S3-98186645,S3-361863410,S3-961421742,S3-162993152,S3-895598264,S3-191842349
S1-156285671	S3-200532536,S2-933724724,S3-22321512,S2-566025912,S2-800542765,S3-543902884,S2-878037834,S2-112287031,S3-934627663,S2-770341988,S3-556228627,S2-160823657,S3-715117209,S3-64079929,S3-92755938,S2-108012128,S3-835032939,S3-369430171,S2-416136682,S3-227725397,S2-119647643,S2-440948455,S3-797337828,S2-476476786,S2-340420883,S2-222871632,S3-340374288,S2-729157829,S3-289567021,S3-185659081,S2-37424835,S3-469272577,S2-375151053,S2-89663826,S3-760959067,S2-809665812,S3-150632472,S3-374810425,S3-668629842,S3-22088661,S2-495604525,S2-884102769,S2-559669701,S3-221443476,S3-184174096,S2-715460557,S2-583840796,S2-744098365,S2-378851466,S3-521783865,S2-550697952,S2-594115095,S3-75604340,S3-416247723,S2-434748052,S2-934716922,S3-380741339,S3-86143878,S3-573605691,S3-468731115,S3-971111671,S2-575142052,S3-198586129,S2-262646344,S3-305215419,S2-647447093,S2-158121477,S2-459485143,S2-170244057,S3-712130770,S3-643284918,S3-203608044,S3-1062100,S2-742018880,S2-999853272,S3-218566871,S2-305637735,S3-162993152,S3-961421742,S3-159233685,S2-913930320,S2-779040268,S2-560710588,S2-412565852,S2-767997013,S3-825495383,S3-191842349,S3-464265492,S3-577972146,S3-367901084,S3-73958887,S3-580736465,S3-18976400,S2-578484139,S2-875724478,S2-654270940,S2-592412285,S2-317480348,S2-742077842
S1-689823050	S3-577972146,S3-662721327,S2-785042722,S2-223826524,S3-170975522,S2-434748052,S2-210791875,S2-767997013,S3-960416326,S3-227725397,S3-895598264,S2-784442772,S3-288440193,S3-688194826,S3-482581656,S3-526709055,S2-440948455,S3-483958914,S2-77137709,S2-592412285,S2-550697952,S2-594115095,S2-910351373,S2-576201028,S2-658886344,S3-825495383,S2-634571997,S2-715460557,S2-530685908,S2-744098365,S3-536202929,S2-638268338,S3-556228627,S2-583840796,S3-22321512,S2-647447093,S3-760959067,S2-809665812,S2-416136682,S3-715117209,S3-92755938,S2-400190057,S2-934716922,S2-566025912,S3-768772995,S3-218566871,S3-468731115,S2-770341988,S3-543902884,S3-98186645,S3-797381132,S2-495604525,S3-86143878,S2-340420883,S2-119647643,S3-185659081,S3-305215419,S3-610536355,S3-276427681,S3-74786614,S3-191842349,S3-323904182,S2-591078525,S2-292567038,S3-464265492,S2-317480348,S3-604980231,S2-501534718,S2-787861634,S2-485885002,S2-192345572,S3-250324284,S3-115653125,S2-956479781,S3-462677478,S3-264170444,S3-158901285,S2-742077842,S3-695502221,S2-913930320,S3-580736465,S3-819001322,S2-304177076,S3-289697426,S2-905827553,S3-853414998,S3-162993152,S3-173398261,S3-811459169,S2-654270940,S2-779040268,S2-495461061,S2-786671109,S2-999853272,S3-361863410,S3-125349995,S2-875724478,S2-537184954,S2-4583532,S2-357438552
S1-921369899	S3-22321512,S2-647447093,S3-971111671,S3-305215419,S2-575142052,S3-198586129,S2-566025912,S2-112287031,S2-262646344,S3-556228627,S3-203608044,S2-158121477,S2-170244057,S2-800542765,S2-770341988,S2-878037834,S2-742018880,S3-712130770,S3-92755938,S3-543902884,S2-784442772,S3-715117209,S3-835032939,S3-276427681,S2-550697952,S2-767997013,S3-960416326,S2-786671109,S3-577972146,S2-592412285,S2-583840796,S2-530685908,S2-305637735,S3-526709055,S3-662721327,S2-223826524,S3-98186645,S3-797381132,S3-536202929,S2-594115095,S2-785042722,S2-258890831,S3-482581656,S3-218566871,S3-695502221,S3-819001322,S2-934716922,S2-192345572,S2-933865098,S2-638268338,S3-389830698,S2-576201028,S2-210791875,S3-288440193,S2-77137709,S3-652287374,S3-219844340,S3-436480804,S3-125349995,S3-895598264,S3-200532536,S3-643284918,S3-64079929,S2-933724724,S3-934627663,S2-459485143,S3-369430171,S2-654270940,S2-108012128,S3-825495383,S2-913930320,S3-227725397,S3-162993152,S2-501534718,S3-127741306,S3-464265492,S2-160823657,S2-537184954,S2-485885002,S2-416136682,S3-877919199,S3-191842349,S3-961421742,S2-875724478,S3-323904182,S3-115653125,S2-999853272,S3-604980231,S3-170975522,S2-166809876,S2-119647643,S2-910351373
S1-481669221	S2-785042722,S3-960416326,S3-125349995,S3-825495383,S3-288440193,S3-536202929,S2-485885002,S3-895598264,S3-170975522,S2-357438552,S3-577972146,S2-501534718,S2-600460285,S3-159233685,S2-875724478,S2-223826524,S3-610536355,S2-578788567,S3-162993152,S2-891600450,S2-787861634,S3-250324284,S3-173398261,S3-695502221,S3-276427681,S2-77137709,S2-634571997,S2-784442772,S2-229677112,S3-218566871,S3-662721327,S3-819001322,S3-219844340,S2-530685908,S3-688194826,S3-158901285,S2-592412285,S3-464265492,S3-18976400,S3-98186645,S2-742018880,S2-767997013,S2-210791875,S2-638268338,S2-262646344,S3-961421742,S2-786671109,S2-647447093,S3-768772995,S2-4583532,S2-701289183,S2-938316135,S2-594115095,S2-412565852,S2-933865098,S3-305215419,S3-483958914,S2-258890831,S3-482581656,S3-526709055,S2-537184954,S2-905827553,S3-250853646,S2-934716922,S3-560657213,S3-219041197,S3-264170444,S3-611681699,S3-462677478,S3-811459169,S2-304177076,S2-317480348,S3-436480804,S3-604980231,S2-292567038,S2-434748052,S3-289697426,S2-562037907,S3-867263634,S3-227725397,S2-550697952,S2-654270940,S3-517069981,S3-580736465,S2-495461061,S2-913930320,S3-374810425,S2-999853272,S2-910351373,S2-956479781,S2-742077842
S1-909865979	S2-340420883,S3-469272577,S2-823489243,S2-378846408,S3-937140604,S2-933865098,S2-193013091,S3-389830698,S2-258890831,S2-416136682,S3-367901084,S3-521783865,S3-184174096,S2-400190057,S3-185659081,S2-559669701,S3-75604340,S2-592412285,S2-412565852,S3-289567021,S2-37424835,S3-652287374,S3-340374288,S3-482581656,S3-995796854,S3-573605691,S3-797381132,S3-150632472,S2-809665812,S2-583840796,S2-884102769,S2-744098365,S2-715460557,S3-760959067,S3-380741339,S2-476476786,S2-119647643,S3-668629842,S3-768772995,S2-375151053,S3-221443476,S3-22088661,S2-89663826,S3-227725397,S2-784442772,S2-550697952,S2-726058757,S2-934716922,S2-578484139,S3-416247723,S3-577972146,S2-449438476,S2-594115095,S2-878037834,S2-440948455,S3-715117209,S3-265204232,S3-835032939,S3-276427681,S3-526709055,S2-481572644,S2-495604525,S2-463756409,S2-767997013,S3-73958887,S2-378851466,S2-504393659,S2-485885002,S2-84473557,S2-560710588,S3-662721327,S3-170975522,S2-268861424,S3-517069981,S2-537184954,S2-917258438,S2-223826524,S2-578788567,S2-192345572,S3-610536355,S2-956479781,S2-729157829,S3-819001322,S2-658886344,S3-125349995,S3-162993152,S3-18976400,S3-158901285,S3-92755938,S3-877919199,S3-361863410,S3-250324284
S1-280204013	S2-600460285,S3-895598264,S2-785042722,S2-530685908,S3-536202929,S3-825495383,S3-877919199,S3-688194826,S2-875724478,S2-550697952,S3-464265492,S3-610536355,S3-288440193,S3-158901285,S2-784442772,S3-577972146,S2-956479781,S2-501534718,S3-227725397,S2-210791875,S3-652287374,S2-891600450,S2-223826524,S2-592412285,S2-594115095,S3-768772995,S3-971111671,S2-262646344,S2-158121477,S3-305215419,S2-647447093,S2-566025912,S2-658886344,S3-483958914,S2-938316135,S3-662721327,S3-482581656,S3-22321512,S2-416136682,S3-218566871,S2-715460557,S2-440948455,S3-369430171,S2-119647643,S3-18976400,S2-258890831,S3-556228627,S2-495604525,S3-170975522,S3-819001322,S3-543902884,S2-701289183,S3-92755938,S2-638268338,S3-517069981,S3-526709055,S2-742018880,S2-575142052,S3-74786614,S2-770341988,S3-389830698,S2-913930320,S3-580736465,S2-485885002,S3-560657213,S2-905827553,S3-115653125,S2-304177076,S2-537184954,S3-604980231,S3-289697426,S2-786671109,S2-229677112,S3-436480804,S2-910351373,S3-219041197,S2-292567038,S2-317480348,S3-191842349,S3-811459169,S2-495461061,S2-357438552,S3-611681699,S2-578788567,S2-77137709,S2-787861634,S3-159233685,S2-591078525,S3-125349995,S2-434748052,S2-576201028,S3-250853646,S3-695502221,S3-960416326,S3-264170444,S3-10300249,S2-192345572,S3-361863410,S2-742077842,S2-767997013
S1-742053041	S2-537184954,S2-875724478,S2-785042722,S2-485885002,S2-913930320,S2-530685908,S3-895598264,S3-577972146,S3-853414998,S2-786671109,S2-999853272,S3-526709055,S3-825495383,S2-192345572,S3-18976400,S3-688194826,S3-250324284,S2-501534718,S2-578788567,S3-536202929,S3-158901285,S3-695502221,S2-223826524,S3-288440193,S2-434748052,S2-658886344,S2-77137709,S2-550697952,S2-767997013,S3-98186645,S3-74786614,S3-219844340,S3-464265492,S3-218566871,S2-592412285,S3-482581656,S3-436480804,S3-662721327,S3-971111671,S3-819001322,S3-305215419,S3-797381132,S2-262646344,S3-198586129,S2-575142052,S2-594115095,S3-276427681,S2-305637735,S2-170244057,S2-459485143,S2-158121477,S2-210791875,S2-910351373,S3-652287374,S3-203608044,S3-1062100,S3-125349995,S2-583840796,S2-4583532,S2-770341988,S3-877919199,S2-742077842,S2-292567038,S3-867263634,S3-127741306,S2-956479781,S2-304177076,S3-264170444,S3-170975522,S3-115653125,S3-162993152,S3-462677478,S2-905827553,S3-580736465,S3-86143878,S3-191842349,S3-517069981,S3-961421742,S3-227725397,S3-184785497,S3-289697426,S3-811459169,S3-219041197,S2-317480348,S2-654270940,S2-495461061,S2-440948455,S2-591078525,S2-166809876,S2-784442772,S2-600460285
S1-913506265	S3-305215419,S2-575142052,S2-800542765,S2-158121477,S3-712130770,S3-556228627,S3-543902884,S2-112287031,S2-170244057,S2-262646344,S3-715117209,S2-566025912,S3-198586129,S3-22321512,S3-971111671,S2-770341988,S2-647447093,S3-203608044,S2-878037834,S2-160823657,S2-459485143,S3-835032939,S3-64079929,S3-200532536,S3-577972146,S2-305637735,S2-108012128,S2-742018880,S3-536202929,S3-1062100,S3-389830698,S2-933724724,S2-785042722,S2-223826524,S3-92755938,S2-550697952,S2-592412285,S2-594115095,S2-583840796,S3-482581656,S2-715460557,S2-416136682,S3-526709055,S2-559669701,S2-258890831,S2-744098365,S2-476476786,S3-797381132,S2-440948455,S3-221443476,S2-638268338,S3-416247723,S3-668629842,S3-276427681,S3-760959067,S3-662721327,S3-288440193,S3-652287374,S3-98186645,S3-768772995,S3-934627663,S3-643284918,S3-369430171,S3-580736465,S3-159233685,S3-125349995,S3-170975522,S2-77137709,S2-229677112,S3-191842349,S3-250324284,S2-913930320,S3-464265492,S2-779040268,S3-264170444,S3-73958887,S2-891600450,S2-767997013,S2-600460285,S3-560657213,S3-227725397,S2-910351373,S2-119647643,S2-495604525,S2-742077842,S2-654270940
S1-479574617	S3-960416326,S2-600460285,S3-688194826,S3-895598264,S2-434748052,S2-576201028,S2-550697952,S3-825495383,S2-786671109,S2-875724478,S3-536202929,S2-77137709,S3-276427681,S3-436480804,S2-530685908,S2-910351373,S3-170975522,S3-464265492,S3-288440193,S3-219844340,S3-483958914,S3-173398261,S2-578788567,S3-577972146,S3-961421742,S3-482581656,S2-913930320,S2-785042722,S3-18976400,S2-767997013,S2-784442772,S3-158901285,S2-501534718,S2-787861634,S3-819001322,S3-662721327,S3-98186645,S3-526709055,S3-218566871,S3-695502221,S3-797381132,S3-652287374,S2-210791875,S2-592412285,S3-125349995,S2-223826524,S3-127741306,S2-193013091,S2-258890831,S2-634571997,S3-389830698,S2-578484139,S3-610536355,S2-412565852,S2-378846408,S2-742018880,S2-357438552,S2-4583532,S2-170244057,S2-933865098,S2-537184954,S2-317480348,S2-292567038,S2-485885002,S2-304177076,S3-877919199,S3-219041197,S3-560657213,S2-905827553,S3-250853646,S2-591078525,S3-227725397,S3-604980231,S3-374810425,S2-495461061,S3-115653125,S3-10300249,S3-811459169,S2-229677112,S3-361863410,S3-289697426,S2-956479781,S2-440948455,S2-658886344,S2-192345572,S2-742077842
S1-680637447	S2-785042722,S2-223826524,S2-784442772,S2-875724478,S3-125349995,S3-825495383,S3-536202929,S2-578788567,S2-357438552,S3-695502221,S3-610536355,S2-787861634,S3-250324284,S3-662721327,S2-530685908,S3-159233685,S2-600460285,S3-170975522,S3-276427681,S3-218566871,S3-464265492,S2-592412285,S3-960416326,S3-819001322,S2-229677112,S2-767997013,S3-18976400,S2-956479781,S2-501534718,S2-786671109,S3-288440193,S3-577972146,S2-891600450,S3-173398261,S3-483958914,S3-162993152,S3-768772995,S3-895598264,S3-389830698,S2-463756409,S2-412565852,S3-688194826,S3-482581656,S2-917258438,S3-98186645,S2-258890831,S2-933865098,S2-701289183,S3-158901285,S2-84473557,S3-219844340,S2-938316135,S2-193013091,S2-262646344,S3-961421742,S2-638268338,S3-367901084,S2-495604525,S2-594115095,S2-210791875,S3-462677478,S2-537184954,S2-485885002,S2-905827553,S3-374810425,S3-811459169,S3-219041197,S3-227725397,S2-495461061,S3-853414998,S2-304177076,S2-317480348,S3-580736465,S2-999853272,S3-127741306,S2-166809876,S2-292567038,S3-115653125,S3-526709055,S3-250853646,S3-264170444,S3-611681699,S2-913930320,S2-550697952,S3-436480804,S2-742077842,S3-73958887,S2-591078525,S2-192345572,S2-576201028
S1-870190130	S2-785042722,S3-170975522,S2-192345572,S3-18976400,S2-550697952,S3-218566871,S3-227725397,S2-784442772,S2-530685908,S3-288440193,S3-536202929,S3-895598264,S3-577972146,S2-223826524,S2-594115095,S2-592412285,S3-305215419,S3-971111671,S2-258890831,S2-638268338,S3-797381132,S3-543902884,S2-715460557,S2-158121477,S2-262646344,S2-416136682,S3-22321512,S3-662721327,S3-768772995,S2-878037834,S2-583840796,S2-400190057,S2-647447093,S3-98186645,S3-556228627,S2-933865098,S2-701289183,S2-938316135,S2-119647643,S3-276427681,S3-482581656,S2-891600450,S2-744098365,S3-760959067,S3-389830698,S2-170244057,S3-819001322,S2-742018880,S2-210791875,S3-219844340,S2-809665812,S2-501534718,S3-526709055,S2-495604525,S3-74786614,S3-517069981,S3-185659081,S3-688194826,S3-668629842,S3-715117209,S2-537184954,S2-485885002,S2-292567038,S3-289697426,S3-86143878,S3-264170444,S3-361863410,S2-905827553,S2-999853272,S3-695502221,S2-440948455,S2-317480348,S3-604980231,S2-913930320,S3-580736465,S2-434748052,S3-115653125,S3-867263634,S2-304177076,S2-495461061,S2-591078525,S2-578788567,S3-462677478,S2-658886344,S2-875724478,S3-184785497,S2-787861634,S3-853414998,S2-956479781,S3-127741306,S3-10300249,S2-166809876,S3-219041197,S2-77137709,S3-610536355,S3-250853646,S3-717745791,S3-173398261,S2-654270940,S3-464265492
S1-365170694	S3-288440193,S2-910351373,S3-895598264,S3-536202929,S3-610536355,S3-276427681,S3-526709055,S2-600460285,S2-434748052,S2-784442772,S2-530685908,S2-742077842,S2-77137709,S3-960416326,S2-634571997,S3-695502221,S2-785042722,S2-550697952,S2-592412285,S2-578788567,S2-767997013,S2-578484139,S2-934716922,S2-210791875,S3-577972146,S3-652287374,S2-779040268,S3-170975522,S2-576201028,S2-583840796,S3-797381132,S3-662721327,S3-367901084,S2-378846408,S2-193013091,S3-221443476,S2-809665812,S3-482581656,S2-400190057,S3-173398261,S3-760959067,S3-819001322,S3-98186645,S2-744098365,S2-412565852,S2-715460557,S3-218566871,S2-375151053,S2-258890831,S2-933865098,S3-668629842,S3-125349995,S3-150632472,S2-223826524,S3-265204232,S3-768772995,S3-389830698,S3-416247723,S3-92755938,S3-483958914,S3-219041197,S3-867263634,S3-374810425,S2-292567038,S2-485885002,S3-289697426,S2-913930320,S3-10300249,S3-227725397,S2-537184954,S2-317480348,S3-250853646,S3-604980231,S2-875724478,S2-501534718,S3-462677478,S3-611681699,S3-264170444,S3-580736465,S3-436480804,S2-440948455,S2-357438552,S3-127741306,S2-905827553,S2-229677112,S2-786671109,S3-877919199,S3-323904182,S3-811459169,S3-464265492,S2-304177076,S2-787861634,S3-86143878,S3-18976400,S3-159233685,S2-495461061,S3-361863410,S2-999853272,S2-591078525,S2-654270940
S1-778640743	S2-193013091,S3-536202929,S3-468731115,S2-434748052,S3-389830698,S3-289567021,S2-449438476,S2-84473557,S3-577972146,S2-258890831,S3-170975522,S3-995796854,S2-726058757,S3-819001322,S2-412565852,S3-288440193,S2-583840796,S3-695502221,S3-276427681,S3-652287374,S3-380741339,S3-367901084,S2-744098365,S2-268861424,S3-265204232,S3-797381132,S2-578484139,S3-416247723,S2-559669701,S2-378846408,S3-668629842,S3-221443476,S2-210791875,S2-634571997,S2-784442772,S2-715460557,S2-809665812,S2-495604525,S3-960416326,S2-823489243,S2-638268338,S3-173398261,S2-576201028,S3-125349995,S2-933865098,S3-760959067,S3-610536355,S2-917258438,S2-767997013,S3-150632472,S2-779040268,S3-526709055,S3-482581656,S2-400190057,S2-481572644,S2-463756409,S2-170244057,S3-662721327,S3-22088661,S3-768772995,S2-119647643,S2-786671109,S2-485885002,S3-227725397,S2-560710588,S2-17102176,S2-729157829,S3-159233685,S3-219844340,S2-537184954,S2-913930320,S2-600460285,S3-264170444,S3-464265492,S2-785042722,S3-184174096,S3-75604340,S2-878037834,S2-956479781,S2-229677112,S3-877919199,S2-476476786,S2-317480348,S3-436480804,S2-800542765,S3-200532536,S2-934716922,S2-594115095,S3-185659081,S3-604980231,S2-905827553,S3-560657213,S2-292567038,S3-158901285,S2-550697952,S3-162993152,S3-825495383,S3-543902884,S2-416136682
S1-378191895	S3-170975522,S3-288440193,S3-536202929,S3-960416326,S2-779040268,S2-600460285,S2-210791875,S2-784442772,S3-227725397,S3-374810425,S2-910351373,S2-934716922,S2-767997013,S2-634571997,S3-652287374,S3-276427681,S2-785042722,S2-576201028,S3-367901084,S3-468731115,S3-150632472,S3-173398261,S2-412565852,S2-400190057,S3-610536355,S2-823489243,S3-995796854,S2-744098365,S3-573605691,S3-760959067,S2-449438476,S3-577972146,S2-378846408,S2-258890831,S2-84473557,S3-265204232,S2-193013091,S3-185659081,S2-809665812,S3-289567021,S2-375151053,S3-668629842,S2-37424835,S2-578484139,S2-119647643,S3-75604340,S2-89663826,S3-22088661,S2-481572644,S2-933865098,S3-380741339,S2-715460557,S3-159233685,S2-726058757,S3-221443476,S2-638268338,S3-768772995,S3-389830698,S3-797381132,S3-416247723,S3-323904182,S2-786671109,S3-219041197,S2-550697952,S2-485885002,S2-913930320,S3-895598264,S3-436480804,S3-877919199,S3-264170444,S3-695502221,S3-191842349,S2-292567038,S2-578788567,S2-434748052,S3-604980231,S3-867263634,S3-289697426,S2-591078525,S3-811459169,S2-956479781,S3-560657213,S3-115653125,S3-18976400,S3-125349995,S2-77137709,S2-905827553,S3-462677478,S2-317480348,S2-537184954,S2-742077842,S3-162993152,S3-464265492,S3-611681699,S2-501534718,S3-361863410,S3-580736465,S2-787861634,S2-875724478,S2-166809876
S1-684974736	S2-495604525,S2-84473557,S2-378846408,S3-185659081,S3-760959067,S2-583840796,S2-559669701,S2-729157829,S3-521783865,S2-375151053,S2-89663826,S3-573605691,S3-416247723,S2-449438476,S2-744098365,S2-476476786,S3-184174096,S3-367901084,S2-726058757,S3-610536355,S3-75604340,S2-210791875,S3-22088661,S3-995796854,S3-469272577,S3-797337828,S3-668629842,S3-380741339,S3-221443476,S3-340374288,S3-227725397,S3-652287374,S3-468731115,S2-222871632,S3-289567021,S2-340420883,S2-809665812,S2-440948455,S2-37424835,S2-160823657,S3-150632472,S2-884102769,S2-715460557,S3-715117209,S3-835032939,S3-374810425,S2-823489243,S2-800542765,S3-200532536,S2-634571997,S2-576201028,S3-64079929,S3-92755938,S2-434748052,S2-400190057,S2-566025912,S3-556228627,S2-416136682,S2-550697952,S3-543902884,S2-193013091,S2-119647643,S2-578484139,S2-268861424,S2-501534718,S2-378851466,S2-412565852,S2-638268338,S3-797381132,S3-265204232,S3-464265492,S2-917258438,S3-159233685,S2-560710588,S2-481572644,S2-17102176,S2-701289183,S2-223826524,S2-485885002,S3-389830698,S2-787861634,S2-229677112,S3-158901285,S3-819001322,S3-662721327,S3-18976400,S3-288440193
S1-750279127	S3-227725397,S3-288440193,S3-170975522,S3-895598264,S3-960416326,S3-374810425,S2-634571997,S2-784442772,S2-223826524,S2-576201028,S2-787861634,S3-577972146,S2-785042722,S2-210791875,S2-938316135,S2-566025912,S3-768772995,S2-715460557,S2-416136682,S2-592412285,S3-556228627,S2-647447093,S2-726058757,S3-610536355,S3-517069981,S3-760959067,S2-495604525,S3-536202929,S2-440948455,S2-550697952,S2-84473557,S2-258890831,S2-412565852,S2-594115095,S2-400190057,S3-543902884,S3-173398261,S2-37424835,S3-937140604,S2-476476786,S2-767997013,S2-744098365,S2-800542765,S2-119647643,S3-185659081,S2-917258438,S2-742018880,S3-367901084,S3-389830698,S3-150632472,S3-662721327,S3-995796854,S3-22321512,S3-573605691,S3-92755938,S3-305215419,S3-668629842,S3-218566871,S3-468731115,S3-715117209,S2-779040268,S3-191842349,S2-600460285,S2-292567038,S2-317480348,S3-604980231,S3-361863410,S2-434748052,S3-580736465,S3-323904182,S3-10300249,S2-77137709,S2-910351373,S3-464265492,S3-18976400,S3-611681699,S3-264170444,S2-913930320,S3-115653125,S2-304177076,S3-877919199,S2-537184954,S2-786671109,S2-742077842,S2-485885002,S2-501534718,S2-591078525,S2-905827553,S3-688194826,S3-159233685,S3-695502221,S3-867263634,S2-495461061,S2-875724478,S3-560657213,S3-526709055,S3-127741306,S3-289697426,S2-956479781,S3-825495383
S1-209281220	S3-895598264,S2-875724478,S2-434748052,S2-501534718,S3-288440193,S2-910351373,S3-276427681,S2-485885002,S3-536202929,S3-18976400,S2-785042722,S3-158901285,S3-695502221,S3-250324284,S3-960416326,S2-77137709,S2-600460285,S3-577972146,S3-127741306,S2-786671109,S3-173398261,S3-825495383,S3-170975522,S3-688194826,S3-526709055,S2-913930320,S2-578788567,S2-229677112,S3-162993152,S2-357438552,S2-784442772,S3-159233685,S2-223826524,S2-787861634,S2-999853272,S3-819001322,S2-530685908,S3-662721327,S3-218566871,S3-125349995,S3-464265492,S3-219844340,S3-961421742,S3-98186645,S2-210791875,S2-767997013,S3-436480804,S2-592412285,S2-4583532,S3-483958914,S3-482581656,S3-610536355,S2-634571997,S2-193013091,S2-412565852,S2-84473557,S2-576201028,S2-891600450,S2-578484139,S2-658886344,S2-537184954,S2-654270940,S2-304177076,S3-289697426,S2-905827553,S3-10300249,S2-317480348,S3-227725397,S2-742077842,S3-580736465,S2-956479781,S3-877919199,S3-652287374,S2-292567038,S3-611681699,S3-219041197,S3-115653125,S3-323904182,S3-604980231,S3-264170444,S2-550697952,S2-166809876,S2-495461061,S2-919241341,S2-729157829
S1-550154910	S3-536202929,S3-125349995,S2-600460285,S3-288440193,S3-895598264,S2-578788567,S3-127741306,S2-785042722,S3-688194826,S3-610536355,S3-464265492,S2-357438552,S3-159233685,S3-158901285,S2-634571997,S2-530685908,S3-577972146,S2-229677112,S2-501534718,S2-210791875,S3-18976400,S2-784442772,S2-875724478,S2-223826524,S3-276427681,S2-77137709,S2-787861634,S3-960416326,S3-819001322,S3-662721327,S3-173398261,S3-218566871,S3-695502221,S3-170975522,S2-767997013,S3-389830698,S3-483958914,S3-98186645,S3-961421742,S2-258890831,S3-162993152,S3-482581656,S3-219844340,S3-250324284,S2-193013091,S2-84473557,S2-412565852,S3-797381132,S2-495604525,S3-367901084,S2-917258438,S2-463756409,S2-4583532,S2-268861424,S2-378846408,S2-592412285,S2-647447093,S2-938316135,S2-701289183,S2-578484139,S2-485885002,S3-219041197,S2-786671109,S2-292567038,S2-956479781,S3-462677478,S3-374810425,S3-867263634,S2-905827553,S3-604980231,S3-436480804,S3-289697426,S2-304177076,S3-264170444,S3-227725397,S3-580736465,S2-910351373,S2-537184954,S3-877919199,S2-913930320,S2-440948455,S2-742077842,S2-192345572,S3-10300249,S3-560657213,S3-811459169,S3-652287374,S2-317480348,S3-323904182,S3-250853646,S2-495461061,S2-434748052,S2-166809876
S1-897975128	S3-464265492,S3-662721327,S2-785042722,S2-530685908,S2-485885002,S3-526709055,S3-18976400,S2-192345572,S3-825495383,S3-482581656,S3-218566871,S2-550697952,S3-158901285,S3-577972146,S3-960416326,S3-127741306,S2-784442772,S2-223826524,S2-440948455,S2-501534718,S2-913930320,S2-592412285,S2-594115095,S3-98186645,S3-819001322,S3-536202929,S3-305215419,S2-647447093,S2-210791875,S3-288440193,S3-971111671,S2-158121477,S3-797381132,S3-219844340,S2-77137709,S2-262646344,S3-695502221,S2-258890831,S3-170975522,S2-638268338,S2-305637735,S3-276427681,S3-543902884,S2-575142052,S2-170244057,S2-715460557,S3-389830698,S3-125349995,S3-688194826,S3-556228627,S2-566025912,S2-742018880,S2-576201028,S3-22321512,S2-767997013,S2-583840796,S3-895598264,S2-938316135,S2-933865098,S3-768772995,S2-905827553,S2-292567038,S2-304177076,S2-956479781,S3-462677478,S3-289697426,S3-227725397,S3-159233685,S2-229677112,S2-495461061,S3-717745791,S3-310059196,S3-250853646,S3-580736465,S2-875724478,S2-562037907,S3-191842349,S3-867263634,S3-264170444,S3-811459169,S2-537184954,S2-999853272,S3-604980231,S3-219041197,S3-10300249,S3-853414998,S3-652287374,S2-742077842,S3-436480804,S3-184785497,S2-357438552,S2-787861634,S2-317480348,S2-578788567,S2-786671109,S2-434748052,S2-4583532,S2-634571997,S2-600460285
S1-704604312	S2-784442772,S2-634571997,S3-536202929,S3-577972146,S3-170975522,S3-288440193,S2-779040268,S3-895598264,S2-210791875,S2-785042722,S3-695502221,S3-652287374,S3-662721327,S3-960416326,S3-276427681,S3-227725397,S2-576201028,S2-550697952,S2-910351373,S2-223826524,S2-934716922,S2-400190057,S3-760959067,S2-258890831,S2-583840796,S2-767997013,S2-592412285,S2-809665812,S3-610536355,S2-933865098,S2-744098365,S3-797381132,S2-412565852,S3-265204232,S2-119647643,S3-526709055,S2-378846408,S2-715460557,S3-367901084,S2-594115095,S3-768772995,S3-668629842,S3-221443476,S3-573605691,S2-638268338,S2-375151053,S2-647447093,S3-819001322,S3-185659081,S3-389830698,S2-193013091,S2-530685908,S2-578484139,S2-823489243,S3-380741339,S3-468731115,S3-98186645,S3-150632472,S3-173398261,S3-482581656,S2-742077842,S2-317480348,S3-10300249,S3-323904182,S2-578788567,S3-374810425,S2-485885002,S3-867263634,S2-600460285,S2-77137709,S2-875724478,S3-250324284,S3-961421742,S3-580736465,S3-219041197,S2-229677112,S3-604980231,S2-501534718,S2-905827553,S2-434748052,S2-913930320,S3-877919199,S3-191842349,S3-264170444,S2-537184954,S2-292567038,S3-289697426,S3-483958914,S3-115653125,S2-591078525,S3-127741306,S2-956479781,S2-786671109,S3-159233685,S3-125349995,S3-18976400,S2-787861634,S2-891600450,S2-304177076,S2-357438552
S1-628750886	S3-556228627,S3-543902884,S2-566025912,S2-800542765,S3-712130770,S2-158121477,S2-647447093,S2-170244057,S3-305215419,S2-112287031,S3-715117209,S2-262646344,S3-971111671,S3-64079929,S3-22321512,S3-198586129,S2-459485143,S2-770341988,S3-92755938,S2-878037834,S3-200532536,S2-160823657,S2-933724724,S2-575142052,S3-1062100,S3-203608044,S3-227725397,S2-108012128,S3-289567021,S3-536202929,S3-577972146,S3-835032939,S2-550697952,S2-583840796,S2-416136682,S2-476476786,S2-715460557,S2-559669701,S2-440948455,S2-594115095,S2-592412285,S2-809665812,S3-668629842,S2-744098365,S3-221443476,S3-482581656,S2-726058757,S3-340374288,S3-760959067,S3-380741339,S2-884102769,S3-416247723,S3-526709055,S2-495604525,S2-340420883,S2-375151053,S3-652287374,S3-185659081,S3-469272577,S3-389830698,S2-742018880,S3-934627663,S3-643284918,S3-250324284,S3-580736465,S3-73958887,S2-229677112,S3-191842349,S2-785042722,S3-464265492,S3-825495383,S2-767997013,S3-604980231,S2-913930320,S2-305637735,S3-819001322,S3-115653125,S3-218566871,S3-960416326,S2-600460285,S2-449438476,S2-317480348,S2-742077842,S2-779040268,S2-37424835,S2-292567038,S2-638268338,S2-77137709,S2-787861634
S1-714038427	S3-185659081,S3-521783865,S3-469272577,S2-495604525,S3-265204232,S2-210791875,S2-193013091,S2-84473557,S2-375151053,S2-744098365,S2-559669701,S3-380741339,S2-119647643,S2-729157829,S3-760959067,S2-222871632,S3-573605691,S2-476476786,S3-184174096,S2-583840796,S3-227725397,S3-367901084,S2-378846408,S3-652287374,S3-797381132,S2-809665812,S2-440948455,S2-340420883,S3-340374288,S3-289567021,S3-668629842,S2-715460557,S3-22088661,S3-221443476,S3-416247723,S2-884102769,S2-400190057,S2-823489243,S3-150632472,S2-89663826,S3-75604340,S3-835032939,S3-995796854,S2-37424835,S3-797337828,S2-160823657,S2-434748052,S2-594115095,S2-550697952,S2-634571997,S2-268861424,S3-526709055,S3-610536355,S3-200532536,S2-449438476,S2-170244057,S3-768772995,S3-92755938,S3-715117209,S3-64079929,S2-223826524,S2-485885002,S2-787861634,S2-956479781,S2-786671109,S2-292567038,S3-159233685,S3-662721327,S3-10300249,S2-578484139,S3-611681699,S2-742077842,S3-536202929,S2-784442772,S3-389830698,S3-170975522,S2-229677112,S2-258890831,S3-288440193,S2-591078525,S3-695502221,S3-604980231,S3-18976400,S2-412565852,S2-560710588,S2-913930320,S3-191842349,S3-464265492,S3-98186645,S2-504393659,S2-501534718,S3-115653125,S3-219844340,S3-436480804,S3-127741306
S1-426194890	S3-367901084,S2-578484139,S3-521783865,S3-380741339,S3-995796854,S2-449438476,S3-768772995,S2-37424835,S3-185659081,S2-729157829,S2-119647643,S2-193013091,S3-573605691,S2-89663826,S2-378846408,S2-375151053,S3-668629842,S2-412565852,S3-265204232,S2-715460557,S2-726058757,S2-583840796,S2-84473557,S3-184174096,S3-577972146,S3-468731115,S3-221443476,S3-652287374,S3-760959067,S3-389830698,S3-22088661,S2-933865098,S3-937140604,S3-289567021,S2-550697952,S2-416136682,S2-823489243,S2-400190057,S2-258890831,S2-809665812,S2-744098365,S3-75604340,S2-784442772,S2-884102769,S3-150632472,S3-227725397,S2-576201028,S2-638268338,S2-779040268,S2-934716922,S3-797381132,S3-469272577,S2-481572644,S2-917258438,S3-416247723,S3-610536355,S3-276427681,S3-170975522,S3-340374288,S3-374810425,S2-560710588,S3-464265492,S2-229677112,S2-956479781,S2-222871632,S2-434748052,S2-559669701,S2-77137709,S3-191842349,S3-825495383,S3-604980231,S2-210791875,S3-159233685,S2-268861424,S3-125349995,S3-98186645,S2-463756409,S2-504393659,S3-10300249,S3-695502221,S2-17102176,S3-961421742,S3-895598264,S2-786671109
S1-122385784	S3-185659081,S2-884102769,S2-412565852,S2-258890831,S2-375151053,S3-760959067,S2-809665812,S3-367901084,S2-84473557,S2-119647643,S3-380741339,S2-744098365,S2-210791875,S3-668629842,S3-573605691,S2-340420883,S2-583840796,S2-449438476,S2-495604525,S3-526709055,S2-193013091,S2-37424835,S2-550697952,S3-227725397,S3-521783865,S3-221443476,S3-184174096,S2-729157829,S2-400190057,S3-340374288,S3-469272577,S2-476476786,S2-715460557,S3-22088661,S2-222871632,S2-440948455,S3-289567021,S2-823489243,S2-89663826,S3-75604340,S3-995796854,S2-559669701,S2-594115095,S2-784442772,S3-416247723,S3-265204232,S3-150632472,S2-638268338,S3-797337828,S3-797381132,S2-378846408,S2-934716922,S3-768772995,S3-652287374,S3-610536355,S3-835032939,S3-468731115,S3-92755938,S3-22321512,S3-715117209,S2-434748052,S2-956479781,S3-819001322,S2-485885002,S3-159233685,S2-875724478,S2-292567038,S2-463756409,S3-960416326,S2-913930320,S2-786671109,S3-695502221,S2-560710588,S2-229677112,S2-537184954,S3-389830698,S2-17102176,S3-604980231,S3-811459169,S3-436480804,S3-173398261,S2-578484139,S3-825495383,S3-170975522,S2-578788567,S3-162993152,S3-125349995,S3-98186645,S3-250324284,S3-961421742,S3-323904182,S3-895598264,S3-937140604
S1-540642140	S2-744098365,S2-193013091,S2-119647643,S3-380741339,S2-823489243,S2-84473557,S3-389830698,S3-937140604,S2-258890831,S3-150632472,S2-559669701,S2-416136682,S2-375151053,S2-400190057,S3-227725397,S2-938316135,S2-560710588,S2-495604525,S3-185659081,S2-378846408,S2-726058757,S3-768772995,S2-638268338,S3-22088661,S3-367901084,S3-797337828,S3-75604340,S3-577972146,S3-610536355,S2-809665812,S2-715460557,S2-89663826,S2-476476786,S3-289567021,S2-37424835,S2-884102769,S2-340420883,S2-583840796,S3-760959067,S3-995796854,S2-647447093,S3-668629842,S2-550697952,S2-449438476,S2-933865098,S2-412565852,S2-160823657,S3-374810425,S3-715117209,S3-556228627,S3-416247723,S3-221443476,S3-543902884,S3-469272577,S3-573605691,S3-340374288,S3-22321512,S3-92755938,S3-652287374,S3-276427681,S2-504393659,S2-701289183,S2-434748052,S2-786671109,S2-223826524,S3-536202929,S2-956479781,S2-268861424,S2-222871632,S3-521783865,S2-654270940,S2-537184954,S2-192345572,S2-485885002,S3-184174096,S3-265204232,S3-877919199,S2-767997013,S3-159233685,S2-905827553,S3-10300249,S3-125349995,S3-264170444,S3-288440193,S3-662721327,S3-219041197,S3-961421742,S3-517069981,S3-170975522,S3-464265492,S3-250324284
S1-123475953	S2-787861634,S3-288440193,S2-956479781,S3-127741306,S2-223826524,S3-170975522,S3-536202929,S2-634571997,S2-785042722,S3-159233685,S3-662721327,S2-357438552,S3-125349995,S3-374810425,S2-600460285,S3-464265492,S3-825495383,S3-158901285,S2-875724478,S3-173398261,S3-610536355,S3-517069981,S2-530685908,S3-604980231,S2-501534718,S2-210791875,S3-688194826,S2-592412285,S3-162993152,S2-891600450,S2-938316135,S2-784442772,S3-960416326,S2-84473557,S3-961421742,S3-895598264,S2-504393659,S2-701289183,S3-218566871,S2-560710588,S3-819001322,S2-412565852,S2-495604525,S2-917258438,S2-638268338,S3-468731115,S3-323904182,S2-742018880,S3-560657213,S2-229677112,S3-768772995,S2-726058757,S3-250324284,S3-937140604,S3-483958914,S2-744098365,S2-566025912,S2-647447093,S2-481572644,S3-577972146,S2-292567038,S3-580736465,S2-905827553,S3-227725397,S2-591078525,S3-877919199,S2-786671109,S2-910351373,S2-495461061,S3-611681699,S2-537184954,S2-485885002,S3-811459169,S3-264170444,S2-578788567,S3-289697426,S2-317480348,S2-779040268,S3-18976400,S3-867263634,S3-250853646,S2-77137709,S2-4583532,S3-652287374,S2-434748052,S3-219041197,S3-462677478,S2-576201028,S3-10300249,S2-999853272,S2-562037907,S2-742077842
S1-444801830	S2-785042722,S3-610536355,S3-288440193,S3-895598264,S3-536202929,S2-910351373,S3-662721327,S2-223826524,S3-483958914,S2-600460285,S3-159233685,S3-577972146,S3-173398261,S3-652287374,S2-742077842,S2-784442772,S3-125349995,S3-227725397,S2-634571997,S2-210791875,S2-767997013,S2-412565852,S3-768772995,S3-170975522,S2-400190057,S2-119647643,S2-550697952,S2-193013091,S2-576201028,S2-378846408,S3-367901084,S2-744098365,S3-468731115,S3-760959067,S2-933865098,S2-638268338,S2-258890831,S3-150632472,S3-937140604,S2-647447093,S2-779040268,S2-742018880,S2-583840796,S2-715460557,S3-185659081,S2-566025912,S2-823489243,S2-809665812,S3-960416326,S2-416136682,S2-726058757,S3-276427681,S3-517069981,S3-995796854,S3-389830698,S3-573605691,S3-695502221,S3-526709055,S3-265204232,S3-819001322,S3-464265492,S3-219041197,S2-229677112,S2-485885002,S3-825495383,S2-317480348,S3-264170444,S2-875724478,S2-537184954,S2-787861634,S2-786671109,S3-18976400,S3-580736465,S3-867263634,S2-913930320,S2-578788567,S3-436480804,S3-250324284,S3-191842349,S3-289697426,S2-434748052,S2-77137709,S2-304177076,S3-10300249,S3-853414998,S3-323904182,S3-961421742,S2-905827553,S3-158901285,S3-98186645,S2-292567038,S2-357438552,S2-501534718,S3-218566871,S2-591078525,S2-956479781,S2-495461061,S2-654270940,S2-530685908
S1-502376041	S2-786671109,S3-323904182,S2-913930320,S3-577972146,S3-276427681,S2-485885002,S3-536202929,S3-125349995,S3-127741306,S3-288440193,S2-77137709,S2-910351373,S3-695502221,S3-688194826,S3-580736465,S3-436480804,S3-825495383,S2-784442772,S2-785042722,S3-18976400,S3-526709055,S2-210791875,S2-192345572,S3-250324284,S3-170975522,S3-895598264,S2-223826524,S3-173398261,S2-501534718,S2-600460285,S2-578788567,S2-357438552,S3-98186645,S2-530685908,S3-819001322,S3-218566871,S3-662721327,S3-219844340,S3-158901285,S3-961421742,S3-797381132,S2-767997013,S2-4583532,S3-464265492,S3-960416326,S2-592412285,S2-933865098,S2-787861634,S2-875724478,S2-578484139,S2-638268338,S2-742018880,S3-482581656,S2-779040268,S2-412565852,S2-576201028,S3-159233685,S2-258890831,S2-193013091,S2-305637735,S2-292567038,S2-317480348,S3-227725397,S3-604980231,S2-956479781,S2-434748052,S3-10300249,S2-742077842,S3-191842349,S2-304177076,S3-264170444,S3-462677478,S3-219041197,S3-115653125,S3-867263634,S2-654270940,S2-537184954,S2-905827553,S2-229677112,S3-289697426,S3-560657213,S3-611681699,S2-550697952,S2-495461061,S2-999853272,S2-634571997,S2-440948455,S2-891600450
S1-594021398	S2-530685908,S2-786671109,S2-910351373,S2-600460285,S2-913930320,S3-895598264,S3-688194826,S3-464265492,S3-652287374,S3-536202929,S3-158901285,S2-210791875,S3-170975522,S3-819001322,S2-434748052,S3-610536355,S2-578788567,S3-483958914,S2-785042722,S2-550697952,S3-18976400,S3-695502221,S3-482581656,S3-288440193,S2-77137709,S2-634571997,S2-501534718,S2-576201028,S3-825495383,S2-658886344,S3-526709055,S2-592412285,S3-662721327,S3-98186645,S2-784442772,S2-767997013,S3-218566871,S3-276427681,S3-74786614,S3-577972146,S2-223826524,S3-797381132,S3-219844340,S2-594115095,S3-960416326,S2-999853272,S2-934716922,S2-583840796,S3-436480804,S2-262646344,S2-744098365,S2-170244057,S3-173398261,S2-193013091,S3-92755938,S2-440948455,S2-715460557,S2-809665812,S3-125349995,S3-305215419,S3-877919199,S2-537184954,S2-292567038,S3-604980231,S3-227725397,S2-192345572,S3-374810425,S2-304177076,S2-317480348,S3-580736465,S3-361863410,S3-162993152,S3-115653125,S3-219041197,S2-485885002,S3-191842349,S3-611681699,S2-166809876,S2-229677112,S3-289697426,S2-495461061,S2-779040268,S2-905827553,S2-875724478,S2-742077842,S3-811459169,S2-956479781,S2-591078525,S3-264170444,S3-853414998,S3-961421742,S2-357438552
S1-261170522	S3-184174096,S2-375151053,S2-729157829,S3-380741339,S2-412565852,S3-995796854,S2-193013091,S3-468731115,S3-221443476,S2-84473557,S2-583840796,S2-476476786,S2-340420883,S3-185659081,S2-268861424,S2-449438476,S2-744098365,S3-159233685,S3-150632472,S2-726058757,S2-89663826,S3-760959067,S3-340374288,S2-119647643,S3-389830698,S3-573605691,S3-227725397,S3-668629842,S3-937140604,S3-610536355,S3-75604340,S2-823489243,S2-258890831,S3-289567021,S2-481572644,S2-884102769,S3-367901084,S3-265204232,S3-469272577,S3-768772995,S2-917258438,S2-378846408,S3-22088661,S2-809665812,S2-400190057,S2-495604525,S2-37424835,S3-416247723,S2-938316135,S2-222871632,S2-715460557,S2-784442772,S2-559669701,S2-933865098,S3-521783865,S3-374810425,S3-577972146,S3-170975522,S3-797381132,S3-173398261,S2-416136682,S2-463756409,S2-17102176,S3-10300249,S2-485885002,S3-162993152,S2-560710588,S3-797337828,S2-785042722,S2-158121477,S2-378851466,S2-229677112,S2-786671109,S3-18976400,S2-504393659,S2-537184954,S2-638268338,S2-434748052,S2-910351373,S3-250324284,S2-550697952,S3-276427681,S3-825495383,S3-560657213,S3-934627663,S3-264170444,S3-436480804,S3-611681699,S3-125349995,S3-482581656
S1-466641145	S3-22321512,S3-200532536,S2-933724724,S2-770341988,S2-158121477,S3-543902884,S3-92755938,S3-971111671,S2-112287031,S2-575142052,S3-715117209,S3-712130770,S2-647447093,S3-556228627,S2-170244057,S2-878037834,S3-305215419,S2-566025912,S2-416136682,S3-1062100,S2-800542765,S3-64079929,S2-160823657,S3-203608044,S3-227725397,S3-577972146,S3-469272577,S3-835032939,S2-440948455,S2-583840796,S2-594115095,S2-550697952,S2-809665812,S2-592412285,S2-715460557,S2-476476786,S2-108012128,S3-340374288,S3-185659081,S2-884102769,S3-22088661,S2-340420883,S2-400190057,S3-760959067,S2-744098365,S2-559669701,S2-934716922,S3-668629842,S2-37424835,S2-89663826,S3-289567021,S2-726058757,S3-526709055,S3-380741339,S3-797337828,S3-768772995,S3-482581656,S3-221443476,S3-652287374,S3-536202929,S3-934627663,S3-198586129,S2-262646344,S3-643284918,S2-459485143,S3-162993152,S2-767997013,S3-811459169,S3-191842349,S3-819001322,S2-412565852,S2-537184954,S2-742018880,S3-250324284,S3-218566871,S3-895598264,S2-913930320,S2-223826524,S3-170975522,S3-688194826,S3-695502221,S3-159233685,S3-369430171,S2-77137709,S2-560710588,S2-192345572,S2-305637735,S2-229677112,S2-785042722,S2-434748052,S2-742077842,S2-956479781,S2-449438476
S1-99245709	S2-77137709,S3-125349995,S2-600460285,S3-536202929,S2-779040268,S3-895598264,S2-530685908,S3-276427681,S2-910351373,S3-604980231,S3-288440193,S2-634571997,S2-787861634,S2-434748052,S3-652287374,S3-577972146,S3-526709055,S2-934716922,S3-960416326,S3-695502221,S2-578788567,S2-784442772,S3-483958914,S3-127741306,S2-576201028,S3-323904182,S2-223826524,S2-210791875,S2-785042722,S2-550697952,S3-610536355,S3-173398261,S3-170975522,S3-662721327,S3-819001322,S2-578484139,S2-767997013,S3-367901084,S2-84473557,S3-218566871,S2-592412285,S3-797381132,S2-495604525,S2-258890831,S3-98186645,S3-221443476,S3-482581656,S3-468731115,S3-150632472,S3-760959067,S2-17102176,S2-744098365,S2-193013091,S3-416247723,S2-715460557,S2-647447093,S2-412565852,S2-375151053,S2-638268338,S3-389830698,S3-611681699,S2-357438552,S2-786671109,S3-436480804,S2-875724478,S3-688194826,S3-219041197,S3-580736465,S3-877919199,S3-115653125,S3-374810425,S3-825495383,S3-191842349,S3-158901285,S2-956479781,S3-159233685,S3-464265492,S3-227725397,S2-292567038,S2-485885002,S3-462677478,S2-591078525,S2-501534718,S2-304177076,S2-166809876,S2-229677112,S3-811459169,S2-913930320,S2-891600450,S2-317480348
S1-339015166	S3-170975522,S2-192345572,S3-289697426,S3-219041197,S3-288440193,S3-895598264,S2-223826524,S2-210791875,S3-560657213,S2-934716922,S3-695502221,S3-276427681,S2-84473557,S2-785042722,S2-701289183,S2-638268338,S2-715460557,S2-594115095,S2-744098365,S2-340420883,S3-556228627,S3-340374288,S3-573605691,S2-400190057,S2-933724724,S2-647447093,S2-779040268,S2-592412285,S2-726058757,S2-933865098,S2-170244057,S2-17102176,S3-92755938,S2-884102769,S3-22321512,S2-258890831,S3-185659081,S2-89663826,S2-262646344,S3-604980231,S3-521783865,S3-305215419,S3-937140604,S3-577972146,S2-504393659,S2-476476786,S3-361863410,S2-742018880,S2-77137709,S3-768772995,S2-784442772,S3-227725397,S3-995796854,S3-797381132,S3-760959067,S3-98186645,S3-367901084,S3-221443476,S3-819001322,S3-265204232,S2-786671109,S2-576201028,S3-877919199,S3-162993152,S2-658886344,S2-913930320,S2-485885002,S2-875724478,S2-550697952,S2-530685908,S3-811459169,S2-537184954,S3-536202929,S3-961421742,S3-159233685,S2-434748052,S3-610536355,S2-578788567,S2-229677112,S3-867263634,S2-600460285,S2-591078525,S3-10300249,S3-517069981,S2-905827553,S2-999853272,S2-292567038,S3-580736465,S3-688194826,S2-317480348,S3-264170444,S3-18976400,S3-184785497,S2-787861634,S2-166809876,S3-250324284,S3-127741306,S3-86143878,S3-218566871,S2-119647643
S1-614259237	S3-668629842,S2-884102769,S2-412565852,S2-119647643,S3-389830698,S2-726058757,S3-797381132,S3-289567021,S3-185659081,S2-744098365,S2-193013091,S2-550697952,S3-760959067,S3-227725397,S3-526709055,S3-482581656,S2-578484139,S3-573605691,S2-375151053,S2-583840796,S2-258890831,S3-380741339,S2-638268338,S2-933865098,S2-809665812,S3-221443476,S3-265204232,S2-400190057,S3-276427681,S2-715460557,S2-784442772,S2-823489243,S2-559669701,S2-592412285,S3-416247723,S3-367901084,S3-22088661,S3-577972146,S2-647447093,S2-378846408,S2-158121477,S2-576201028,S2-934716922,S2-89663826,S2-594115095,S3-768772995,S2-210791875,S3-556228627,S2-575142052,S2-170244057,S3-469272577,S3-75604340,S3-995796854,S3-971111671,S3-652287374,S3-305215419,S3-521783865,S3-92755938,S3-98186645,S3-543902884,S3-159233685,S2-485885002,S2-229677112,S3-464265492,S3-604980231,S3-18976400,S2-654270940,S3-10300249,S2-84473557,S3-695502221,S2-463756409,S2-537184954,S2-913930320,S3-289697426,S2-938316135,S3-611681699,S2-560710588,S3-960416326,S3-937140604,S3-158901285,S2-434748052,S3-797337828,S2-504393659,S2-37424835,S2-786671109,S3-819001322,S2-340420883,S2-742077842,S3-688194826,S3-895598264,S2-905827553,S3-361863410,S2-729157829,S2-222871632,S2-933724724,S2-956479781,S3-250853646,S3-250324284,S3-200532536,S2-292567038
S1-385801270	S2-770341988,S2-575142052,S2-170244057,S3-64079929,S3-305215419,S3-715117209,S2-112287031,S3-22321512,S3-543902884,S2-800542765,S2-160823657,S2-158121477,S2-878037834,S3-835032939,S2-262646344,S2-566025912,S3-971111671,S3-198586129,S3-203608044,S3-200532536,S3-712130770,S3-556228627,S2-108012128,S2-647447093,S2-459485143,S3-92755938,S3-1062100,S2-416136682,S3-577972146,S2-305637735,S3-536202929,S3-668629842,S2-223826524,S2-785042722,S2-476476786,S2-583840796,S2-550697952,S2-592412285,S3-482581656,S2-594115095,S3-797381132,S3-526709055,S3-221443476,S2-715460557,S2-530685908,S2-258890831,S2-934716922,S2-440948455,S3-760959067,S2-559669701,S3-389830698,S2-744098365,S3-416247723,S3-652287374,S3-469272577,S2-576201028,S3-74786614,S3-98186645,S3-276427681,S3-768772995,S2-933724724,S3-643284918,S3-934627663,S3-369430171,S2-742018880,S3-688194826,S3-170975522,S2-77137709,S3-825495383,S2-767997013,S3-219844340,S3-960416326,S3-895598264,S3-961421742,S3-191842349,S3-227725397,S2-412565852,S2-495604525,S3-218566871,S2-891600450,S2-729157829,S2-905827553,S2-654270940,S2-304177076,S2-434748052
S1-334672926	S3-389830698,S2-412565852,S2-400190057,S2-119647643,S3-380741339,S2-823489243,S3-521783865,S2-884102769,S2-559669701,S2-638268338,S3-289567021,S2-744098365,S3-995796854,S2-449438476,S3-22088661,S2-375151053,S3-760959067,S2-933865098,S3-265204232,S3-573605691,S3-184174096,S3-367901084,S2-809665812,S2-268861424,S2-729157829,S3-652287374,S3-150632472,S2-258890831,S2-583840796,S3-75604340,S3-185659081,S3-221443476,S3-668629842,S3-227725397,S3-469272577,S2-89663826,S2-715460557,S3-797381132,S2-550697952,S2-934716922,S2-594115095,S2-878037834,S2-784442772,S3-768772995,S3-340374288,S2-917258438,S3-543902884,S2-592412285,S2-416136682,S2-476476786,S3-276427681,S2-576201028,S2-158121477,S3-577972146,S3-556228627,S3-416247723,S3-797337828,S2-647447093,S3-22321512,S3-971111671,S2-193013091,S3-92755938,S2-84473557,S2-222871632,S2-340420883,S3-159233685,S3-468731115,S2-463756409,S3-10300249,S2-956479781,S2-938316135,S3-937140604,S2-578484139,S3-98186645,S2-485885002,S3-288440193,S2-786671109,S2-742077842,S3-361863410,S3-604980231,S2-913930320,S3-536202929,S2-378846408,S2-658886344,S3-200532536,S2-504393659,S3-662721327,S2-229677112,S3-483958914,S3-323904182,S3-877919199,S3-250324284,S3-961421742
S1-717749279	S3-64079929,S2-566025912,S3-22321512,S3-200532536,S2-160823657,S2-933724724,S3-971111671,S2-800542765,S2-647447093,S2-770341988,S3-556228627,S2-878037834,S3-543902884,S3-305215419,S3-715117209,S2-112287031,S3-835032939,S3-934627663,S3-92755938,S3-369430171,S3-227725397,S2-583840796,S2-884102769,S3-86143878,S2-440948455,S3-760959067,S2-476476786,S2-378851466,S3-469272577,S2-222871632,S3-185659081,S2-594115095,S2-550697952,S3-221443476,S2-340420883,S2-592412285,S2-934716922,S2-375151053,S2-729157829,S2-715460557,S2-37424835,S3-340374288,S2-89663826,S3-668629842,S2-576201028,S3-517069981,S3-289567021,S2-809665812,S3-150632472,S2-744098365,S3-374810425,S2-784442772,S2-658886344,S2-210791875,S3-75604340,S3-797337828,S3-521783865,S3-895598264,S3-184174096,S3-573605691,S2-170244057,S2-575142052,S3-643284918,S2-262646344,S3-198586129,S2-158121477,S2-459485143,S2-108012128,S2-742018880,S3-203608044,S3-712130770,S2-305637735,S3-1062100,S2-412565852,S3-995796854,S2-416136682,S2-999853272,S2-560710588,S2-485885002,S3-265204232,S3-170975522,S3-662721327,S2-84473557,S3-191842349,S3-127741306,S3-115653125,S3-159233685,S3-389830698,S2-119647643,S3-577972146,S3-819001322,S3-717745791,S2-578484139,S2-638268338,S2-726058757,S2-562037907,S2-193013091
S1-564662660	S2-119647643,S2-193013091,S2-84473557,S3-184174096,S2-583840796,S2-449438476,S3-668629842,S2-268861424,S3-389830698,S3-380741339,S2-378846408,S3-995796854,S3-416247723,S3-367901084,S3-185659081,S2-933865098,S2-823489243,S2-495604525,S2-258890831,S3-760959067,S2-412565852,S2-578484139,S3-221443476,S2-638268338,S2-917258438,S3-573605691,S3-468731115,S3-265204232,S3-937140604,S3-227725397,S2-785042722,S3-75604340,S3-150632472,S2-744098365,S3-797381132,S2-715460557,S2-400190057,S2-809665812,S2-559669701,S3-577972146,S2-779040268,S3-768772995,S2-784442772,S3-288440193,S2-576201028,S3-276427681,S2-647447093,S3-170975522,S2-210791875,S2-634571997,S3-536202929,S2-592412285,S2-767997013,S3-482581656,S3-695502221,S3-960416326,S2-726058757,S3-289567021,S3-22088661,S3-526709055,S2-729157829,S2-560710588,S2-594115095,S2-463756409,S2-17102176,S2-340420883,S3-797337828,S3-521783865,S2-229677112,S2-476476786,S2-378851466,S3-464265492,S3-18976400,S3-662721327,S2-223826524,S2-37424835,S3-218566871,S2-416136682,S2-504393659,S3-819001322,S3-340374288,S2-578788567,S3-74786614,S3-92755938,S3-652287374,S3-159233685,S3-98186645
S1-41643447	S3-877919199,S3-895598264,S2-910351373,S2-600460285,S3-577972146,S3-961421742,S3-536202929,S3-288440193,S2-956479781,S2-654270940,S2-785042722,S3-610536355,S3-159233685,S3-652287374,S3-170975522,S2-787861634,S2-210791875,S3-825495383,S3-688194826,S3-695502221,S2-576201028,S2-578788567,S3-158901285,S2-223826524,S3-662721327,S2-784442772,S2-634571997,S2-550697952,S3-483958914,S2-658886344,S3-173398261,S3-86143878,S3-468731115,S3-369430171,S2-412565852,S2-999853272,S2-495604525,S3-768772995,S3-517069981,S2-119647643,S2-917258438,S2-767997013,S2-463756409,S2-938316135,S3-760959067,S3-573605691,S3-150632472,S2-375151053,S3-162993152,S2-744098365,S2-638268338,S3-960416326,S2-481572644,S3-937140604,S2-440948455,S3-227725397,S2-400190057,S2-416136682,S2-193013091,S3-367901084,S3-219041197,S2-229677112,S2-786671109,S2-875724478,S3-191842349,S2-434748052,S2-485885002,S2-292567038,S3-436480804,S3-580736465,S2-905827553,S3-289697426,S2-913930320,S2-77137709,S3-464265492,S2-317480348,S3-264170444,S2-304177076,S3-125349995,S2-742077842,S2-537184954,S2-591078525,S3-604980231,S3-560657213,S3-526709055,S2-192345572,S3-276427681,S3-374810425,S3-867263634,S3-10300249,S2-530685908,S2-357438552
S1-581360597	S2-823489243,S2-400190057,S2-84473557,S2-933865098,S2-193013091,S3-380741339,S2-412565852,S2-119647643,S3-184174096,S2-258890831,S3-265204232,S3-389830698,S3-521783865,S3-995796854,S3-937140604,S2-416136682,S3-185659081,S3-668629842,S3-469272577,S2-938316135,S2-463756409,S2-268861424,S2-809665812,S3-150632472,S3-768772995,S2-495604525,S3-610536355,S2-583840796,S3-227725397,S3-170975522,S3-536202929,S3-367901084,S2-449438476,S2-744098365,S2-917258438,S2-378846408,S3-289567021,S3-75604340,S3-577972146,S3-760959067,S2-375151053,S3-22088661,S2-884102769,S3-221443476,S2-726058757,S2-481572644,S2-784442772,S2-559669701,S2-89663826,S2-578484139,S2-576201028,S2-715460557,S3-573605691,S3-416247723,S3-173398261,S2-779040268,S3-468731115,S3-652287374,S3-288440193,S3-374810425,S2-504393659,S2-340420883,S3-517069981,S3-797337828,S2-905827553,S2-578788567,S2-658886344,S3-18976400,S3-662721327,S2-537184954,S2-638268338,S2-485885002,S2-999853272,S3-92755938,S2-378851466,S3-867263634,S2-742077842,S2-550697952,S2-223826524,S3-218566871,S2-956479781,S3-482581656,S3-264170444,S3-86143878,S2-4583532,S3-10300249,S3-877919199,S3-289697426,S3-73958887
S1-946184931	S2-375151053,S3-185659081,S2-89663826,S3-289567021,S2-378846408,S2-412565852,S3-468731115,S3-22088661,S2-222871632,S3-380741339,S2-559669701,S2-84473557,S3-367901084,S2-495604525,S3-995796854,S2-729157829,S2-449438476,S3-416247723,S3-521783865,S2-634571997,S2-119647643,S3-668629842,S3-768772995,S2-784442772,S2-268861424,S3-265204232,S3-652287374,S3-150632472,S3-610536355,S3-75604340,S2-560710588,S2-37424835,S3-760959067,S2-809665812,S3-227725397,S2-340420883,S2-823489243,S3-184174096,S3-374810425,S2-476476786,S3-797337828,S2-744098365,S3-469272577,S2-481572644,S2-884102769,S2-400190057,S2-726058757,S2-440948455,S3-573605691,S3-221443476,S3-340374288,S2-576201028,S2-416136682,S2-715460557,S2-258890831,S3-715117209,S3-517069981,S3-389830698,S3-556228627,S3-577972146,S2-193013091,S2-933865098,S2-578484139,S2-583840796,S2-786671109,S3-98186645,S2-767997013,S2-742077842,S3-536202929,S3-483958914,S2-229677112,S3-937140604,S2-485885002,S3-797381132,S3-250324284,S3-162993152,S2-956479781,S3-895598264,S3-961421742,S3-867263634,S3-464265492,S2-537184954,S2-913930320,S2-158121477,S3-125349995,S2-210791875,S3-288440193,S2-575142052,S3-305215419
S1-244940399	S3-218566871,S2-530685908,S3-695502221,S3-536202929,S3-482581656,S2-785042722,S3-526709055,S3-819001322,S3-895598264,S3-170975522,S3-610536355,S2-767997013,S2-784442772,S2-440948455,S2-592412285,S2-170244057,S2-262646344,S3-662721327,S2-550697952,S3-288440193,S3-971111671,S2-715460557,S3-305215419,S3-276427681,S2-583840796,S3-797381132,S2-210791875,S2-594115095,S2-223826524,S3-92755938,S3-98186645,S2-744098365,S2-559669701,S2-158121477,S2-193013091,S3-835032939,S2-575142052,S2-770341988,S2-809665812,S2-566025912,S3-652287374,S2-647447093,S3-556228627,S3-416247723,S2-495604525,S3-577972146,S3-768772995,S2-258890831,S2-800542765,S3-219844340,S3-389830698,S2-459485143,S3-543902884,S2-112287031,S3-221443476,S2-634571997,S3-668629842,S2-378846408,S3-712130770,S3-715117209,S3-462677478,S3-289697426,S2-600460285,S2-485885002,S2-192345572,S2-292567038,S2-495461061,S3-717745791,S3-18976400,S2-434748052,S2-999853272,S3-688194826,S3-464265492,S2-913930320,S3-811459169,S2-501534718,S3-264170444,S2-77137709,S3-127741306,S3-825495383,S2-786671109,S3-580736465,S2-654270940,S3-227725397,S2-537184954,S2-934716922,S2-956479781,S2-229677112,S2-166809876,S3-86143878,S3-611681699,S2-562037907,S2-591078525,S3-250853646,S3-10300249,S2-905827553,S2-658886344,S2-576201028,S3-250324284,S2-304177076
S1-616465752	S2-878037834,S3-22321512,S3-200532536,S2-933724724,S3-971111671,S2-575142052,S2-770341988,S3-64079929,S2-566025912,S2-112287031,S2-647447093,S3-715117209,S2-170244057,S3-1062100,S3-305215419,S2-158121477,S2-160823657,S2-800542765,S3-92755938,S3-835032939,S3-556228627,S2-108012128,S3-543902884,S3-934627663,S3-712130770,S2-416136682,S3-227725397,S2-550697952,S2-476476786,S3-203608044,S3-416247723,S2-440948455,S3-797337828,S3-469272577,S3-340374288,S2-559669701,S2-583840796,S2-729157829,S2-340420883,S2-222871632,S3-760959067,S2-809665812,S2-375151053,S3-185659081,S2-594115095,S3-289567021,S3-22088661,S3-668629842,S2-884102769,S2-715460557,S3-221443476,S3-521783865,S2-89663826,S2-37424835,S2-934716922,S2-592412285,S3-380741339,S3-75604340,S3-374810425,S3-652287374,S3-198586129,S2-412565852,S2-262646344,S3-643284918,S2-742018880,S2-459485143,S2-537184954,S3-825495383,S2-84473557,S2-463756409,S3-250324284,S2-501534718,S2-913930320,S2-654270940,S3-960416326,S2-119647643,S3-170975522,S2-999853272,S3-369430171,S2-726058757,S2-495604525,S3-811459169,S2-485885002,S3-662721327,S3-389830698,S3-961421742,S3-218566871,S3-18976400,S3-159233685
S1-762904067	S3-288440193,S3-536202929,S2-600460285,S3-219041197,S3-159233685,S2-229677112,S2-578788567,S3-170975522,S3-695502221,S3-819001322,S3-961421742,S3-580736465,S3-895598264,S2-905827553,S2-501534718,S3-250324284,S3-960416326,S2-875724478,S2-634571997,S3-323904182,S2-779040268,S3-464265492,S2-292567038,S2-785042722,S2-910351373,S3-436480804,S2-77137709,S3-577972146,S3-662721327,S3-218566871,S2-4583532,S2-891600450,S2-193013091,S2-787861634,S3-173398261,S3-162993152,S2-357438552,S3-125349995,S3-158901285,S2-784442772,S2-767997013,S2-223826524,S2-412565852,S3-367901084,S3-688194826,S3-127741306,S3-610536355,S2-530685908,S3-361863410,S2-84473557,S2-742018880,S2-933865098,S2-210791875,S3-389830698,S3-825495383,S2-638268338,S3-483958914,S2-378846408,S2-576201028,S2-258890831,S3-374810425,S3-10300249,S2-742077842,S3-18976400,S3-560657213,S3-652287374,S2-485885002,S3-289697426,S3-276427681,S2-913930320,S3-264170444,S3-867263634,S2-317480348,S3-227725397,S2-956479781,S2-786671109,S3-604980231,S3-526709055,S2-537184954,S2-434748052,S2-550697952,S2-304177076,S2-654270940,S2-999853272,S2-591078525,S2-934716922
S1-261476747	S3-64079929,S2-170244057,S2-112287031,S3-556228627,S3-305215419,S2-770341988,S2-566025912,S2-575142052,S2-459485143,S2-800542765,S2-878037834,S3-971111671,S2-160823657,S3-200532536,S3-712130770,S3-715117209,S2-262646344,S3-22321512,S2-647447093,S2-158121477,S3-92755938,S3-543902884,S3-835032939,S3-203608044,S2-108012128,S3-198586129,S2-305637735,S3-1062100,S2-223826524,S3-577972146,S3-536202929,S2-434748052,S2-592412285,S2-550697952,S3-526709055,S3-482581656,S2-583840796,S2-594115095,S2-715460557,S2-440948455,S2-210791875,S2-559669701,S3-652287374,S2-809665812,S2-934716922,S2-476476786,S3-221443476,S3-797381132,S2-744098365,S3-276427681,S3-74786614,S2-576201028,S2-530685908,S3-416247723,S3-521783865,S3-98186645,S3-760959067,S3-662721327,S3-380741339,S3-668629842,S3-934627663,S3-643284918,S2-742018880,S2-933724724,S3-127741306,S2-785042722,S2-77137709,S3-825495383,S2-891600450,S3-219041197,S3-159233685,S3-250324284,S2-786671109,S3-218566871,S3-695502221,S3-961421742,S3-289697426,S2-317480348,S3-483958914,S2-166809876,S2-485885002,S2-913930320,S2-412565852,S3-323904182,S2-787861634,S3-811459169,S2-600460285,S2-875724478
S1-874436225	S3-895598264,S3-536202929,S3-288440193,S3-374810425,S2-600460285,S2-578788567,S3-652287374,S3-610536355,S2-634571997,S3-159233685,S3-170975522,S2-785042722,S2-223826524,S2-787861634,S2-956479781,S3-125349995,S2-767997013,S2-784442772,S3-162993152,S2-495604525,S2-440948455,S3-173398261,S2-463756409,S2-222871632,S3-483958914,S2-268861424,S2-566025912,S3-960416326,S2-84473557,S3-369430171,S3-760959067,S3-367901084,S3-150632472,S3-86143878,S2-938316135,S3-289567021,S2-378846408,S3-416247723,S3-577972146,S2-210791875,S3-227725397,S2-559669701,S2-193013091,S2-449438476,S2-37424835,S3-221443476,S2-729157829,S2-917258438,S2-481572644,S3-768772995,S3-877919199,S2-412565852,S3-995796854,S3-668629842,S2-434748052,S3-468731115,S2-809665812,S2-501534718,S3-389830698,S3-185659081,S2-910351373,S3-219041197,S3-695502221,S2-905827553,S3-10300249,S3-276427681,S2-786671109,S2-317480348,S3-264170444,S3-323904182,S2-742077842,S2-485885002,S3-191842349,S2-654270940,S2-537184954,S3-961421742,S3-289697426,S3-560657213,S3-825495383,S3-580736465,S3-464265492,S3-115653125,S3-436480804,S2-913930320,S3-867263634,S3-819001322,S3-18976400,S3-688194826,S3-604980231,S2-77137709,S2-229677112,S2-292567038,S2-576201028,S2-875724478,S2-891600450,S2-530685908,S2-779040268,S2-550697952,S2-304177076,S2-591078525
S1-816918307	S3-662721327,S3-374810425,S3-173398261,S2-530685908,S2-785042722,S3-170975522,S3-960416326,S2-578788567,S3-526709055,S3-536202929,S3-323904182,S2-600460285,S3-125349995,S2-784442772,S3-560657213,S3-227725397,S2-223826524,S2-634571997,S2-767997013,S3-288440193,S2-210791875,S2-495604525,S3-610536355,S3-367901084,S2-647447093,S2-566025912,S2-592412285,S3-577972146,S2-440948455,S2-576201028,S2-726058757,S2-258890831,S3-760959067,S2-744098365,S3-604980231,S2-938316135,S2-84473557,S3-150632472,S2-638268338,S3-695502221,S3-389830698,S3-819001322,S3-468731115,S3-556228627,S3-221443476,S2-449438476,S2-17102176,S2-378846408,S2-37424835,S2-412565852,S2-715460557,S3-218566871,S2-463756409,S2-742018880,S3-92755938,S2-481572644,S3-482581656,S3-995796854,S3-159233685,S3-185659081,S3-811459169,S2-485885002,S3-219041197,S2-913930320,S3-462677478,S2-304177076,S3-867263634,S2-591078525,S3-18976400,S2-875724478,S2-537184954,S3-86143878,S2-292567038,S3-580736465,S2-495461061,S2-192345572,S2-501534718,S3-184785497,S3-895598264,S2-786671109,S2-905827553,S3-436480804,S3-276427681,S3-264170444,S3-10300249,S3-877919199,S2-999853272,S3-127741306,S2-434748052,S3-250853646,S3-250324284,S3-717745791,S3-289697426,S2-956479781,S2-357438552,S2-779040268,S2-77137709,S2-166809876,S2-550697952,S2-910351373
S1-52153457	S2-600460285,S3-895598264,S3-536202929,S3-288440193,S3-960416326,S2-434748052,S2-530685908,S2-910351373,S2-77137709,S2-634571997,S3-170975522,S3-125349995,S3-688194826,S2-787861634,S3-577972146,S3-961421742,S2-875724478,S2-576201028,S2-501534718,S3-695502221,S2-785042722,S2-779040268,S3-276427681,S3-127741306,S2-767997013,S2-223826524,S2-4583532,S3-173398261,S3-662721327,S3-819001322,S2-784442772,S3-218566871,S3-159233685,S2-210791875,S3-98186645,S2-578788567,S3-158901285,S2-412565852,S3-610536355,S3-825495383,S2-357438552,S3-526709055,S2-193013091,S3-367901084,S3-323904182,S2-258890831,S2-378846408,S2-742018880,S3-162993152,S2-933865098,S3-468731115,S3-797381132,S3-652287374,S3-483958914,S3-219844340,S2-592412285,S2-578484139,S2-84473557,S2-744098365,S2-638268338,S3-219041197,S3-374810425,S2-591078525,S3-560657213,S2-292567038,S3-250853646,S3-877919199,S3-604980231,S2-786671109,S3-464265492,S3-462677478,S2-495461061,S3-289697426,S2-905827553,S3-227725397,S2-304177076,S3-717745791,S3-611681699,S3-580736465,S2-956479781,S2-537184954,S3-264170444,S2-913930320,S2-166809876,S2-192345572,S2-485885002,S3-361863410,S3-811459169,S2-317480348,S2-550697952,S3-191842349,S3-115653125,S2-229677112
S1-867332501	S3-960416326,S3-170975522,S3-288440193,S2-875724478,S2-550697952,S2-786671109,S3-18976400,S2-767997013,S3-536202929,S2-785042722,S2-223826524,S3-662721327,S3-688194826,S3-895598264,S3-526709055,S3-98186645,S3-825495383,S2-578788567,S2-910351373,S2-530685908,S3-173398261,S3-695502221,S3-158901285,S2-784442772,S2-434748052,S2-576201028,S2-501534718,S2-600460285,S3-652287374,S3-482581656,S3-276427681,S3-577972146,S2-592412285,S3-218566871,S3-819001322,S2-210791875,S3-797381132,S3-125349995,S2-193013091,S3-219844340,S3-610536355,S2-170244057,S2-262646344,S3-464265492,S2-594115095,S3-971111671,S3-483958914,S2-715460557,S2-158121477,S3-389830698,S3-305215419,S2-809665812,S2-583840796,S2-578484139,S3-74786614,S2-575142052,S2-258890831,S2-566025912,S2-744098365,S2-412565852,S2-537184954,S2-485885002,S2-905827553,S3-250324284,S3-219041197,S2-913930320,S2-292567038,S3-127741306,S3-853414998,S3-10300249,S3-159233685,S3-604980231,S3-877919199,S3-560657213,S2-304177076,S3-580736465,S2-229677112,S3-289697426,S2-742077842,S2-999853272,S3-436480804,S2-956479781,S3-264170444,S2-317480348,S2-166809876,S3-323904182,S3-462677478,S3-374810425,S2-787861634,S2-634571997,S2-591078525,S2-654270940
S1-969300060	S2-933724724,S3-22321512,S2-575142052,S2-170244057,S2-800542765,S3-200532536,S2-770341988,S3-556228627,S2-566025912,S2-112287031,S3-971111671,S2-878037834,S3-715117209,S3-64079929,S2-647447093,S3-543902884,S3-1062100,S3-835032939,S2-160823657,S2-108012128,S3-712130770,S3-92755938,S3-760959067,S3-668629842,S3-416247723,S2-416136682,S2-476476786,S2-440948455,S2-583840796,S2-550697952,S2-340420883,S2-809665812,S2-375151053,S2-222871632,S2-934716922,S2-576201028,S3-185659081,S2-210791875,S3-221443476,S3-526709055,S3-289567021,S2-715460557,S2-37424835,S2-729157829,S2-744098365,S2-559669701,S3-652287374,S3-227725397,S2-592412285,S2-400190057,S3-340374288,S3-469272577,S3-22088661,S3-150632472,S3-380741339,S3-521783865,S3-610536355,S3-797337828,S3-577972146,S3-536202929,S2-459485143,S3-305215419,S3-643284918,S2-262646344,S2-158121477,S3-198586129,S2-305637735,S3-934627663,S2-742018880,S3-203608044,S2-17102176,S3-369430171,S2-495604525,S2-463756409,S3-159233685,S3-162993152,S3-389830698,S2-913930320,S3-960416326,S3-170975522,S3-464265492,S2-119647643,S3-10300249,S3-819001322,S3-811459169,S2-638268338,S2-268861424,S3-127741306,S2-785042722,S2-767997013,S2-999853272,S2-84473557,S2-223826524
S1-930501805	S2-744098365,S2-84473557,S2-258890831,S3-937140604,S2-375151053,S3-367901084,S3-995796854,S2-449438476,S2-193013091,S3-573605691,S2-119647643,S3-185659081,S3-184174096,S3-150632472,S2-884102769,S2-938316135,S3-265204232,S2-726058757,S2-638268338,S3-389830698,S2-412565852,S2-340420883,S3-760959067,S3-75604340,S3-227725397,S2-715460557,S3-521783865,S3-22088661,S2-823489243,S2-89663826,S3-289567021,S3-468731115,S2-400190057,S2-576201028,S2-784442772,S3-380741339,S3-668629842,S2-779040268,S2-481572644,S2-809665812,S2-933865098,S2-583840796,S2-37424835,S2-378846408,S2-634571997,S2-934716922,S3-221443476,S3-577972146,S3-768772995,S3-610536355,S2-495604525,S3-469272577,S2-917258438,S3-416247723,S3-374810425,S3-173398261,S3-170975522,S3-652287374,S3-797381132,S3-556228627,S2-434748052,S3-159233685,S2-701289183,S2-229677112,S3-961421742,S3-276427681,S2-560710588,S2-654270940,S2-485885002,S2-785042722,S2-463756409,S2-537184954,S3-895598264,S2-222871632,S2-910351373,S2-476476786,S2-956479781,S3-536202929,S3-877919199,S2-729157829,S3-125349995,S2-378851466,S3-162993152,S3-436480804,S2-17102176,S3-819001322,S3-695502221,S3-10300249,S3-158901285,S3-203608044,S3-288440193,S3-250324284
S1-474452362	S3-468731115,S2-119647643,S2-416136682,S2-258890831,S3-797381132,S2-495604525,S2-476476786,S2-375151053,S3-768772995,S2-449438476,S2-89663826,S2-938316135,S2-550697952,S3-265204232,S3-289567021,S3-556228627,S3-22088661,S3-340374288,S3-610536355,S3-715117209,S2-744098365,S3-760959067,S3-668629842,S3-469272577,S2-884102769,S3-75604340,S2-583840796,S3-185659081,S3-221443476,S3-380741339,S3-573605691,S3-150632472,S2-729157829,S3-416247723,S2-340420883,S2-400190057,S3-184174096,S2-412565852,S3-389830698,S3-521783865,S2-809665812,S2-823489243,S2-638268338,S2-481572644,S2-37424835,S2-784442772,S2-933724724,S2-715460557,S2-726058757,S3-367901084,S3-227725397,S2-934716922,S3-995796854,S2-559669701,S2-576201028,S2-647447093,S3-577972146,S3-22321512,S3-543902884,S3-560657213,S2-378846408,S2-560710588,S2-787861634,S3-934627663,S2-158121477,S2-459485143,S2-956479781,S2-530685908,S3-464265492,S2-785042722,S2-268861424,S2-223826524,S2-917258438,S2-485885002,S3-200532536,S3-652287374,S2-229677112,S3-289697426,S3-162993152,S3-159233685,S3-688194826,S2-786671109,S2-292567038,S3-877919199,S3-971111671,S2-504393659,S3-536202929,S2-378851466,S2-578484139,S3-288440193,S3-580736465,S3-218566871,S2-17102176,S2-654270940,S3-604980231,S3-323904182,S3-825495383,S3-191842349,S3-125349995,S3-517069981
S1-802731895	S2-600460285,S3-219041197,S2-910351373,S3-577972146,S3-604980231,S3-536202929,S3-560657213,S2-210791875,S3-162993152,S3-170975522,S2-434748052,S3-159233685,S2-785042722,S3-125349995,S2-784442772,S3-374810425,S3-323904182,S2-779040268,S3-960416326,S2-223826524,S3-961421742,S2-787861634,S2-591078525,S3-695502221,S3-173398261,S2-576201028,S2-634571997,S2-412565852,S3-468731115,S3-367901084,S3-995796854,S2-449438476,S2-84473557,S2-744098365,S3-150632472,S3-288440193,S2-378846408,S2-767997013,S2-258890831,S2-268861424,S3-610536355,S3-768772995,S2-37424835,S2-823489243,S2-481572644,S2-726058757,S2-638268338,S2-193013091,S3-265204232,S3-760959067,S3-573605691,S3-127741306,S3-937140604,S2-933865098,S3-389830698,S3-184174096,S2-119647643,S2-400190057,S2-495604525,S3-361863410,S2-913930320,S3-895598264,S2-530685908,S3-877919199,S2-786671109,S2-875724478,S2-292567038,S3-580736465,S2-550697952,S2-956479781,S2-304177076,S2-357438552,S2-229677112,S3-436480804,S3-811459169,S3-688194826,S3-191842349,S2-537184954,S3-825495383,S2-578788567,S3-276427681,S3-464265492,S2-77137709,S3-115653125,S3-227725397,S3-611681699,S2-742077842,S2-317480348,S3-652287374,S2-485885002,S2-192345572,S2-578484139,S3-18976400,S3-98186645,S2-166809876,S2-440948455
S1-39733947	S2-412565852,S2-375151053,S2-559669701,S3-367901084,S3-521783865,S3-573605691,S3-265204232,S2-193013091,S2-37424835,S2-84473557,S3-185659081,S2-583840796,S2-119647643,S3-227725397,S3-289567021,S3-768772995,S2-715460557,S3-995796854,S2-449438476,S2-89663826,S2-222871632,S3-184174096,S2-416136682,S2-495604525,S2-729157829,S2-784442772,S3-668629842,S3-389830698,S3-416247723,S3-577972146,S3-468731115,S2-809665812,S2-823489243,S3-760959067,S3-469272577,S2-378846408,S3-221443476,S3-75604340,S2-744098365,S2-476476786,S2-884102769,S2-340420883,S3-380741339,S3-150632472,S2-400190057,S3-22088661,S2-440948455,S2-917258438,S3-374810425,S2-258890831,S2-268861424,S3-610536355,S2-481572644,S2-726058757,S3-652287374,S3-340374288,S3-797337828,S3-715117209,S3-556228627,S3-797381132,S2-560710588,S2-434748052,S3-604980231,S2-210791875,S2-578484139,S2-77137709,S2-485885002,S2-292567038,S2-956479781,S3-191842349,S3-819001322,S2-913930320,S3-695502221,S3-464265492,S3-611681699,S3-10300249,S2-786671109,S2-742077842,S3-289697426,S3-482581656,S2-229677112,S2-317480348,S3-115653125,S2-550697952,S3-536202929,S3-159233685,S3-436480804,S3-127741306,S3-361863410
S1-807424751	S2-658886344,S3-895598264,S2-956479781,S3-170975522,S3-517069981,S3-877919199,S2-576201028,S3-173398261,S2-910351373,S2-210791875,S3-86143878,S3-369430171,S2-378851466,S3-760959067,S3-483958914,S3-374810425,S2-654270940,S2-340420883,S3-185659081,S3-227725397,S3-150632472,S2-440948455,S2-222871632,S2-634571997,S2-495604525,S2-784442772,S3-468731115,S2-375151053,S2-729157829,S3-573605691,S2-37424835,S3-75604340,S3-610536355,S2-476476786,S2-938316135,S3-221443476,S2-89663826,S3-469272577,S2-744098365,S3-934627663,S3-289567021,S3-995796854,S2-449438476,S2-884102769,S2-223826524,S2-84473557,S3-184174096,S2-933724724,S2-715460557,S2-481572644,S3-556228627,S2-504393659,S3-668629842,S3-768772995,S3-367901084,S2-412565852,S2-119647643,S3-521783865,S3-340374288,S3-416247723,S2-905827553,S2-485885002,S2-537184954,S2-785042722,S3-536202929,S3-960416326,S3-662721327,S2-934716922,S2-434748052,S3-819001322,S2-229677112,S3-18976400,S3-264170444,S3-825495383,S2-304177076,S3-560657213,S3-289697426,S3-219041197,S2-591078525,S3-688194826,S2-292567038,S3-652287374,S2-875724478,S2-767997013,S3-288440193,S3-580736465,S3-125349995,S3-250324284,S3-159233685,S2-4583532,S2-600460285,S3-361863410,S3-10300249,S2-578788567,S3-218566871,S2-530685908,S3-436480804,S2-550697952,S2-192345572,S3-811459169
S1-269499779	S2-530685908,S2-785042722,S3-276427681,S3-526709055,S3-536202929,S3-610536355,S2-913930320,S2-784442772,S2-910351373,S2-786671109,S3-662721327,S3-895598264,S3-125349995,S3-170975522,S3-288440193,S3-436480804,S2-210791875,S2-192345572,S3-18976400,S2-223826524,S3-695502221,S2-77137709,S2-434748052,S2-592412285,S3-98186645,S2-594115095,S3-482581656,S3-819001322,S3-577972146,S2-550697952,S3-797381132,S2-583840796,S2-647447093,S3-218566871,S2-158121477,S3-219844340,S3-960416326,S3-971111671,S2-715460557,S2-767997013,S2-575142052,S2-305637735,S3-652287374,S3-305215419,S2-262646344,S2-744098365,S2-258890831,S2-809665812,S2-193013091,S2-742018880,S2-638268338,S3-389830698,S2-412565852,S2-576201028,S3-688194826,S3-92755938,S3-768772995,S3-715117209,S3-760959067,S3-712130770,S3-219041197,S2-875724478,S2-578788567,S3-374810425,S2-166809876,S2-779040268,S2-485885002,S3-604980231,S3-811459169,S2-787861634,S3-323904182,S2-634571997,S3-264170444,S2-292567038,S3-462677478,S2-591078525,S2-357438552,S3-115653125,S3-127741306,S2-600460285,S3-877919199,S3-867263634,S2-891600450,S3-159233685,S2-999853272,S3-825495383,S2-501534718,S3-162993152,S3-173398261,S2-304177076,S2-317480348,S3-464265492,S3-961421742,S3-580736465,S2-537184954,S2-905827553,S2-229677112
S1-574528784	S2-449438476,S2-560710588,S3-469272577,S2-744098365,S2-416136682,S3-797337828,S3-75604340,S2-378846408,S3-150632472,S2-884102769,S2-375151053,S3-340374288,S3-184174096,S2-729157829,S2-119647643,S3-22088661,S2-476476786,S3-185659081,S2-340420883,S3-380741339,S3-668629842,S2-37424835,S3-760959067,S3-221443476,S2-378851466,S2-823489243,S2-726058757,S3-995796854,S3-416247723,S3-367901084,S2-583840796,S2-938316135,S3-768772995,S3-289567021,S2-160823657,S2-222871632,S3-200532536,S2-89663826,S3-521783865,S2-440948455,S2-559669701,S3-227725397,S2-495604525,S2-809665812,S3-715117209,S2-933724724,S3-374810425,S3-835032939,S2-715460557,S2-878037834,S3-22321512,S2-800542765,S3-64079929,S2-770341988,S3-573605691,S2-400190057,S3-543902884,S3-556228627,S3-92755938,S3-934627663,S3-937140604,S2-193013091,S2-463756409,S2-504393659,S2-701289183,S2-84473557,S2-258890831,S2-412565852,S2-537184954,S3-877919199,S3-389830698,S3-98186645,S3-162993152,S2-956479781,S2-485885002,S3-250324284,S3-961421742,S3-125349995,S2-434748052,S3-695502221,S2-268861424,S3-159233685,S3-158901285,S3-517069981,S2-550697952,S3-264170444,S3-170975522
S1-402621048	S3-159233685,S3-227725397,S3-374810425,S3-610536355,S3-560657213,S2-779040268,S2-784442772,S2-634571997,S3-170975522,S3-288440193,S2-412565852,S2-729157829,S2-37424835,S3-517069981,S2-449438476,S3-185659081,S3-150632472,S3-760959067,S3-75604340,S2-481572644,S2-440948455,S2-89663826,S2-495604525,S2-504393659,S3-995796854,S2-476476786,S3-573605691,S3-289567021,S2-726058757,S2-560710588,S2-938316135,S3-367901084,S2-222871632,S2-375151053,S2-119647643,S3-468731115,S3-184174096,S3-768772995,S2-416136682,S2-84473557,S2-566025912,S3-173398261,S2-378846408,S2-823489243,S2-340420883,S2-715460557,S2-400190057,S2-744098365,S3-221443476,S3-937140604,S3-668629842,S3-556228627,S2-258890831,S2-809665812,S3-340374288,S3-389830698,S3-960416326,S3-469272577,S3-577972146,S3-22321512,S3-436480804,S3-611681699,S3-604980231,S2-600460285,S3-18976400,S3-276427681,S3-115653125,S3-811459169,S3-125349995,S2-357438552,S3-867263634,S3-10300249,S2-875724478,S2-485885002,S3-526709055,S2-210791875,S3-895598264,S3-289697426,S3-536202929,S3-162993152,S2-501534718,S2-785042722,S2-292567038,S2-913930320,S3-652287374,S2-229677112,S3-250853646,S3-580736465,S3-98186645,S2-77137709,S3-361863410,S2-742077842,S2-530685908,S2-578788567,S2-910351373,S2-537184954,S2-591078525,S3-825495383,S2-304177076,S3-483958914
S1-684202485	S2-600460285,S2-434748052,S2-210791875,S2-779040268,S3-895598264,S2-910351373,S3-536202929,S3-170975522,S3-288440193,S2-785042722,S3-577972146,S2-634571997,S2-530685908,S2-576201028,S3-323904182,S3-652287374,S3-125349995,S3-98186645,S3-610536355,S2-787861634,S3-960416326,S2-578788567,S3-961421742,S2-767997013,S3-173398261,S2-193013091,S2-784442772,S3-367901084,S2-578484139,S2-378846408,S3-526709055,S2-412565852,S3-468731115,S3-276427681,S2-84473557,S2-744098365,S3-662721327,S3-695502221,S3-150632472,S2-809665812,S3-819001322,S2-400190057,S2-742018880,S3-265204232,S2-934716922,S2-823489243,S2-258890831,S2-583840796,S3-995796854,S2-119647643,S3-760959067,S3-389830698,S3-797381132,S2-933865098,S3-768772995,S2-37424835,S3-416247723,S3-127741306,S2-726058757,S3-218566871,S3-877919199,S2-786671109,S2-913930320,S2-304177076,S3-604980231,S2-77137709,S2-875724478,S3-162993152,S3-580736465,S3-10300249,S3-219041197,S3-688194826,S3-560657213,S2-292567038,S3-867263634,S2-537184954,S2-317480348,S3-159233685,S2-485885002,S3-374810425,S2-905827553,S2-166809876,S3-464265492,S3-611681699,S2-591078525,S2-550697952,S2-956479781,S3-191842349,S2-192345572,S3-227725397,S2-229677112,S3-219844340,S2-742077842,S2-357438552,S3-86143878,S3-811459169,S2-495461061
S1-85238196	S3-937140604,S2-84473557,S2-449438476,S3-521783865,S2-729157829,S2-222871632,S3-184174096,S3-573605691,S2-340420883,S2-268861424,S2-476476786,S3-185659081,S3-367901084,S2-119647643,S3-995796854,S3-389830698,S2-495604525,S3-265204232,S2-89663826,S2-412565852,S2-823489243,S2-583840796,S3-221443476,S2-726058757,S2-779040268,S3-797337828,S3-416247723,S3-768772995,S2-378846408,S3-22088661,S3-577972146,S3-468731115,S3-380741339,S3-170975522,S3-75604340,S3-150632472,S3-469272577,S2-884102769,S3-760959067,S2-375151053,S2-744098365,S2-37424835,S2-258890831,S3-289567021,S2-400190057,S2-934716922,S3-227725397,S2-634571997,S3-668629842,S2-504393659,S2-715460557,S2-809665812,S2-576201028,S3-374810425,S2-784442772,S2-481572644,S3-560657213,S3-340374288,S3-610536355,S3-517069981,S2-578484139,S2-193013091,S2-742077842,S2-933865098,S2-560710588,S2-210791875,S3-92755938,S2-463756409,S2-559669701,S2-485885002,S2-956479781,S2-158121477,S3-464265492,S2-378851466,S3-895598264,S2-913930320,S3-652287374,S2-638268338,S3-218566871,S3-173398261,S3-10300249,S3-276427681,S3-159233685,S3-18976400,S3-162993152,S3-867263634
S1-569369299	S2-559669701,S2-119647643,S2-84473557,S2-193013091,S3-768772995,S2-578484139,S2-89663826,S3-22088661,S2-378846408,S3-389830698,S2-375151053,S2-729157829,S3-289567021,S2-823489243,S2-416136682,S3-995796854,S2-412565852,S3-610536355,S3-184174096,S3-668629842,S3-536202929,S3-652287374,S2-340420883,S2-583840796,S3-577972146,S2-222871632,S3-468731115,S3-276427681,S3-895598264,S2-809665812,S2-400190057,S2-495604525,S3-367901084,S2-744098365,S2-715460557,S3-185659081,S2-917258438,S2-37424835,S3-760959067,S2-476476786,S3-227725397,S3-416247723,S2-258890831,S3-221443476,S3-150632472,S2-742077842,S2-884102769,S2-440948455,S2-784442772,S3-75604340,S3-380741339,S2-634571997,S2-550697952,S3-374810425,S3-469272577,S3-797381132,S3-265204232,S3-170975522,S3-517069981,S3-482581656,S2-638268338,S2-786671109,S2-17102176,S2-229677112,S2-108012128,S2-268861424,S3-464265492,S2-223826524,S2-933865098,S3-361863410,S2-956479781,S3-819001322,S2-560710588,S3-877919199,S3-961421742,S3-825495383,S3-191842349,S2-913930320,S2-938316135,S3-125349995,S2-434748052,S3-580736465,S3-797337828,S2-485885002,S2-910351373,S3-264170444,S3-288440193,S3-198586129,S3-219041197,S3-305215419,S3-688194826
S1-559615219	S2-495604525,S3-995796854,S3-573605691,S2-89663826,S3-185659081,S2-378851466,S3-75604340,S3-184174096,S2-119647643,S2-340420883,S3-289567021,S3-934627663,S2-375151053,S2-222871632,S2-559669701,S2-268861424,S2-258890831,S3-369430171,S2-715460557,S3-380741339,S2-934716922,S3-768772995,S3-150632472,S2-449438476,S2-37424835,S3-469272577,S2-476476786,S3-760959067,S2-884102769,S3-200532536,S2-729157829,S3-86143878,S3-521783865,S3-797337828,S2-809665812,S3-221443476,S3-227725397,S3-64079929,S2-440948455,S3-340374288,S2-160823657,S3-668629842,S3-22088661,S2-744098365,S3-835032939,S3-715117209,S2-400190057,S3-374810425,S3-416247723,S2-550697952,S2-583840796,S3-556228627,S2-933724724,S3-543902884,S2-823489243,S3-517069981,S2-878037834,S2-634571997,S2-416136682,S2-594115095,S2-84473557,S3-695502221,S3-610536355,S2-578484139,S2-193013091,S2-787861634,S2-378846408,S2-412565852,S3-125349995,S3-162993152,S2-938316135,S3-367901084,S3-170975522,S3-937140604,S2-956479781,S3-895598264,S3-265204232,S2-481572644,S3-288440193,S2-485885002,S3-264170444,S2-501534718,S2-726058757,S3-159233685,S2-292567038,S3-819001322,S3-652287374,S3-191842349,S2-654270940,S3-115653125,S2-210791875,S2-891600450,S3-577972146,S3-536202929,S3-158901285
S1-684318101	S2-258890831,S2-193013091,S3-573605691,S3-75604340,S2-84473557,S3-380741339,S3-367901084,S3-521783865,S2-449438476,S2-378846408,S3-652287374,S3-184174096,S3-185659081,S2-375151053,S2-583840796,S3-265204232,S2-578484139,S3-768772995,S3-289567021,S2-119647643,S2-559669701,S2-89663826,S3-468731115,S2-729157829,S2-809665812,S3-22088661,S2-823489243,S3-577972146,S2-412565852,S3-389830698,S3-610536355,S2-744098365,S3-536202929,S3-995796854,S2-340420883,S2-634571997,S3-227725397,S3-276427681,S3-469272577,S2-400190057,S3-668629842,S3-760959067,S2-884102769,S2-726058757,S2-576201028,S2-715460557,S2-784442772,S2-638268338,S3-221443476,S3-150632472,S2-210791875,S2-37424835,S2-933865098,S2-550697952,S3-416247723,S2-934716922,S3-526709055,S3-797381132,S3-92755938,S3-482581656,S2-560710588,S3-125349995,S2-481572644,S2-495604525,S2-485885002,S2-600460285,S2-956479781,S3-937140604,S3-436480804,S3-961421742,S3-288440193,S2-17102176,S2-476476786,S2-222871632,S2-767997013,S3-323904182,S2-891600450,S2-786671109,S3-464265492,S3-560657213,S3-611681699
S1-503487168	S3-18976400,S2-501534718,S3-695502221,S3-98186645,S3-288440193,S3-526709055,S3-536202929,S2-785042722,S2-784442772,S3-218566871,S2-77137709,S3-895598264,S3-276427681,S2-530685908,S3-960416326,S3-652287374,S2-550697952,S2-910351373,S2-742077842,S2-210791875,S3-825495383,S2-592412285,S3-797381132,S3-662721327,S2-767997013,S2-583840796,S3-577972146,S2-193013091,S2-258890831,S3-819001322,S2-933865098,S3-688194826,S2-400190057,S3-768772995,S2-223826524,S3-482581656,S2-576201028,S3-170975522,S2-744098365,S2-594115095,S2-119647643,S2-715460557,S3-305215419,S3-389830698,S2-934716922,S2-378846408,S2-412565852,S2-647447093,S2-809665812,S2-638268338,S3-219844340,S2-262646344,S2-742018880,S3-760959067,S3-610536355,S3-971111671,S3-436480804,S3-125349995,S3-367901084,S3-221443476,S3-580736465,S2-875724478,S2-537184954,S2-600460285,S3-374810425,S3-227725397,S3-10300249,S2-905827553,S2-357438552,S3-289697426,S3-604980231,S3-219041197,S2-317480348,S3-867263634,S3-159233685,S3-464265492,S2-913930320,S2-485885002,S3-264170444,S2-292567038,S2-786671109,S3-811459169,S3-611681699,S2-779040268,S2-578788567,S3-361863410,S3-127741306,S3-158901285,S3-250324284,S3-86143878,S2-434748052,S2-495461061,S2-999853272,S2-229677112,S2-787861634,S2-166809876,S2-440948455,S2-634571997,S2-304177076
S1-967139755	S3-688194826,S3-825495383,S3-464265492,S2-786671109,S3-250324284,S2-229677112,S3-288440193,S3-276427681,S3-960416326,S2-784442772,S3-536202929,S3-695502221,S2-210791875,S3-127741306,S2-434748052,S3-125349995,S3-895598264,S3-170975522,S2-910351373,S3-18976400,S2-600460285,S2-875724478,S3-436480804,S2-767997013,S3-158901285,S2-785042722,S3-652287374,S2-223826524,S3-577972146,S2-578788567,S3-162993152,S2-634571997,S2-501534718,S2-576201028,S2-77137709,S3-819001322,S3-662721327,S3-218566871,S3-173398261,S2-530685908,S3-98186645,S3-961421742,S3-526709055,S2-357438552,S3-482581656,S3-219844340,S2-578484139,S2-193013091,S3-483958914,S3-610536355,S2-787861634,S2-378846408,S2-4583532,S2-592412285,S2-412565852,S2-84473557,S2-933865098,S2-258890831,S2-463756409,S2-262646344,S2-485885002,S3-191842349,S3-877919199,S3-10300249,S3-604980231,S2-317480348,S3-361863410,S2-956479781,S2-292567038,S2-905827553,S2-913930320,S2-550697952,S2-742077842,S3-264170444,S3-853414998,S3-159233685,S3-115653125,S2-537184954,S3-219041197,S2-304177076,S3-580736465,S2-934716922,S2-192345572,S2-166809876,S2-654270940
S1-983819279	S3-185659081,S3-380741339,S2-258890831,S3-469272577,S3-184174096,S2-449438476,S3-22088661,S2-476476786,S3-768772995,S2-412565852,S3-521783865,S2-210791875,S2-89663826,S3-937140604,S3-170975522,S2-416136682,S2-809665812,S3-389830698,S2-84473557,S3-995796854,S3-75604340,S2-560710588,S3-760959067,S3-610536355,S3-560657213,S3-668629842,S2-744098365,S2-884102769,S2-340420883,S2-726058757,S2-823489243,S3-150632472,S3-367901084,S3-468731115,S3-573605691,S3-289567021,S3-227725397,S2-638268338,S2-481572644,S2-37424835,S2-576201028,S2-400190057,S2-119647643,S2-375151053,S2-784442772,S2-495604525,S3-265204232,S2-583840796,S2-715460557,S3-374810425,S2-440948455,S2-634571997,S2-938316135,S3-340374288,S2-701289183,S3-577972146,S3-556228627,S3-221443476,S3-173398261,S3-416247723,S2-193013091,S2-956479781,S2-729157829,S3-877919199,S2-905827553,S3-162993152,S2-504393659,S3-159233685,S3-264170444,S3-464265492,S2-378851466,S3-688194826,S2-222871632,S2-192345572,S2-485885002,S2-559669701,S2-933865098,S2-378846408,S3-125349995,S2-537184954,S2-158121477,S3-825495383,S3-218566871,S2-934716922,S3-652287374,S2-578484139,S2-268861424,S3-536202929,S3-811459169,S2-229677112,S2-530685908,S2-785042722,S3-158901285,S3-10300249
S1-577269922	S3-877919199,S3-825495383,S2-785042722,S3-526709055,S2-913930320,S2-530685908,S3-170975522,S3-662721327,S2-999853272,S2-210791875,S3-115653125,S2-434748052,S2-537184954,S2-784442772,S2-550697952,S2-910351373,S2-223826524,S2-317480348,S3-276427681,S3-688194826,S3-536202929,S2-654270940,S2-767997013,S2-658886344,S3-86143878,S3-895598264,S3-74786614,S3-483958914,S3-369430171,S2-594115095,S2-592412285,S3-797381132,S3-98186645,S2-77137709,S3-934627663,S2-378851466,S3-760959067,S2-934716922,S3-218566871,S3-305215419,S2-583840796,S2-440948455,S2-400190057,S2-715460557,S3-652287374,S3-482581656,S3-577972146,S2-576201028,S3-768772995,S2-744098365,S3-695502221,S3-521783865,S2-258890831,S2-634571997,S2-809665812,S3-158901285,S3-971111671,S2-170244057,S3-92755938,S3-819001322,S2-875724478,S2-485885002,S2-786671109,S3-162993152,S2-905827553,S3-127741306,S3-219041197,S2-292567038,S3-604980231,S2-304177076,S3-191842349,S3-436480804,S3-159233685,S3-960416326,S3-867263634,S3-462677478,S2-956479781,S3-323904182,S3-464265492,S3-289697426,S2-600460285,S2-578788567,S3-125349995,S3-250324284,S3-18976400,S3-227725397,S2-166809876,S3-288440193,S3-811459169,S3-961421742,S2-192345572,S3-560657213,S2-495461061,S2-591078525,S2-229677112,S2-787861634,S2-357438552
S1-87832748	S2-193013091,S2-375151053,S2-449438476,S3-185659081,S3-184174096,S2-378846408,S2-729157829,S2-412565852,S3-521783865,S3-573605691,S2-84473557,S3-468731115,S3-75604340,S3-389830698,S3-668629842,S2-476476786,S3-380741339,S2-583840796,S2-119647643,S2-495604525,S2-37424835,S2-481572644,S3-227725397,S2-258890831,S3-995796854,S3-416247723,S3-367901084,S2-559669701,S2-809665812,S2-744098365,S3-937140604,S3-150632472,S3-221443476,S3-289567021,S2-222871632,S2-268861424,S2-340420883,S3-652287374,S3-760959067,S3-469272577,S2-89663826,S3-22088661,S2-884102769,S2-400190057,S2-823489243,S3-265204232,S2-715460557,S3-340374288,S2-784442772,S3-768772995,S2-934716922,S2-576201028,S2-917258438,S2-440948455,S3-797337828,S3-797381132,S3-374810425,S3-610536355,S3-556228627,S3-577972146,S3-819001322,S2-560710588,S2-786671109,S2-463756409,S2-578484139,S3-125349995,S2-17102176,S2-229677112,S2-485885002,S3-98186645,S3-482581656,S2-210791875,S3-436480804,S3-159233685,S3-464265492,S2-434748052,S3-604980231,S3-191842349,S2-956479781,S3-536202929,S3-611681699,S3-10300249
S1-295346696	S3-715117209,S2-160823657,S2-566025912,S3-305215419,S2-800542765,S3-543902884,S2-575142052,S2-878037834,S2-112287031,S3-203608044,S2-170244057,S3-712130770,S3-200532536,S2-262646344,S3-835032939,S2-158121477,S3-198586129,S3-64079929,S3-556228627,S2-459485143,S2-770341988,S3-971111671,S2-108012128,S3-22321512,S3-92755938,S2-647447093,S3-1062100,S2-416136682,S2-933724724,S2-305637735,S3-577972146,S2-495604525,S2-440948455,S2-559669701,S2-583840796,S2-550697952,S2-809665812,S3-482581656,S2-476476786,S2-594115095,S2-715460557,S2-592412285,S2-222871632,S3-221443476,S3-652287374,S3-668629842,S3-526709055,S3-416247723,S3-469272577,S3-536202929,S2-729157829,S3-227725397,S3-289567021,S3-760959067,S3-22088661,S2-340420883,S2-37424835,S3-340374288,S3-380741339,S3-185659081,S3-934627663,S3-159233685,S2-742018880,S3-643284918,S3-369430171,S3-580736465,S2-223826524,S3-218566871,S3-170975522,S3-162993152,S3-877919199,S3-191842349,S2-412565852,S3-811459169,S3-125349995,S2-119647643,S3-961421742,S2-562037907,S3-115653125,S2-495461061,S2-530685908,S2-779040268,S3-825495383,S2-357438552,S2-638268338,S2-999853272,S2-786671109,S2-77137709
S1-252468250	S3-323904182,S3-18976400,S2-913930320,S2-485885002,S3-288440193,S2-786671109,S3-960416326,S2-600460285,S3-536202929,S3-825495383,S2-229677112,S3-895598264,S2-785042722,S3-276427681,S3-436480804,S2-784442772,S3-250324284,S2-77137709,S3-125349995,S3-580736465,S2-530685908,S2-501534718,S2-905827553,S3-688194826,S2-910351373,S3-464265492,S3-577972146,S3-610536355,S2-578788567,S2-787861634,S2-357438552,S2-192345572,S2-767997013,S2-875724478,S2-634571997,S3-819001322,S3-158901285,S3-695502221,S3-662721327,S3-218566871,S3-961421742,S3-173398261,S3-98186645,S3-219844340,S3-162993152,S2-223826524,S3-170975522,S2-210791875,S3-526709055,S3-127741306,S2-4583532,S3-482581656,S2-592412285,S2-262646344,S2-742018880,S2-193013091,S2-933865098,S2-578484139,S2-638268338,S2-891600450,S3-219041197,S2-317480348,S3-604980231,S3-560657213,S2-304177076,S3-264170444,S3-867263634,S2-292567038,S2-434748052,S2-591078525,S3-289697426,S3-10300249,S2-742077842,S3-811459169,S3-652287374,S3-191842349,S3-374810425,S3-483958914,S3-361863410,S2-537184954,S3-227725397,S2-495461061,S2-779040268,S2-956479781,S2-934716922
S1-781801397	S3-652287374,S3-819001322,S3-695502221,S3-288440193,S2-910351373,S3-158901285,S2-779040268,S3-688194826,S3-464265492,S2-501534718,S2-210791875,S3-825495383,S2-767997013,S2-600460285,S3-436480804,S3-577972146,S3-960416326,S2-785042722,S3-895598264,S3-536202929,S3-610536355,S2-786671109,S2-77137709,S2-634571997,S2-578788567,S2-550697952,S2-784442772,S2-223826524,S2-193013091,S2-875724478,S3-218566871,S2-530685908,S3-98186645,S3-276427681,S3-662721327,S3-170975522,S3-526709055,S3-125349995,S3-797381132,S3-482581656,S3-173398261,S2-592412285,S2-258890831,S2-578484139,S3-219844340,S2-576201028,S2-412565852,S3-18976400,S3-367901084,S2-933865098,S2-583840796,S2-744098365,S3-389830698,S3-768772995,S2-378846408,S2-638268338,S2-715460557,S3-483958914,S2-84473557,S2-742018880,S3-361863410,S2-229677112,S3-580736465,S3-250324284,S2-787861634,S2-485885002,S2-956479781,S3-10300249,S3-604980231,S2-292567038,S3-159233685,S2-913930320,S2-317480348,S3-611681699,S3-289697426,S3-560657213,S2-742077842,S2-905827553,S3-191842349,S3-264170444,S3-115653125,S2-934716922,S3-961421742,S3-227725397,S2-537184954,S2-357438552,S3-323904182,S3-219041197,S2-434748052,S2-729157829
S1-669434847	S3-695502221,S2-913930320,S2-786671109,S2-999853272,S2-192345572,S2-485885002,S3-18976400,S2-530685908,S3-688194826,S3-482581656,S3-289697426,S2-223826524,S3-218566871,S3-825495383,S3-464265492,S3-158901285,S2-654270940,S2-550697952,S3-288440193,S3-170975522,S3-577972146,S3-536202929,S2-785042722,S2-77137709,S3-276427681,S3-115653125,S2-210791875,S3-526709055,S3-960416326,S2-578788567,S3-74786614,S2-658886344,S3-98186645,S3-895598264,S2-592412285,S3-483958914,S3-797381132,S3-662721327,S3-305215419,S3-819001322,S3-219844340,S3-436480804,S2-594115095,S2-910351373,S2-875724478,S2-262646344,S2-501534718,S3-125349995,S2-170244057,S2-784442772,S3-768772995,S3-971111671,S2-715460557,S2-767997013,S2-258890831,S2-4583532,S2-305637735,S2-638268338,S2-891600450,S2-583840796,S3-10300249,S3-604980231,S3-127741306,S2-317480348,S2-292567038,S2-434748052,S3-580736465,S3-611681699,S2-537184954,S3-867263634,S3-159233685,S3-264170444,S3-162993152,S2-956479781,S3-227725397,S3-811459169,S3-250324284,S2-905827553,S2-357438552,S3-853414998,S2-559669701,S2-591078525,S2-440948455,S2-229677112,S2-787861634,S2-600460285,S2-166809876,S2-744098365,S2-742077842,S2-495461061
S1-570053103	S2-578788567,S2-530685908,S3-464265492,S3-218566871,S2-77137709,S3-170975522,S3-288440193,S2-550697952,S3-895598264,S3-536202929,S3-526709055,S2-434748052,S3-652287374,S2-913930320,S2-576201028,S2-786671109,S3-960416326,S2-634571997,S3-18976400,S2-192345572,S3-173398261,S2-223826524,S3-276427681,S3-688194826,S3-825495383,S2-784442772,S2-592412285,S2-210791875,S3-662721327,S3-98186645,S3-482581656,S3-819001322,S3-695502221,S3-797381132,S2-594115095,S3-219844340,S2-785042722,S2-170244057,S2-910351373,S2-767997013,S2-262646344,S2-715460557,S3-125349995,S3-127741306,S2-583840796,S3-577972146,S2-744098365,S3-158901285,S3-436480804,S2-459485143,S3-305215419,S3-92755938,S2-193013091,S2-305637735,S3-74786614,S2-578484139,S2-638268338,S3-610536355,S2-647447093,S2-575142052,S2-600460285,S3-811459169,S3-374810425,S2-591078525,S3-961421742,S2-875724478,S2-905827553,S3-219041197,S3-877919199,S2-537184954,S2-779040268,S2-485885002,S2-495461061,S3-483958914,S2-292567038,S2-229677112,S2-440948455,S3-250853646,S3-361863410,S2-304177076,S2-166809876,S3-227725397,S2-501534718,S3-867263634,S2-357438552,S3-289697426,S3-611681699,S2-999853272,S3-323904182,S3-462677478,S3-560657213,S2-787861634,S3-191842349,S2-317480348
S1-736469556	S3-374810425,S3-227725397,S2-634571997,S3-652287374,S3-610536355,S2-550697952,S2-210791875,S2-784442772,S2-809665812,S2-222871632,S3-185659081,S3-289567021,S2-440948455,S2-375151053,S3-760959067,S2-729157829,S2-400190057,S3-668629842,S3-22088661,S2-823489243,S2-340420883,S3-380741339,S2-89663826,S3-150632472,S2-495604525,S2-416136682,S2-934716922,S2-119647643,S2-715460557,S2-583840796,S2-37424835,S3-340374288,S3-75604340,S2-476476786,S3-573605691,S2-449438476,S3-797337828,S3-521783865,S3-221443476,S2-576201028,S3-995796854,S2-744098365,S2-594115095,S2-378846408,S3-469272577,S3-543902884,S2-884102769,S2-412565852,S3-577972146,S2-193013091,S3-367901084,S2-160823657,S3-184174096,S3-768772995,S3-715117209,S3-468731115,S3-22321512,S3-835032939,S3-556228627,S3-517069981,S3-219041197,S3-536202929,S2-786671109,S2-600460285,S2-292567038,S3-895598264,S3-867263634,S3-323904182,S2-591078525,S3-288440193,S2-913930320,S2-530685908,S2-485885002,S2-910351373,S3-604980231,S2-578788567,S3-877919199,S3-125349995,S2-742077842,S2-787861634,S3-170975522,S2-434748052,S3-436480804,S3-264170444,S3-127741306,S3-560657213,S3-462677478,S2-77137709,S3-73958887,S3-483958914,S3-18976400,S2-192345572,S2-905827553,S3-276427681,S3-811459169,S3-611681699,S2-537184954,S2-317480348,S3-662721327,S2-779040268
S1-483126440	S2-910351373,S3-895598264,S3-877919199,S3-115653125,S2-550697952,S3-219041197,S2-654270940,S3-227725397,S2-634571997,S2-317480348,S2-784442772,S2-223826524,S3-86143878,S2-378851466,S3-369430171,S3-934627663,S2-658886344,S3-521783865,S3-760959067,S3-469272577,S3-483958914,S2-884102769,S3-185659081,S2-375151053,S3-74786614,S3-75604340,S3-64079929,S3-517069981,S3-573605691,S2-440948455,S2-476476786,S2-340420883,S2-729157829,S2-934716922,S2-222871632,S3-200532536,S3-340374288,S2-89663826,S2-594115095,S2-933724724,S3-22321512,S3-825495383,S3-150632472,S3-768772995,S2-400190057,S2-576201028,S3-556228627,S3-797337828,S3-184174096,S3-468731115,S3-221443476,S2-744098365,S3-543902884,S2-809665812,S2-210791875,S2-592412285,S2-770341988,S2-583840796,S2-715460557,S2-119647643,S3-158901285,S2-485885002,S2-537184954,S2-530685908,S3-526709055,S3-960416326,S3-361863410,S2-875724478,S2-905827553,S3-853414998,S2-578788567,S3-436480804,S2-166809876,S3-18976400,S2-292567038,S3-604980231,S3-811459169,S3-464265492,S2-591078525,S3-695502221,S2-913930320,S3-688194826,S3-276427681,S3-170975522,S2-600460285,S3-462677478,S3-611681699,S2-357438552,S3-323904182,S2-4583532,S2-501534718,S3-264170444,S3-577972146,S3-250853646,S3-288440193,S3-536202929,S2-495461061,S2-956479781,S3-250324284,S2-304177076
S1-270951405	S3-323904182,S2-292567038,S2-956479781,S2-784442772,S3-695502221,S3-288440193,S3-536202929,S3-170975522,S3-127741306,S2-434748052,S2-501534718,S2-910351373,S2-787861634,S3-960416326,S3-652287374,S2-767997013,S3-250324284,S2-600460285,S3-125349995,S2-223826524,S2-785042722,S3-577972146,S3-464265492,S3-819001322,S2-229677112,S3-688194826,S3-482581656,S2-210791875,S3-173398261,S3-162993152,S3-159233685,S2-875724478,S3-610536355,S3-662721327,S2-891600450,S3-483958914,S3-158901285,S2-357438552,S3-961421742,S3-768772995,S3-895598264,S2-193013091,S2-578788567,S3-218566871,S2-412565852,S2-495604525,S2-84473557,S3-825495383,S2-530685908,S2-463756409,S3-367901084,S2-566025912,S2-378846408,S2-917258438,S2-634571997,S2-999853272,S3-219844340,S2-938316135,S2-440948455,S3-389830698,S2-913930320,S3-227725397,S3-289697426,S2-485885002,S3-191842349,S3-115653125,S2-317480348,S3-436480804,S3-10300249,S3-604980231,S2-786671109,S3-853414998,S2-742077842,S2-537184954,S2-715460557,S3-361863410,S2-304177076,S3-580736465,S3-264170444,S3-611681699,S3-867263634,S3-462677478,S3-18976400,S2-192345572,S2-550697952,S2-166809876,S2-905827553,S2-592412285,S2-495461061,S2-654270940,S2-77137709,S2-591078525
S1-520799361	S2-89663826,S2-416136682,S3-22088661,S3-995796854,S3-289567021,S3-75604340,S2-375151053,S3-150632472,S3-380741339,S3-468731115,S2-412565852,S2-559669701,S3-610536355,S2-119647643,S3-184174096,S2-938316135,S3-416247723,S2-576201028,S2-583840796,S3-768772995,S3-517069981,S3-797337828,S2-37424835,S3-227725397,S3-185659081,S2-823489243,S2-340420883,S3-760959067,S2-449438476,S2-726058757,S3-374810425,S2-884102769,S3-469272577,S2-809665812,S2-222871632,S3-668629842,S3-573605691,S2-476476786,S2-400190057,S2-729157829,S3-367901084,S2-160823657,S2-378846408,S2-258890831,S3-521783865,S3-221443476,S2-481572644,S2-744098365,S3-340374288,S2-560710588,S3-715117209,S3-556228627,S2-715460557,S2-440948455,S2-933724724,S2-784442772,S3-937140604,S3-543902884,S3-265204232,S3-22321512,S3-305215419,S2-578484139,S2-268861424,S3-877919199,S2-786671109,S2-787861634,S3-895598264,S3-162993152,S2-504393659,S2-956479781,S3-198586129,S3-159233685,S2-550697952,S2-875724478,S3-98186645,S2-537184954,S3-825495383,S3-288440193,S3-695502221,S2-933865098,S2-434748052,S3-191842349,S3-580736465,S2-262646344,S2-910351373,S2-223826524,S2-785042722,S3-464265492,S2-463756409,S3-125349995,S2-767997013,S3-611681699,S2-17102176,S2-193013091,S2-600460285,S2-84473557,S3-369430171,S3-250324284,S3-218566871
S1-81033582	S2-158121477,S2-262646344,S2-575142052,S3-305215419,S2-800542765,S2-112287031,S3-198586129,S3-712130770,S3-971111671,S3-715117209,S3-543902884,S2-170244057,S2-459485143,S3-22321512,S2-647447093,S3-203608044,S2-566025912,S2-878037834,S3-1062100,S3-556228627,S2-770341988,S3-835032939,S3-200532536,S2-160823657,S2-108012128,S3-64079929,S3-92755938,S2-933724724,S2-305637735,S2-476476786,S2-416136682,S3-577972146,S2-785042722,S2-550697952,S2-223826524,S2-559669701,S3-227725397,S2-583840796,S3-482581656,S2-592412285,S2-594115095,S2-715460557,S3-526709055,S2-440948455,S2-809665812,S2-744098365,S3-652287374,S3-536202929,S3-221443476,S2-258890831,S3-797381132,S3-380741339,S3-768772995,S2-884102769,S3-668629842,S3-276427681,S3-389830698,S3-760959067,S3-416247723,S3-340374288,S3-934627663,S3-643284918,S3-369430171,S2-742018880,S2-654270940,S3-688194826,S3-159233685,S3-191842349,S2-495604525,S3-580736465,S3-115653125,S3-819001322,S2-767997013,S2-412565852,S2-891600450,S2-956479781,S3-464265492,S3-560657213,S2-229677112,S3-289697426,S3-125349995,S2-913930320,S3-162993152
S1-56410032	S2-119647643,S2-744098365,S2-559669701,S2-823489243,S3-668629842,S3-521783865,S3-995796854,S2-400190057,S2-729157829,S2-638268338,S3-380741339,S3-265204232,S3-185659081,S2-340420883,S2-550697952,S2-583840796,S3-652287374,S2-222871632,S3-367901084,S3-760959067,S3-797337828,S2-495604525,S2-258890831,S3-797381132,S2-375151053,S3-289567021,S3-389830698,S3-610536355,S3-768772995,S3-150632472,S2-809665812,S3-22088661,S2-884102769,S2-715460557,S3-469272577,S3-221443476,S2-440948455,S2-476476786,S2-594115095,S3-526709055,S3-340374288,S2-210791875,S3-227725397,S3-416247723,S2-934716922,S2-784442772,S3-75604340,S3-276427681,S2-592412285,S3-835032939,S2-89663826,S2-170244057,S3-482581656,S3-92755938,S3-573605691,S2-634571997,S2-578484139,S2-910351373,S2-378846408,S3-577972146,S2-193013091,S2-84473557,S2-933865098,S2-485885002,S2-905827553,S3-536202929,S3-18976400,S3-10300249,S3-937140604,S3-288440193,S2-658886344,S2-229677112,S2-537184954,S3-184174096,S3-264170444,S2-412565852,S3-250324284,S2-504393659,S2-999853272,S3-289697426,S3-695502221,S2-578788567,S3-74786614,S2-938316135,S2-268861424,S2-913930320,S2-416136682,S3-517069981,S3-159233685,S3-853414998
S1-518847572	S3-468731115,S2-784442772,S2-726058757,S3-289567021,S2-158121477,S2-449438476,S3-543902884,S2-119647643,S3-797381132,S2-412565852,S2-742018880,S3-573605691,S3-715117209,S2-416136682,S2-378846408,S2-375151053,S3-22321512,S2-933865098,S2-258890831,S2-583840796,S2-400190057,S2-744098365,S2-823489243,S2-809665812,S3-380741339,S2-89663826,S3-760959067,S3-768772995,S3-389830698,S2-884102769,S3-185659081,S2-715460557,S2-638268338,S3-265204232,S3-668629842,S3-937140604,S3-75604340,S3-227725397,S2-647447093,S2-550697952,S3-367901084,S3-577972146,S2-37424835,S3-22088661,S2-476476786,S3-995796854,S3-150632472,S2-193013091,S3-221443476,S2-701289183,S3-184174096,S2-785042722,S2-938316135,S2-742077842,S3-276427681,S3-469272577,S3-416247723,S3-556228627,S3-521783865,S3-610536355,S3-198586129,S2-878037834,S2-575142052,S3-200532536,S3-560657213,S3-162993152,S2-913930320,S3-712130770,S3-305215419,S2-654270940,S3-811459169,S3-203608044,S3-604980231,S2-160823657,S2-600460285,S3-825495383,S2-262646344,S3-464265492,S3-289697426,S3-797337828,S3-436480804,S2-530685908,S2-112287031,S3-159233685,S2-229677112,S2-485885002,S2-501534718,S3-92755938,S2-800542765,S2-537184954,S3-835032939,S3-18976400,S2-210791875,S3-877919199,S2-917258438,S2-463756409,S3-115653125,S3-611681699,S3-158901285,S3-191842349
S1-776267063	S2-800542765,S3-305215419,S2-112287031,S3-543902884,S2-575142052,S3-556228627,S2-566025912,S2-158121477,S3-715117209,S2-262646344,S2-170244057,S2-459485143,S3-198586129,S3-712130770,S3-22321512,S2-647447093,S2-878037834,S2-160823657,S3-92755938,S3-971111671,S3-200532536,S3-203608044,S2-770341988,S2-108012128,S3-835032939,S3-64079929,S2-933724724,S3-1062100,S3-577972146,S3-536202929,S2-416136682,S3-289567021,S2-476476786,S2-559669701,S2-550697952,S2-583840796,S2-440948455,S2-592412285,S2-715460557,S3-482581656,S3-221443476,S2-340420883,S3-668629842,S2-594115095,S3-760959067,S3-526709055,S2-726058757,S2-809665812,S3-416247723,S2-744098365,S3-469272577,S2-729157829,S2-934716922,S2-884102769,S3-652287374,S3-340374288,S3-227725397,S3-185659081,S3-380741339,S3-389830698,S3-934627663,S2-742018880,S3-159233685,S3-369430171,S3-643284918,S3-825495383,S3-580736465,S3-125349995,S3-250324284,S3-127741306,S3-191842349,S3-162993152,S2-785042722,S2-305637735,S2-229677112,S2-654270940,S3-688194826,S2-638268338,S3-436480804,S2-786671109,S2-412565852,S2-913930320,S2-223826524,S2-910351373,S2-77137709,S2-956479781,S2-485885002
S1-35309228	S2-375151053,S2-119647643,S2-449438476,S2-412565852,S2-193013091,S2-578484139,S3-389830698,S3-573605691,S3-185659081,S3-521783865,S3-995796854,S2-729157829,S2-84473557,S3-760959067,S2-583840796,S2-550697952,S2-378846408,S2-340420883,S3-227725397,S3-380741339,S3-577972146,S2-884102769,S2-934716922,S3-668629842,S2-910351373,S3-367901084,S3-22088661,S3-895598264,S3-468731115,S2-823489243,S2-809665812,S2-400190057,S2-258890831,S3-265204232,S2-744098365,S2-933865098,S2-784442772,S2-715460557,S2-638268338,S3-797381132,S3-75604340,S3-221443476,S3-276427681,S2-89663826,S2-779040268,S3-289567021,S3-768772995,S3-652287374,S3-469272577,S2-559669701,S2-576201028,S3-610536355,S3-150632472,S2-476476786,S2-594115095,S3-526709055,S3-416247723,S3-482581656,S3-340374288,S3-695502221,S3-819001322,S2-268861424,S2-434748052,S2-229677112,S2-210791875,S2-495604525,S2-786671109,S2-913930320,S2-416136682,S2-485885002,S2-701289183,S3-464265492,S3-170975522,S3-191842349,S3-250324284,S3-162993152,S2-463756409,S3-604980231,S2-504393659,S3-219041197,S3-825495383,S3-125349995,S2-767997013,S3-159233685,S3-184174096,S2-956479781,S3-560657213,S2-222871632,S3-961421742,S3-264170444,S3-536202929
S1-493139457	S3-688194826,S2-910351373,S3-483958914,S3-895598264,S3-536202929,S3-276427681,S3-288440193,S3-652287374,S3-610536355,S2-223826524,S2-784442772,S3-577972146,S2-210791875,S2-530685908,S3-218566871,S2-785042722,S3-695502221,S2-440948455,S2-767997013,S2-742077842,S3-819001322,S3-18976400,S2-634571997,S2-592412285,S2-550697952,S3-526709055,S3-482581656,S2-594115095,S2-583840796,S3-797381132,S2-809665812,S3-74786614,S3-98186645,S3-971111671,S2-658886344,S3-662721327,S2-193013091,S2-715460557,S3-835032939,S2-744098365,S3-305215419,S2-258890831,S3-825495383,S2-170244057,S3-380741339,S2-400190057,S2-576201028,S3-760959067,S2-934716922,S3-768772995,S2-575142052,S3-92755938,S2-262646344,S3-219844340,S2-559669701,S2-770341988,S3-668629842,S2-119647643,S3-543902884,S2-158121477,S2-229677112,S2-317480348,S2-600460285,S2-786671109,S3-580736465,S2-77137709,S3-604980231,S2-485885002,S2-913930320,S3-323904182,S3-289697426,S3-191842349,S2-787861634,S2-434748052,S3-361863410,S3-611681699,S2-304177076,S3-219041197,S2-292567038,S3-115653125,S3-10300249,S3-464265492,S3-125349995,S3-227725397,S3-374810425,S2-192345572,S3-159233685,S2-501534718,S3-436480804,S3-264170444,S2-537184954,S2-779040268,S2-357438552,S2-956479781,S2-905827553,S2-578788567,S2-875724478
S1-895087526	S3-961421742,S2-875724478,S2-530685908,S3-288440193,S2-786671109,S3-127741306,S2-787861634,S3-895598264,S3-580736465,S3-536202929,S3-577972146,S2-600460285,S3-436480804,S2-785042722,S2-357438552,S3-159233685,S2-229677112,S3-125349995,S2-77137709,S2-910351373,S3-158901285,S3-464265492,S2-292567038,S3-218566871,S3-18976400,S3-170975522,S2-223826524,S3-825495383,S2-501534718,S3-610536355,S2-956479781,S2-905827553,S2-784442772,S2-999853272,S3-250324284,S3-173398261,S3-162993152,S2-578788567,S3-695502221,S3-819001322,S3-960416326,S3-323904182,S3-483958914,S2-767997013,S3-662721327,S3-688194826,S2-463756409,S2-84473557,S3-367901084,S2-578484139,S2-193013091,S2-4583532,S2-210791875,S3-219844340,S3-98186645,S2-933865098,S2-412565852,S2-17102176,S2-917258438,S2-434748052,S2-166809876,S3-877919199,S3-219041197,S3-652287374,S3-526709055,S3-86143878,S2-634571997,S3-867263634,S3-10300249,S2-304177076,S3-276427681,S3-374810425,S3-264170444,S3-604980231,S2-742077842,S2-495461061,S3-289697426,S2-485885002,S2-317480348,S3-115653125,S2-537184954,S2-913930320,S2-591078525,S2-576201028,S2-779040268,S2-192345572
S1-829126727	S3-895598264,S3-536202929,S3-288440193,S2-485885002,S2-786671109,S2-600460285,S3-464265492,S3-18976400,S2-530685908,S3-436480804,S2-913930320,S3-695502221,S2-910351373,S3-158901285,S2-550697952,S3-125349995,S3-577972146,S2-77137709,S2-229677112,S3-688194826,S3-825495383,S3-662721327,S2-785042722,S3-483958914,S3-170975522,S2-578788567,S2-875724478,S2-784442772,S2-223826524,S2-357438552,S2-787861634,S3-127741306,S2-192345572,S3-219844340,S3-819001322,S3-218566871,S3-98186645,S2-501534718,S2-592412285,S3-276427681,S3-250324284,S3-482581656,S3-960416326,S3-797381132,S3-526709055,S2-767997013,S2-891600450,S3-961421742,S2-594115095,S2-262646344,S2-658886344,S2-4583532,S2-210791875,S3-305215419,S3-173398261,S2-193013091,S2-933865098,S3-768772995,S2-742018880,S2-258890831,S3-219041197,S3-264170444,S3-289697426,S2-956479781,S2-905827553,S2-434748052,S2-537184954,S2-292567038,S3-462677478,S3-227725397,S3-652287374,S2-317480348,S3-374810425,S3-853414998,S3-867263634,S3-580736465,S2-742077842,S3-191842349,S3-877919199,S3-560657213,S2-304177076,S3-10300249,S2-634571997,S2-999853272,S2-166809876,S2-591078525,S2-654270940
S1-457973373	S2-800542765,S2-112287031,S3-556228627,S3-543902884,S2-575142052,S2-566025912,S3-305215419,S2-647447093,S2-262646344,S2-170244057,S2-160823657,S3-715117209,S2-158121477,S2-878037834,S3-92755938,S3-971111671,S3-712130770,S3-200532536,S2-770341988,S3-64079929,S3-22321512,S2-108012128,S3-203608044,S2-933724724,S3-835032939,S2-416136682,S3-227725397,S3-577972146,S2-550697952,S2-476476786,S3-760959067,S2-440948455,S2-715460557,S2-583840796,S2-594115095,S2-809665812,S3-289567021,S2-375151053,S2-726058757,S3-668629842,S3-185659081,S3-221443476,S2-37424835,S2-784442772,S2-592412285,S2-934716922,S2-744098365,S2-340420883,S2-559669701,S3-340374288,S3-374810425,S3-610536355,S3-536202929,S3-469272577,S3-380741339,S3-150632472,S3-416247723,S3-768772995,S3-573605691,S3-521783865,S2-459485143,S3-934627663,S2-742018880,S3-198586129,S3-643284918,S3-159233685,S3-369430171,S3-825495383,S3-580736465,S3-218566871,S3-464265492,S3-162993152,S2-119647643,S3-517069981,S3-125349995,S2-785042722,S3-158901285,S3-127741306,S3-191842349,S2-223826524,S3-961421742,S2-786671109,S2-638268338,S2-229677112,S2-999853272,S2-654270940,S2-77137709,S2-913930320,S2-485885002,S2-875724478,S2-317480348,S2-779040268
S1-74852342	S3-185659081,S3-760959067,S2-476476786,S3-668629842,S3-184174096,S2-193013091,S2-583840796,S2-729157829,S3-573605691,S2-559669701,S2-412565852,S3-367901084,S3-995796854,S3-340374288,S2-715460557,S3-797381132,S3-221443476,S3-389830698,S2-210791875,S2-84473557,S2-222871632,S3-469272577,S2-495604525,S3-276427681,S2-119647643,S3-289567021,S3-227725397,S3-380741339,S2-449438476,S3-468731115,S2-809665812,S3-416247723,S2-744098365,S2-400190057,S2-375151053,S2-823489243,S2-378846408,S2-884102769,S2-340420883,S3-22088661,S2-258890831,S2-89663826,S3-265204232,S2-440948455,S2-37424835,S2-268861424,S3-150632472,S2-917258438,S3-75604340,S3-768772995,S2-784442772,S3-652287374,S2-594115095,S2-550697952,S3-610536355,S3-374810425,S3-482581656,S3-577972146,S3-526709055,S3-521783865,S3-611681699,S3-159233685,S2-229677112,S2-560710588,S3-819001322,S2-463756409,S2-726058757,S3-695502221,S2-495461061,S2-578484139,S2-434748052,S2-17102176,S3-464265492,S2-956479781,S2-223826524,S3-158901285,S2-504393659,S2-742077842,S2-638268338,S2-913930320,S2-934716922,S3-934627663,S2-786671109,S2-485885002,S3-162993152,S3-18976400,S3-1062100,S3-604980231,S3-191842349,S3-125349995
S1-280936763	S2-501534718,S2-600460285,S2-785042722,S3-895598264,S3-536202929,S3-162993152,S3-960416326,S3-374810425,S2-634571997,S2-223826524,S3-170975522,S3-961421742,S2-784442772,S3-560657213,S3-323904182,S3-173398261,S3-604980231,S2-956479781,S3-227725397,S2-576201028,S2-787861634,S3-577972146,S3-218566871,S3-159233685,S2-938316135,S3-517069981,S3-468731115,S2-891600450,S3-288440193,S2-504393659,S3-937140604,S2-412565852,S3-610536355,S3-768772995,S2-84473557,S2-701289183,S2-638268338,S2-742018880,S3-483958914,S2-647447093,S2-560710588,S2-917258438,S2-726058757,S2-566025912,S3-573605691,S2-119647643,S2-481572644,S2-495604525,S3-662721327,S2-258890831,S2-744098365,S3-150632472,S2-416136682,S2-210791875,S3-219041197,S3-760959067,S3-185659081,S2-449438476,S3-367901084,S3-819001322,S3-250324284,S2-292567038,S2-875724478,S3-250853646,S3-611681699,S3-464265492,S2-742077842,S2-591078525,S3-86143878,S2-495461061,S3-811459169,S2-537184954,S3-877919199,S2-317480348,S3-462677478,S3-695502221,S2-999853272,S3-158901285,S3-688194826,S3-264170444,S2-786671109,S2-530685908,S3-310059196,S3-717745791,S3-125349995,S3-580736465,S2-485885002,S2-779040268,S2-905827553,S2-578788567,S2-434748052,S2-77137709,S2-166809876,S2-550697952,S2-913930320,S2-562037907,S2-919241341
S1-999165514	S3-374810425,S3-170975522,S3-877919199,S3-517069981,S3-610536355,S3-895598264,S2-785042722,S2-223826524,S2-634571997,S2-210791875,S2-956479781,S2-440948455,S3-560657213,S2-317480348,S3-173398261,S2-910351373,S3-86143878,S3-369430171,S2-654270940,S2-658886344,S2-378851466,S3-483958914,S3-760959067,S2-222871632,S3-115653125,S3-825495383,S2-784442772,S3-185659081,S2-476476786,S3-227725397,S3-469272577,S2-495604525,S3-934627663,S3-64079929,S3-150632472,S2-340420883,S3-768772995,S2-37424835,S2-576201028,S3-556228627,S2-592412285,S3-75604340,S3-468731115,S2-594115095,S2-729157829,S2-744098365,S2-715460557,S2-566025912,S2-938316135,S2-504393659,S2-550697952,S3-340374288,S3-573605691,S2-375151053,S3-289567021,S2-89663826,S2-884102769,S3-221443476,S3-521783865,S3-995796854,S2-578788567,S2-779040268,S3-811459169,S2-357438552,S2-537184954,S3-218566871,S3-361863410,S2-600460285,S3-580736465,S3-158901285,S2-591078525,S3-867263634,S2-875724478,S2-495461061,S2-530685908,S3-219041197,S3-250853646,S2-905827553,S2-999853272,S2-787861634,S3-159233685,S3-250324284,S3-125349995,S2-913930320,S3-961421742,S3-464265492,S3-960416326,S2-304177076,S3-264170444,S3-288440193,S3-853414998,S3-536202929,S3-162993152,S2-292567038,S2-742077842,S3-73958887,S3-611681699,S2-485885002,S3-577972146,S2-809665812
S1-395055615	S2-412565852,S2-375151053,S2-37424835,S2-560710588,S3-367901084,S3-184174096,S3-185659081,S3-995796854,S2-449438476,S2-119647643,S3-22088661,S2-378846408,S3-150632472,S2-744098365,S3-221443476,S3-340374288,S3-380741339,S3-937140604,S3-668629842,S2-89663826,S3-227725397,S2-559669701,S3-797337828,S2-729157829,S3-760959067,S3-610536355,S2-809665812,S2-416136682,S3-768772995,S2-823489243,S3-521783865,S3-416247723,S3-265204232,S3-289567021,S3-75604340,S2-340420883,S2-222871632,S2-476476786,S3-374810425,S3-573605691,S2-481572644,S3-469272577,S2-726058757,S2-884102769,S2-495604525,S2-938316135,S2-400190057,S3-468731115,S2-440948455,S2-784442772,S2-715460557,S2-160823657,S2-933724724,S2-258890831,S2-917258438,S3-715117209,S3-556228627,S3-517069981,S3-22321512,S3-389830698,S2-193013091,S2-84473557,S3-98186645,S2-578484139,S2-210791875,S2-956479781,S2-786671109,S2-229677112,S3-819001322,S2-583840796,S3-162993152,S3-159233685,S2-268861424,S3-436480804,S2-485885002,S3-797381132,S2-434748052,S3-877919199,S2-504393659,S2-17102176,S2-537184954,S2-463756409,S3-191842349,S2-913930320,S3-125349995,S3-604980231,S3-652287374
S1-862701045	S3-464265492,S3-18976400,S3-288440193,S2-600460285,S3-662721327,S2-785042722,S2-784442772,S3-127741306,S2-77137709,S2-910351373,S3-536202929,S3-688194826,S2-530685908,S3-819001322,S3-895598264,S2-501534718,S3-158901285,S2-192345572,S3-436480804,S3-323904182,S2-767997013,S2-578788567,S3-218566871,S3-695502221,S2-592412285,S3-98186645,S3-577972146,S3-482581656,S2-210791875,S3-125349995,S3-170975522,S2-223826524,S3-526709055,S3-276427681,S2-638268338,S2-647447093,S3-389830698,S2-715460557,S2-933865098,S3-960416326,S3-768772995,S3-797381132,S2-305637735,S2-193013091,S2-262646344,S2-744098365,S2-578484139,S3-173398261,S2-258890831,S2-594115095,S2-701289183,S3-367901084,S2-412565852,S2-742018880,S2-158121477,S2-583840796,S2-550697952,S3-219844340,S3-305215419,S3-610536355,S2-229677112,S2-787861634,S3-191842349,S3-227725397,S3-825495383,S2-304177076,S3-289697426,S2-317480348,S3-652287374,S3-159233685,S2-786671109,S3-219041197,S2-905827553,S2-495461061,S3-374810425,S3-483958914,S3-604980231,S2-485885002,S2-634571997,S3-264170444,S2-956479781,S3-361863410,S3-10300249,S3-250324284,S3-580736465,S3-811459169,S2-742077842,S2-434748052,S2-913930320,S3-115653125,S3-462677478,S2-292567038,S2-357438552,S2-779040268,S2-591078525,S2-166809876,S2-537184954,S2-875724478
S1-674871004	S3-536202929,S3-125349995,S2-223826524,S2-787861634,S3-288440193,S3-173398261,S2-785042722,S3-610536355,S3-895598264,S2-600460285,S3-577972146,S3-374810425,S3-695502221,S3-662721327,S3-218566871,S3-170975522,S2-956479781,S2-592412285,S3-464265492,S2-566025912,S2-938316135,S2-463756409,S2-647447093,S2-170244057,S2-495604525,S3-768772995,S3-556228627,S2-440948455,S2-726058757,S3-960416326,S2-258890831,S3-367901084,S3-92755938,S2-416136682,S2-559669701,S2-84473557,S2-784442772,S2-210791875,S3-389830698,S2-917258438,S2-767997013,S2-262646344,S3-162993152,S3-482581656,S2-715460557,S2-744098365,S2-800542765,S2-594115095,S3-995796854,S3-227725397,S2-504393659,S3-159233685,S2-742018880,S2-449438476,S3-185659081,S3-416247723,S3-715117209,S3-289567021,S3-760959067,S3-526709055,S3-543902884,S2-357438552,S3-264170444,S3-158901285,S3-462677478,S3-611681699,S3-219041197,S3-825495383,S3-652287374,S2-495461061,S2-77137709,S3-18976400,S2-537184954,S2-905827553,S2-934716922,S2-485885002,S2-786671109,S3-289697426,S3-811459169,S3-688194826,S2-304177076,S2-292567038,S3-853414998,S2-530685908,S2-578788567,S2-229677112,S2-634571997,S3-867263634,S2-192345572,S3-580736465,S3-961421742,S3-127741306,S3-250853646,S2-501534718,S2-591078525,S2-654270940,S2-913930320,S2-999853272,S2-742077842,S2-875724478
S1-287307821	S3-170975522,S2-600460285,S3-960416326,S2-785042722,S3-159233685,S3-162993152,S3-288440193,S2-210791875,S3-125349995,S3-604980231,S3-695502221,S2-767997013,S3-323904182,S3-560657213,S2-223826524,S3-536202929,S2-779040268,S2-578788567,S2-530685908,S2-292567038,S3-464265492,S3-961421742,S2-77137709,S2-634571997,S2-357438552,S2-875724478,S2-17102176,S3-173398261,S2-784442772,S3-819001322,S3-662721327,S3-389830698,S2-501534718,S3-218566871,S2-258890831,S3-577972146,S2-576201028,S2-4583532,S2-647447093,S3-127741306,S3-468731115,S3-158901285,S2-638268338,S3-367901084,S2-504393659,S2-933865098,S2-412565852,S3-760959067,S2-268861424,S2-744098365,S3-797381132,S3-98186645,S2-378846408,S2-566025912,S2-742018880,S2-84473557,S3-265204232,S3-483958914,S3-768772995,S3-611681699,S2-229677112,S2-434748052,S2-537184954,S3-895598264,S2-913930320,S2-304177076,S3-877919199,S2-786671109,S3-580736465,S2-317480348,S2-485885002,S2-910351373,S3-276427681,S2-934716922,S3-610536355,S2-550697952,S3-219041197,S3-436480804,S3-264170444,S2-956479781,S3-250324284,S2-192345572,S3-652287374,S3-115653125,S2-654270940,S3-191842349,S3-227725397,S3-289697426,S3-825495383,S3-10300249,S2-787861634,S3-374810425,S2-440948455
S1-273768056	S2-878037834,S3-543902884,S2-800542765,S2-566025912,S2-112287031,S3-715117209,S3-556228627,S3-305215419,S2-575142052,S3-200532536,S2-770341988,S3-92755938,S2-459485143,S2-108012128,S2-647447093,S3-835032939,S2-160823657,S3-712130770,S2-262646344,S3-64079929,S3-198586129,S2-158121477,S3-971111671,S3-22321512,S2-170244057,S3-203608044,S2-933724724,S3-1062100,S3-536202929,S3-577972146,S3-289567021,S2-934716922,S2-416136682,S2-550697952,S2-476476786,S2-440948455,S2-583840796,S2-592412285,S2-594115095,S2-559669701,S3-482581656,S2-715460557,S3-526709055,S3-221443476,S3-469272577,S2-729157829,S3-340374288,S2-210791875,S2-222871632,S2-809665812,S2-340420883,S3-668629842,S2-744098365,S3-416247723,S3-760959067,S3-521783865,S3-652287374,S3-185659081,S3-227725397,S3-797381132,S3-934627663,S2-742018880,S3-369430171,S3-643284918,S3-580736465,S3-825495383,S3-218566871,S2-913930320,S3-159233685,S3-250324284,S2-485885002,S3-464265492,S2-119647643,S2-305637735,S3-127741306,S3-18976400,S2-891600450,S3-289697426,S3-115653125,S2-999853272,S2-654270940,S2-767997013,S2-229677112,S2-77137709,S2-317480348,S2-537184954,S2-784442772
S1-323395452	S2-784442772,S2-530685908,S3-536202929,S2-785042722,S3-662721327,S3-227725397,S2-550697952,S2-223826524,S3-482581656,S2-192345572,S3-288440193,S3-695502221,S3-577972146,S3-895598264,S3-170975522,S2-594115095,S2-910351373,S2-767997013,S2-592412285,S2-583840796,S3-797381132,S3-276427681,S2-400190057,S2-715460557,S2-258890831,S3-526709055,S3-98186645,S2-744098365,S3-768772995,S2-809665812,S2-119647643,S3-305215419,S2-210791875,S2-638268338,S3-760959067,S2-934716922,S2-933865098,S2-262646344,S2-701289183,S3-610536355,S3-668629842,S3-819001322,S2-170244057,S2-412565852,S2-158121477,S3-185659081,S3-652287374,S3-22321512,S2-440948455,S2-575142052,S3-971111671,S2-193013091,S2-770341988,S3-218566871,S3-92755938,S3-389830698,S3-265204232,S3-221443476,S3-74786614,S3-380741339,S2-999853272,S2-166809876,S2-537184954,S2-485885002,S2-913930320,S2-292567038,S3-127741306,S2-786671109,S2-875724478,S3-219041197,S2-578788567,S3-250324284,S3-264170444,S2-434748052,S3-462677478,S3-877919199,S3-867263634,S2-905827553,S3-18976400,S3-436480804,S3-86143878,S2-600460285,S3-374810425,S2-787861634,S3-289697426,S2-742077842,S3-825495383,S3-158901285,S3-604980231,S2-956479781,S3-853414998,S3-10300249,S2-317480348,S3-580736465,S3-464265492,S2-591078525,S3-323904182,S3-688194826,S2-304177076,S2-495461061
S1-4144001	S3-22088661,S2-89663826,S3-760959067,S2-119647643,S3-185659081,S2-258890831,S3-573605691,S2-559669701,S2-938316135,S3-184174096,S3-389830698,S2-449438476,S2-37424835,S3-469272577,S2-378846408,S2-809665812,S3-995796854,S3-468731115,S2-375151053,S2-84473557,S2-560710588,S3-937140604,S3-340374288,S3-150632472,S3-367901084,S3-768772995,S2-481572644,S2-744098365,S3-797337828,S3-75604340,S3-289567021,S2-476476786,S3-374810425,S2-340420883,S2-726058757,S3-227725397,S2-222871632,S2-884102769,S2-416136682,S3-668629842,S2-729157829,S2-495604525,S2-160823657,S2-504393659,S2-823489243,S2-933724724,S2-917258438,S3-416247723,S3-221443476,S3-715117209,S2-715460557,S2-400190057,S2-566025912,S3-517069981,S3-556228627,S3-521783865,S3-380741339,S3-543902884,S3-22321512,S3-610536355,S2-412565852,S2-956479781,S3-797381132,S2-578484139,S2-292567038,S2-550697952,S3-162993152,S2-193013091,S2-17102176,S3-191842349,S3-323904182,S2-634571997,S3-819001322,S2-583840796,S2-786671109,S2-576201028,S2-223826524,S3-695502221,S3-611681699,S3-483958914,S2-501534718,S2-767997013,S3-688194826,S3-652287374,S2-742077842,S2-192345572,S3-159233685,S3-218566871,S3-265204232,S3-934627663,S3-877919199
S1-512210875	S3-185659081,S3-469272577,S3-380741339,S3-150632472,S2-119647643,S2-412565852,S2-193013091,S2-89663826,S3-937140604,S2-258890831,S2-84473557,S3-521783865,S3-668629842,S2-416136682,S3-265204232,S3-184174096,S3-517069981,S2-340420883,S2-37424835,S2-744098365,S2-400190057,S3-768772995,S3-367901084,S2-559669701,S3-221443476,S3-573605691,S2-476476786,S3-75604340,S2-375151053,S2-884102769,S2-823489243,S3-760959067,S2-378846408,S3-289567021,S2-449438476,S2-809665812,S2-583840796,S2-715460557,S3-995796854,S2-726058757,S3-389830698,S2-917258438,S3-416247723,S2-495604525,S2-938316135,S2-481572644,S2-784442772,S3-227725397,S2-729157829,S2-222871632,S2-933865098,S3-468731115,S3-577972146,S3-610536355,S3-374810425,S3-22088661,S3-340374288,S3-556228627,S3-715117209,S3-797337828,S2-956479781,S2-999853272,S3-86143878,S3-170975522,S2-742077842,S2-504393659,S3-264170444,S2-440948455,S2-785042722,S2-223826524,S3-218566871,S2-292567038,S2-537184954,S3-662721327,S2-485885002,S2-560710588,S2-787861634,S2-578484139,S3-162993152,S2-905827553,S3-10300249,S2-357438552,S2-268861424,S3-289697426,S2-913930320,S3-580736465,S3-877919199,S3-695502221,S3-173398261,S2-578788567,S3-867263634,S3-219844340,S3-18976400,S3-127741306
S1-143287441	S3-536202929,S3-374810425,S2-634571997,S3-288440193,S3-227725397,S2-600460285,S3-960416326,S2-779040268,S3-652287374,S3-170975522,S3-610536355,S2-767997013,S2-784442772,S3-125349995,S2-119647643,S2-787861634,S2-37424835,S2-84473557,S3-150632472,S3-173398261,S3-367901084,S2-560710588,S3-995796854,S2-378846408,S2-938316135,S2-495604525,S2-726058757,S2-449438476,S2-440948455,S3-159233685,S2-412565852,S2-463756409,S3-185659081,S2-268861424,S2-481572644,S2-222871632,S3-517069981,S3-760959067,S2-193013091,S3-289567021,S3-468731115,S2-917258438,S3-768772995,S3-184174096,S2-566025912,S3-75604340,S2-823489243,S2-340420883,S2-715460557,S2-576201028,S2-744098365,S2-504393659,S3-389830698,S3-577972146,S3-668629842,S3-937140604,S3-416247723,S3-162993152,S3-221443476,S3-573605691,S3-219041197,S3-560657213,S3-895598264,S2-578788567,S2-786671109,S3-276427681,S2-742077842,S3-436480804,S2-485885002,S2-905827553,S3-264170444,S2-591078525,S2-537184954,S3-323904182,S2-913930320,S2-910351373,S3-695502221,S2-292567038,S2-317480348,S3-73958887,S3-611681699,S3-361863410,S3-483958914,S2-934716922,S2-77137709,S3-867263634,S3-18976400,S3-604980231,S3-250324284,S3-10300249,S2-550697952,S2-956479781,S3-877919199,S2-654270940,S3-961421742,S2-229677112,S2-434748052,S3-289697426,S3-158901285,S2-166809876
