source1_id	candidate_id	bert_rank	bert_sim	learned_rank	learned_sim	classical_score	blocking_keys	in_bert	in_learned	in_classical	num_pipelines	priority
S1-714132312	S2-193013091	1.0	0.4727765917778015	6.0	0.9588373899459839	0.0		True	True	False	2	201.43161398172379
S1-714132312	S2-742077842	2.0	0.45775625109672546		0.0	0.0		True	False	False	1	100.45775625109673
S1-714132312	S2-158121477	3.0	0.4540894031524658		0.0	0.0		True	False	False	1	100.45408940315247
S1-714132312	S2-412565852	4.0	0.44152501225471497	7.0	0.9585170149803162	0.0		True	True	False	2	201.40004202723503
S1-714132312	S2-823489243	5.0	0.43842214345932007	19.0	0.9475054740905762	0.0		True	True	False	2	201.3859276175499
S1-714132312	S2-767997013	6.0	0.43609845638275146		0.0	0.0		True	False	False	1	100.43609845638275
S1-714132312	S2-592412285	7.0	0.4358804523944855		0.0	0.0		True	False	False	1	100.43588045239449
S1-714132312	S2-560710588	8.0	0.42707809805870056		0.0	0.0		True	False	False	1	100.4270780980587
S1-714132312	S2-933865098	9.0	0.42091095447540283		0.0	0.0		True	False	False	1	100.4209109544754
S1-714132312	S2-84473557	10.0	0.4159545302391052	14.0	0.9536833763122559	0.0		True	True	False	2	201.36963790655136
S1-714132312	S2-933724724	11.0	0.4134906530380249		0.0	0.0		True	False	False	1	100.41349065303802
S1-714132312	S2-726058757	12.0	0.4132007956504822		0.0	0.0		True	False	False	1	100.41320079565048
S1-714132312	S2-476476786	13.0	0.4059504568576813	17.0	0.948209285736084	0.0		True	True	False	2	201.35415974259377
S1-714132312	S2-578788567	14.0	0.3963123559951782		0.0	0.0		True	False	False	1	100.39631235599518
S1-714132312	S2-400190057	15.0	0.3945586681365967	12.0	0.9548923373222351	0.0		True	True	False	2	201.34945100545883
S1-714132312	S2-654270940	16.0	0.3936941921710968		0.0	0.0		True	False	False	1	100.3936941921711
S1-714132312	S2-449438476	17.0	0.391594260931015	24.0	0.94242262840271	0.0		True	True	False	2	201.33401688933372
S1-714132312	S2-119647643	18.0	0.3856593668460846	16.0	0.9520026445388794	0.0		True	True	False	2	201.33766201138496
S1-714132312	S2-495604525	19.0	0.3855086863040924	3.0	0.9637613892555237	0.0		True	True	False	2	201.34927007555962
S1-714132312	S2-913930320	20.0	0.378267765045166		0.0	0.0		True	False	False	1	100.37826776504517
S1-714132312	S2-744098365	21.0	0.3776235580444336	10.0	0.9566679000854492	0.0		True	True	False	2	201.33429145812988
S1-714132312	S2-583840796	22.0	0.37542039155960083	20.0	0.9470202922821045	0.0		True	True	False	2	201.3224406838417
S1-714132312	S2-938316135	23.0	0.3754004240036011	30.0	0.9388346672058105	0.0		True	True	False	2	201.3142350912094
S1-714132312	S2-340420883	24.0	0.3751942217350006	23.0	0.9426022171974182	0.0		True	True	False	2	201.31779643893242
S1-714132312	S2-262646344	25.0	0.3584599196910858		0.0	0.0		True	False	False	1	100.35845991969109
S1-714132312	S2-485885002	26.0	0.3584143817424774		0.0	0.0		True	False	False	1	100.35841438174248
S1-714132312	S2-559669701	27.0	0.3583882451057434	11.0	0.9564388394355774	0.0		True	True	False	2	201.31482708454132
S1-714132312	S2-268861424	28.0	0.3569168746471405	18.0	0.9481827020645142	0.0		True	True	False	2	201.30509957671165
S1-714132312	S2-956479781	29.0	0.3552229404449463		0.0	0.0		True	False	False	1	100.35522294044495
S1-714132312	S2-578484139	30.0	0.35401982069015503		0.0	0.0		True	False	False	1	100.35401982069016
S1-714132312	S3-389830698	1.0	0.5068781971931458	16.0	0.9429876804351807	0.0		True	True	False	2	201.44986587762833
S1-714132312	S3-937140604	2.0	0.4673396944999695		0.0	0.0		True	False	False	1	100.46733969449997
S1-714132312	S3-797381132	3.0	0.4450504183769226	13.0	0.9454032182693481	0.0		True	True	False	2	201.39045363664627
S1-714132312	S3-483958914	4.0	0.41314077377319336		0.0	0.0		True	False	False	1	100.4131407737732
S1-714132312	S3-668629842	5.0	0.39034491777420044	1.0	0.9696305990219116	0.0		True	True	False	2	201.3599755167961
S1-714132312	S3-185659081	6.0	0.3869814872741699	6.0	0.952996551990509	0.0		True	True	False	2	201.33997803926468
S1-714132312	S3-652287374	7.0	0.3849782943725586	10.0	0.9480177760124207	0.0		True	True	False	2	201.33299607038498
S1-714132312	S3-367901084	8.0	0.3847128748893738	8.0	0.9505184888839722	0.0		True	True	False	2	201.33523136377335
S1-714132312	S3-323904182	9.0	0.3831600844860077		0.0	0.0		True	False	False	1	100.38316008448601
S1-714132312	S3-227725397	10.0	0.3829888701438904	9.0	0.9482839703559875	0.0		True	True	False	2	201.33127284049988
S1-714132312	S3-276427681	11.0	0.3823126554489136	23.0	0.933904230594635	0.0		True	True	False	2	201.31621688604355
S1-714132312	S3-250324284	12.0	0.376458078622818		0.0	0.0		True	False	False	1	100.37645807862282
S1-714132312	S3-760959067	13.0	0.37508344650268555	4.0	0.9549022912979126	0.0		True	True	False	2	201.3299857378006
S1-714132312	S3-219041197	14.0	0.37308961153030396		0.0	0.0		True	False	False	1	100.3730896115303
S1-714132312	S3-469272577	15.0	0.37070977687835693	17.0	0.9427090883255005	0.0		True	True	False	2	201.31341886520386
S1-714132312	S3-22088661	16.0	0.37038660049438477	21.0	0.9346942901611328	0.0		True	True	False	2	201.30508089065552
S1-714132312	S3-1062100	17.0	0.36962926387786865		0.0	0.0		True	False	False	1	100.36962926387787
S1-714132312	S3-380741339	18.0	0.3688187301158905	15.0	0.9432152509689331	0.0		True	True	False	2	201.31203398108482
S1-714132312	S3-184174096	19.0	0.3678915202617645	14.0	0.9434789419174194	0.0		True	True	False	2	201.31137046217918
S1-714132312	S3-521783865	20.0	0.3671310842037201		0.0	0.0		True	False	False	1	100.36713108420372
S1-714132312	S3-92755938	21.0	0.3647552728652954		0.0	0.0		True	False	False	1	100.3647552728653
S1-714132312	S3-98186645	22.0	0.36078745126724243		0.0	0.0		True	False	False	1	100.36078745126724
S1-714132312	S3-265204232	23.0	0.35675516724586487	12.0	0.9459027647972107	0.0		True	True	False	2	201.30265793204308
S1-714132312	S3-374810425	24.0	0.3561098575592041	25.0	0.9314730763435364	0.0		True	True	False	2	201.28758293390274
S1-714132312	S3-482581656	25.0	0.35559898614883423	29.0	0.9293292760848999	0.0		True	True	False	2	201.28492826223373
S1-714132312	S3-536202929	26.0	0.3512819707393646	28.0	0.9303402900695801	0.0		True	True	False	2	201.28162226080894
S1-714132312	S3-289567021	27.0	0.3508698642253876	5.0	0.9545609951019287	0.0		True	True	False	2	201.30543085932732
S1-714132312	S3-218566871	28.0	0.350516140460968		0.0	0.0		True	False	False	1	100.35051614046097
S1-714132312	S3-18976400	29.0	0.3504102826118469		0.0	0.0		True	False	False	1	100.35041028261185
S1-714132312	S3-610536355	30.0	0.34948742389678955	7.0	0.9515941143035889	0.0		True	True	False	2	201.30108153820038
S1-714132312	S2-809665812		0.0	1.0	0.971490204334259	0.0		False	True	False	1	100.97149020433426
S1-714132312	S2-222871632		0.0	2.0	0.9709886312484741	0.0		False	True	False	1	100.97098863124847
S1-714132312	S2-715460557		0.0	4.0	0.961247980594635	0.0		False	True	False	1	100.96124798059464
S1-714132312	S2-378846408		0.0	5.0	0.9588536024093628	0.0		False	True	False	1	100.95885360240936
S1-714132312	S2-917258438		0.0	8.0	0.957777738571167	0.0		False	True	False	1	100.95777773857117
S1-714132312	S2-729157829		0.0	9.0	0.9571852684020996	0.0		False	True	False	1	100.9571852684021
S1-714132312	S2-258890831		0.0	13.0	0.9544773697853088	0.0		False	True	False	1	100.95447736978531
S1-714132312	S2-375151053		0.0	15.0	0.9533786773681641	0.0		False	True	False	1	100.95337867736816
S1-714132312	S2-37424835		0.0	21.0	0.945174515247345	0.0		False	True	False	1	100.94517451524734
S1-714132312	S2-481572644		0.0	22.0	0.9435960054397583	0.0		False	True	False	1	100.94359600543976
S1-714132312	S2-463756409		0.0	25.0	0.942339301109314	0.0		False	True	False	1	100.94233930110931
S1-714132312	S2-784442772		0.0	26.0	0.9416688680648804	0.0		False	True	False	1	100.94166886806488
S1-714132312	S2-440948455		0.0	27.0	0.9416548013687134	0.0		False	True	False	1	100.94165480136871
S1-714132312	S2-634571997		0.0	28.0	0.9401129484176636	0.0		False	True	False	1	100.94011294841766
S1-714132312	S2-884102769		0.0	29.0	0.9400457143783569	0.0		False	True	False	1	100.94004571437836
S1-714132312	S3-416247723		0.0	2.0	0.9626781344413757	0.0		False	True	False	1	100.96267813444138
S1-714132312	S3-221443476		0.0	3.0	0.958580732345581	0.0		False	True	False	1	100.95858073234558
S1-714132312	S3-150632472		0.0	11.0	0.9479249715805054	0.0		False	True	False	1	100.9479249715805
S1-714132312	S3-75604340		0.0	18.0	0.9427075386047363	0.0		False	True	False	1	100.94270753860474
S1-714132312	S3-995796854		0.0	19.0	0.9423058032989502	0.0		False	True	False	1	100.94230580329895
S1-714132312	S3-768772995		0.0	20.0	0.9422463178634644	0.0		False	True	False	1	100.94224631786346
S1-714132312	S3-340374288		0.0	22.0	0.9339735507965088	0.0		False	True	False	1	100.93397355079651
S1-714132312	S3-577972146		0.0	24.0	0.9315831661224365	0.0		False	True	False	1	100.93158316612244
S1-714132312	S3-468731115		0.0	26.0	0.9310939311981201	0.0		False	True	False	1	100.93109393119812
S1-714132312	S3-573605691		0.0	27.0	0.9305115938186646	0.0		False	True	False	1	100.93051159381866
S1-714132312	S3-526709055		0.0	30.0	0.9248924255371094	0.0		False	True	False	1	100.92489242553711
S1-106407869	S2-578484139	1.0	0.5266976952552795	30.0	0.9405752420425415	0.0		True	True	False	2	201.46727293729782
S1-106407869	S2-84473557	2.0	0.5012761950492859	16.0	0.951615035533905	0.0		True	True	False	2	201.4528912305832
S1-106407869	S2-559669701	3.0	0.49474263191223145	22.0	0.9495753049850464	0.0		True	True	False	2	201.44431793689728
S1-106407869	S2-400190057	4.0	0.4794234335422516	11.0	0.9573797583580017	0.0		True	True	False	2	201.43680319190025
S1-106407869	S2-378846408	5.0	0.4673095643520355	6.0	0.9616106748580933	0.0		True	True	False	2	201.42892023921013
S1-106407869	S2-933865098	6.0	0.46250584721565247		0.0	0.0		True	False	False	1	100.46250584721565
S1-106407869	S2-560710588	7.0	0.4611051678657532		0.0	0.0		True	False	False	1	100.46110516786575
S1-106407869	S2-729157829	8.0	0.4521353244781494	19.0	0.9501465559005737	0.0		True	True	False	2	201.40228188037872
S1-106407869	S2-638268338	9.0	0.44319412112236023		0.0	0.0		True	False	False	1	100.44319412112236
S1-106407869	S2-449438476	10.0	0.4423515796661377	4.0	0.9620935320854187	0.0		True	True	False	2	201.40444511175156
S1-106407869	S2-17102176	11.0	0.4339880049228668		0.0	0.0		True	False	False	1	100.43398800492287
S1-106407869	S2-823489243	12.0	0.43386441469192505	1.0	0.9775381088256836	0.0		True	True	False	2	201.4114025235176
S1-106407869	S2-89663826	13.0	0.433005154132843	9.0	0.9599186182022095	0.0		True	True	False	2	201.39292377233505
S1-106407869	S2-119647643	14.0	0.4328065514564514	14.0	0.9552799463272095	0.0		True	True	False	2	201.38808649778366
S1-106407869	S2-193013091	15.0	0.42749300599098206	25.0	0.9487013220787048	0.0		True	True	False	2	201.3761943280697
S1-106407869	S2-600460285	16.0	0.41003644466400146		0.0	0.0		True	False	False	1	100.410036444664
S1-106407869	S2-210791875	17.0	0.40618106722831726		0.0	0.0		True	False	False	1	100.40618106722832
S1-106407869	S2-634571997	18.0	0.40071743726730347	20.0	0.9500011205673218	0.0		True	True	False	2	201.35071855783463
S1-106407869	S2-583840796	19.0	0.4001695513725281	15.0	0.9520812034606934	0.0		True	True	False	2	201.35225075483322
S1-106407869	S2-485885002	20.0	0.39882132411003113		0.0	0.0		True	False	False	1	100.39882132411003
S1-106407869	S2-726058757	21.0	0.3985287547111511	27.0	0.9474284648895264	0.0		True	True	False	2	201.34595721960068
S1-106407869	S2-501534718	22.0	0.398408442735672		0.0	0.0		True	False	False	1	100.39840844273567
S1-106407869	S2-37424835	23.0	0.3960959017276764	7.0	0.9605185985565186	0.0		True	True	False	2	201.3566145002842
S1-106407869	S2-268861424	24.0	0.3954561948776245	28.0	0.9438732862472534	0.0		True	True	False	2	201.33932948112488
S1-106407869	S2-784442772	25.0	0.393237829208374	18.0	0.9505708813667297	0.0		True	True	False	2	201.3438087105751
S1-106407869	S2-744098365	26.0	0.39003777503967285	10.0	0.9585703015327454	0.0		True	True	False	2	201.34860807657242
S1-106407869	S2-917258438	27.0	0.3895667791366577		0.0	0.0		True	False	False	1	100.38956677913666
S1-106407869	S2-550697952	28.0	0.3884463310241699		0.0	0.0		True	False	False	1	100.38844633102417
S1-106407869	S2-938316135	29.0	0.38462430238723755		0.0	0.0		True	False	False	1	100.38462430238724
S1-106407869	S2-166809876	30.0	0.38228458166122437		0.0	0.0		True	False	False	1	100.38228458166122
S1-106407869	S3-768772995	1.0	0.5381346344947815	20.0	0.9445222020149231	0.0		True	True	False	2	201.4826568365097
S1-106407869	S3-416247723	2.0	0.5158727169036865	22.0	0.9444166421890259	0.0		True	True	False	2	201.4602893590927
S1-106407869	S3-380741339	3.0	0.4643663763999939	2.0	0.9716750979423523	0.0		True	True	False	2	201.43604147434235
S1-106407869	S3-521783865	4.0	0.4608662724494934	18.0	0.9454712271690369	0.0		True	True	False	2	201.40633749961853
S1-106407869	S3-573605691	5.0	0.4474707841873169	16.0	0.9464163780212402	0.0		True	True	False	2	201.39388716220856
S1-106407869	S3-797337828	6.0	0.439530611038208	24.0	0.9402329921722412	0.0		True	True	False	2	201.37976360321045
S1-106407869	S3-22088661	7.0	0.43528419733047485	1.0	0.9750864505767822	0.0		True	True	False	2	201.41037064790726
S1-106407869	S3-797381132	8.0	0.4318179786205292		0.0	0.0		True	False	False	1	100.43181797862053
S1-106407869	S3-184174096	9.0	0.4316750168800354	12.0	0.9540815949440002	0.0		True	True	False	2	201.38575661182404
S1-106407869	S3-937140604	10.0	0.4277641773223877	29.0	0.9254525899887085	0.0		True	True	False	2	201.3532167673111
S1-106407869	S3-610536355	11.0	0.42241013050079346	21.0	0.9444918036460876	0.0		True	True	False	2	201.36690193414688
S1-106407869	S3-468731115	12.0	0.4181579351425171	19.0	0.9449260234832764	0.0		True	True	False	2	201.3630839586258
S1-106407869	S3-995796854	13.0	0.41459891200065613	5.0	0.9671712517738342	0.0		True	True	False	2	201.3817701637745
S1-106407869	S3-289567021	14.0	0.4052928388118744	4.0	0.9675425887107849	0.0		True	True	False	2	201.37283542752266
S1-106407869	S3-464265492	15.0	0.4024938941001892		0.0	0.0		True	False	False	1	100.40249389410019
S1-106407869	S3-265204232	16.0	0.4024672508239746	14.0	0.9492433071136475	0.0		True	True	False	2	201.35171055793762
S1-106407869	S3-367901084	17.0	0.4019075036048889	7.0	0.9634205102920532	0.0		True	True	False	2	201.36532801389694
S1-106407869	S3-221443476	18.0	0.4018837809562683	15.0	0.9486874341964722	0.0		True	True	False	2	201.35057121515274
S1-106407869	S3-652287374	19.0	0.39682650566101074	17.0	0.9455578923225403	0.0		True	True	False	2	201.34238439798355
S1-106407869	S3-10300249	20.0	0.39530670642852783		0.0	0.0		True	False	False	1	100.39530670642853
S1-106407869	S3-604980231	21.0	0.3946649432182312		0.0	0.0		True	False	False	1	100.39466494321823
S1-106407869	S3-389830698	22.0	0.3905255198478699	26.0	0.934045672416687	0.0		True	True	False	2	201.32457119226456
S1-106407869	S3-374810425	23.0	0.38582468032836914	23.0	0.9431248903274536	0.0		True	True	False	2	201.32894957065582
S1-106407869	S3-98186645	24.0	0.3778427839279175		0.0	0.0		True	False	False	1	100.37784278392792
S1-106407869	S3-361863410	25.0	0.37682658433914185		0.0	0.0		True	False	False	1	100.37682658433914
S1-106407869	S3-961421742	26.0	0.3765362501144409		0.0	0.0		True	False	False	1	100.37653625011444
S1-106407869	S3-162993152	27.0	0.3736259341239929		0.0	0.0		True	False	False	1	100.373625934124
S1-106407869	S3-895598264	28.0	0.37347644567489624		0.0	0.0		True	False	False	1	100.3734764456749
S1-106407869	S3-191842349	29.0	0.37001943588256836		0.0	0.0		True	False	False	1	100.37001943588257
S1-106407869	S3-150632472	30.0	0.3639376759529114	6.0	0.9654182195663452	0.0		True	True	False	2	201.32935589551926
S1-106407869	S2-809665812		0.0	2.0	0.9740359783172607	0.0		False	True	False	1	100.97403597831726
S1-106407869	S2-375151053		0.0	3.0	0.9661576747894287	0.0		False	True	False	1	100.96615767478943
S1-106407869	S2-222871632		0.0	5.0	0.961722731590271	0.0		False	True	False	1	100.96172273159027
S1-106407869	S2-340420883		0.0	8.0	0.9600784778594971	0.0		False	True	False	1	100.9600784778595
S1-106407869	S2-412565852		0.0	12.0	0.9562508463859558	0.0		False	True	False	1	100.95625084638596
S1-106407869	S2-884102769		0.0	13.0	0.955485463142395	0.0		False	True	False	1	100.9554854631424
S1-106407869	S2-495604525		0.0	17.0	0.9506611824035645	0.0		False	True	False	1	100.95066118240356
S1-106407869	S2-476476786		0.0	21.0	0.9496995210647583	0.0		False	True	False	1	100.94969952106476
S1-106407869	S2-258890831		0.0	23.0	0.9491686224937439	0.0		False	True	False	1	100.94916862249374
S1-106407869	S2-440948455		0.0	24.0	0.9489851593971252	0.0		False	True	False	1	100.94898515939713
S1-106407869	S2-576201028		0.0	26.0	0.9474791884422302	0.0		False	True	False	1	100.94747918844223
S1-106407869	S2-715460557		0.0	29.0	0.9434801340103149	0.0		False	True	False	1	100.94348013401031
S1-106407869	S3-185659081		0.0	3.0	0.9691414833068848	0.0		False	True	False	1	100.96914148330688
S1-106407869	S3-75604340		0.0	8.0	0.9617137908935547	0.0		False	True	False	1	100.96171379089355
S1-106407869	S3-760959067		0.0	9.0	0.9606068730354309	0.0		False	True	False	1	100.96060687303543
S1-106407869	S3-227725397		0.0	10.0	0.9603032469749451	0.0		False	True	False	1	100.96030324697495
S1-106407869	S3-668629842		0.0	11.0	0.9572970271110535	0.0		False	True	False	1	100.95729702711105
S1-106407869	S3-469272577		0.0	13.0	0.9508434534072876	0.0		False	True	False	1	100.95084345340729
S1-106407869	S3-577972146		0.0	25.0	0.9374023079872131	0.0		False	True	False	1	100.93740230798721
S1-106407869	S3-340374288		0.0	27.0	0.928330659866333	0.0		False	True	False	1	100.92833065986633
S1-106407869	S3-170975522		0.0	28.0	0.9273642301559448	0.0		False	True	False	1	100.92736423015594
S1-106407869	S3-173398261		0.0	30.0	0.9222337007522583	0.0		False	True	False	1	100.92223370075226
S1-156285671	S2-933724724	1.0	0.6952582597732544	6.0	0.9084087610244751	0.0		True	True	False	2	201.60366702079773
S1-156285671	S2-566025912	2.0	0.5887182950973511	17.0	0.8792353272438049	0.0		True	True	False	2	201.46795362234116
S1-156285671	S2-878037834	3.0	0.5634266138076782	20.0	0.872702956199646	0.0		True	True	False	2	201.43612957000732
S1-156285671	S2-575142052	4.0	0.5544474124908447		0.0	0.0		True	False	False	1	100.55444741249084
S1-156285671	S2-112287031	5.0	0.5507373809814453	14.0	0.8840950727462769	0.0		True	True	False	2	201.43483245372772
S1-156285671	S2-800542765	6.0	0.550556480884552	9.0	0.8973706960678101	0.0		True	True	False	2	201.44792717695236
S1-156285671	S2-262646344	7.0	0.5266892313957214		0.0	0.0		True	False	False	1	100.52668923139572
S1-156285671	S2-770341988	8.0	0.5259941816329956	12.0	0.8890198469161987	0.0		True	True	False	2	201.4150140285492
S1-156285671	S2-647447093	9.0	0.5134884715080261		0.0	0.0		True	False	False	1	100.51348847150803
S1-156285671	S2-158121477	10.0	0.5090611577033997		0.0	0.0		True	False	False	1	100.5090611577034
S1-156285671	S2-459485143	11.0	0.5074185132980347		0.0	0.0		True	False	False	1	100.50741851329803
S1-156285671	S2-170244057	12.0	0.49349445104599		0.0	0.0		True	False	False	1	100.49349445104599
S1-156285671	S2-160823657	13.0	0.4771938920021057	2.0	0.9205432534217834	0.0		True	True	False	2	201.3977371454239
S1-156285671	S2-108012128	14.0	0.4699718952178955	21.0	0.8714147210121155	0.0		True	True	False	2	201.34138661623
S1-156285671	S2-742018880	15.0	0.4300415515899658		0.0	0.0		True	False	False	1	100.43004155158997
S1-156285671	S2-999853272	16.0	0.3925349712371826		0.0	0.0		True	False	False	1	100.39253497123718
S1-156285671	S2-305637735	17.0	0.36936822533607483		0.0	0.0		True	False	False	1	100.36936822533607
S1-156285671	S2-416136682	18.0	0.3478825092315674	19.0	0.8756400346755981	0.0		True	True	False	2	201.22352254390717
S1-156285671	S2-913930320	19.0	0.34572046995162964		0.0	0.0		True	False	False	1	100.34572046995163
S1-156285671	S2-779040268	20.0	0.34383609890937805		0.0	0.0		True	False	False	1	100.34383609890938
S1-156285671	S2-560710588	21.0	0.34126049280166626		0.0	0.0		True	False	False	1	100.34126049280167
S1-156285671	S2-412565852	22.0	0.33951979875564575		0.0	0.0		True	False	False	1	100.33951979875565
S1-156285671	S2-767997013	23.0	0.3374471664428711		0.0	0.0		True	False	False	1	100.33744716644287
S1-156285671	S2-119647643	24.0	0.32309675216674805	29.0	0.8591853380203247	0.0		True	True	False	2	201.18228209018707
S1-156285671	S2-578484139	25.0	0.30897653102874756		0.0	0.0		True	False	False	1	100.30897653102875
S1-156285671	S2-875724478	26.0	0.3070557713508606		0.0	0.0		True	False	False	1	100.30705577135086
S1-156285671	S2-654270940	27.0	0.3055822253227234		0.0	0.0		True	False	False	1	100.30558222532272
S1-156285671	S2-592412285	28.0	0.30480048060417175		0.0	0.0		True	False	False	1	100.30480048060417
S1-156285671	S2-317480348	29.0	0.3037571609020233		0.0	0.0		True	False	False	1	100.30375716090202
S1-156285671	S2-742077842	30.0	0.301302433013916		0.0	0.0		True	False	False	1	100.30130243301392
S1-156285671	S3-200532536	1.0	0.6834777593612671	1.0	0.9376136660575867	0.0		True	True	False	2	201.62109142541885
S1-156285671	S3-22321512	2.0	0.5985097289085388	7.0	0.9014197587966919	0.0		True	True	False	2	201.49992948770523
S1-156285671	S3-971111671	3.0	0.5607298612594604		0.0	0.0		True	False	False	1	100.56072986125946
S1-156285671	S3-543902884	4.0	0.5573194622993469	12.0	0.8890950679779053	0.0		True	True	False	2	201.44641453027725
S1-156285671	S3-198586129	5.0	0.533099353313446		0.0	0.0		True	False	False	1	100.53309935331345
S1-156285671	S3-934627663	6.0	0.5269932746887207	8.0	0.9012686014175415	0.0		True	True	False	2	201.42826187610626
S1-156285671	S3-556228627	7.0	0.5212606191635132	18.0	0.8828262686729431	0.0		True	True	False	2	201.40408688783646
S1-156285671	S3-305215419	8.0	0.5149210691452026		0.0	0.0		True	False	False	1	100.5149210691452
S1-156285671	S3-92755938	9.0	0.486741840839386	14.0	0.8839420080184937	0.0		True	True	False	2	201.37068384885788
S1-156285671	S3-715117209	10.0	0.4823983609676361	3.0	0.9149113893508911	0.0		True	True	False	2	201.39730975031853
S1-156285671	S3-712130770	11.0	0.4791674017906189		0.0	0.0		True	False	False	1	100.47916740179062
S1-156285671	S3-643284918	12.0	0.4775730073451996		0.0	0.0		True	False	False	1	100.4775730073452
S1-156285671	S3-64079929	13.0	0.4687051773071289	5.0	0.9060478806495667	0.0		True	True	False	2	201.3747530579567
S1-156285671	S3-203608044	14.0	0.437699556350708		0.0	0.0		True	False	False	1	100.43769955635071
S1-156285671	S3-1062100	15.0	0.43661123514175415		0.0	0.0		True	False	False	1	100.43661123514175
S1-156285671	S3-835032939	16.0	0.4215391278266907	9.0	0.8997068405151367	0.0		True	True	False	2	201.32124596834183
S1-156285671	S3-218566871	17.0	0.3784200847148895		0.0	0.0		True	False	False	1	100.37842008471489
S1-156285671	S3-369430171	18.0	0.36795663833618164	22.0	0.8746585845947266	0.0		True	True	False	2	201.2426152229309
S1-156285671	S3-162993152	19.0	0.3589438498020172		0.0	0.0		True	False	False	1	100.35894384980202
S1-156285671	S3-961421742	20.0	0.3497147560119629		0.0	0.0		True	False	False	1	100.34971475601196
S1-156285671	S3-159233685	21.0	0.347391813993454		0.0	0.0		True	False	False	1	100.34739181399345
S1-156285671	S3-825495383	22.0	0.33438026905059814		0.0	0.0		True	False	False	1	100.3343802690506
S1-156285671	S3-191842349	23.0	0.33248695731163025		0.0	0.0		True	False	False	1	100.33248695731163
S1-156285671	S3-227725397	24.0	0.3314758837223053	16.0	0.8831703066825867	0.0		True	True	False	2	201.2146461904049
S1-156285671	S3-464265492	25.0	0.32675790786743164		0.0	0.0		True	False	False	1	100.32675790786743
S1-156285671	S3-577972146	26.0	0.32542896270751953		0.0	0.0		True	False	False	1	100.32542896270752
S1-156285671	S3-367901084	27.0	0.3224259316921234		0.0	0.0		True	False	False	1	100.32242593169212
S1-156285671	S3-73958887	28.0	0.32091158628463745		0.0	0.0		True	False	False	1	100.32091158628464
S1-156285671	S3-580736465	29.0	0.3196171522140503		0.0	0.0		True	False	False	1	100.31961715221405
S1-156285671	S3-18976400	30.0	0.31807219982147217		0.0	0.0		True	False	False	1	100.31807219982147
S1-156285671	S2-440948455		0.0	1.0	0.9219624996185303	0.0		False	True	False	1	100.92196249961853
S1-156285671	S2-476476786		0.0	3.0	0.9201370477676392	0.0		False	True	False	1	100.92013704776764
S1-156285671	S2-340420883		0.0	4.0	0.918006181716919	0.0		False	True	False	1	100.91800618171692
S1-156285671	S2-222871632		0.0	5.0	0.9176418781280518	0.0		False	True	False	1	100.91764187812805
S1-156285671	S2-729157829		0.0	7.0	0.9082973599433899	0.0		False	True	False	1	100.90829735994339
S1-156285671	S2-37424835		0.0	8.0	0.8989386558532715	0.0		False	True	False	1	100.89893865585327
S1-156285671	S2-375151053		0.0	10.0	0.8926417827606201	0.0		False	True	False	1	100.89264178276062
S1-156285671	S2-89663826		0.0	11.0	0.8897038102149963	0.0		False	True	False	1	100.889703810215
S1-156285671	S2-809665812		0.0	13.0	0.8857865333557129	0.0		False	True	False	1	100.88578653335571
S1-156285671	S2-495604525		0.0	15.0	0.8800559043884277	0.0		False	True	False	1	100.88005590438843
S1-156285671	S2-884102769		0.0	16.0	0.8795509338378906	0.0		False	True	False	1	100.87955093383789
S1-156285671	S2-559669701		0.0	18.0	0.8785433173179626	0.0		False	True	False	1	100.87854331731796
S1-156285671	S2-715460557		0.0	22.0	0.869865357875824	0.0		False	True	False	1	100.86986535787582
S1-156285671	S2-583840796		0.0	23.0	0.8684641718864441	0.0		False	True	False	1	100.86846417188644
S1-156285671	S2-744098365		0.0	24.0	0.8669912815093994	0.0		False	True	False	1	100.8669912815094
S1-156285671	S2-378851466		0.0	25.0	0.8666971921920776	0.0		False	True	False	1	100.86669719219208
S1-156285671	S2-550697952		0.0	26.0	0.8661318421363831	0.0		False	True	False	1	100.86613184213638
S1-156285671	S2-594115095		0.0	27.0	0.8644021153450012	0.0		False	True	False	1	100.864402115345
S1-156285671	S2-434748052		0.0	28.0	0.8601490259170532	0.0		False	True	False	1	100.86014902591705
S1-156285671	S2-934716922		0.0	30.0	0.8585218787193298	0.0		False	True	False	1	100.85852187871933
S1-156285671	S3-797337828		0.0	2.0	0.9208379983901978	0.0		False	True	False	1	100.9208379983902
S1-156285671	S3-340374288		0.0	4.0	0.9132773876190186	0.0		False	True	False	1	100.91327738761902
S1-156285671	S3-289567021		0.0	6.0	0.9015083909034729	0.0		False	True	False	1	100.90150839090347
S1-156285671	S3-185659081		0.0	10.0	0.8995157480239868	0.0		False	True	False	1	100.89951574802399
S1-156285671	S3-469272577		0.0	11.0	0.8972979187965393	0.0		False	True	False	1	100.89729791879654
S1-156285671	S3-760959067		0.0	13.0	0.8860808610916138	0.0		False	True	False	1	100.88608086109161
S1-156285671	S3-150632472		0.0	15.0	0.8835352063179016	0.0		False	True	False	1	100.8835352063179
S1-156285671	S3-374810425		0.0	17.0	0.8828688263893127	0.0		False	True	False	1	100.88286882638931
S1-156285671	S3-668629842		0.0	19.0	0.8827050924301147	0.0		False	True	False	1	100.88270509243011
S1-156285671	S3-22088661		0.0	20.0	0.8826382160186768	0.0		False	True	False	1	100.88263821601868
S1-156285671	S3-221443476		0.0	21.0	0.8760782480239868	0.0		False	True	False	1	100.87607824802399
S1-156285671	S3-184174096		0.0	23.0	0.8715260028839111	0.0		False	True	False	1	100.87152600288391
S1-156285671	S3-521783865		0.0	24.0	0.8664422035217285	0.0		False	True	False	1	100.86644220352173
S1-156285671	S3-75604340		0.0	25.0	0.8635393381118774	0.0		False	True	False	1	100.86353933811188
S1-156285671	S3-416247723		0.0	26.0	0.8605548739433289	0.0		False	True	False	1	100.86055487394333
S1-156285671	S3-380741339		0.0	27.0	0.8552446365356445	0.0		False	True	False	1	100.85524463653564
S1-156285671	S3-86143878		0.0	28.0	0.8512368202209473	0.0		False	True	False	1	100.85123682022095
S1-156285671	S3-573605691		0.0	29.0	0.8507053852081299	0.0		False	True	False	1	100.85070538520813
S1-156285671	S3-468731115		0.0	30.0	0.8485891222953796	0.0		False	True	False	1	100.84858912229538
S1-689823050	S2-591078525	1.0	0.5851032137870789		0.0	0.0		True	False	False	1	100.58510321378708
S1-689823050	S2-292567038	2.0	0.5758800506591797		0.0	0.0		True	False	False	1	100.57588005065918
S1-689823050	S2-317480348	3.0	0.5666123628616333		0.0	0.0		True	False	False	1	100.56661236286163
S1-689823050	S2-501534718	4.0	0.5595794320106506		0.0	0.0		True	False	False	1	100.55957943201065
S1-689823050	S2-785042722	5.0	0.5558179616928101	10.0	0.9485586881637573	0.0		True	True	False	2	201.50437664985657
S1-689823050	S2-787861634	6.0	0.5521724224090576		0.0	0.0		True	False	False	1	100.55217242240906
S1-689823050	S2-223826524	7.0	0.5497266054153442	14.0	0.9415625333786011	0.0		True	True	False	2	201.49128913879395
S1-689823050	S2-485885002	8.0	0.5483855605125427		0.0	0.0		True	False	False	1	100.54838556051254
S1-689823050	S2-192345572	9.0	0.541377067565918		0.0	0.0		True	False	False	1	100.54137706756592
S1-689823050	S2-956479781	10.0	0.5373345613479614		0.0	0.0		True	False	False	1	100.53733456134796
S1-689823050	S2-742077842	11.0	0.520359992980957		0.0	0.0		True	False	False	1	100.52035999298096
S1-689823050	S2-434748052	12.0	0.519772469997406	25.0	0.9331955909729004	0.0		True	True	False	2	201.4529680609703
S1-689823050	S2-913930320	13.0	0.5147961974143982		0.0	0.0		True	False	False	1	100.5147961974144
S1-689823050	S2-767997013	14.0	0.5082447528839111	24.0	0.9335502982139587	0.0		True	True	False	2	201.44179505109787
S1-689823050	S2-304177076	15.0	0.5017144680023193		0.0	0.0		True	False	False	1	100.50171446800232
S1-689823050	S2-905827553	16.0	0.4967893958091736		0.0	0.0		True	False	False	1	100.49678939580917
S1-689823050	S2-654270940	17.0	0.4821816086769104		0.0	0.0		True	False	False	1	100.48218160867691
S1-689823050	S2-779040268	18.0	0.48101481795310974		0.0	0.0		True	False	False	1	100.48101481795311
S1-689823050	S2-210791875	19.0	0.48096251487731934	2.0	0.9635782837867737	0.0		True	True	False	2	201.4445407986641
S1-689823050	S2-495461061	20.0	0.4744575619697571		0.0	0.0		True	False	False	1	100.47445756196976
S1-689823050	S2-786671109	21.0	0.4742247462272644		0.0	0.0		True	False	False	1	100.47422474622726
S1-689823050	S2-784442772	22.0	0.4727153480052948	3.0	0.9559215903282166	0.0		True	True	False	2	201.4286369383335
S1-689823050	S2-999853272	23.0	0.4722270369529724		0.0	0.0		True	False	False	1	100.47222703695297
S1-689823050	S2-875724478	24.0	0.46784913539886475		0.0	0.0		True	False	False	1	100.46784913539886
S1-689823050	S2-537184954	25.0	0.46737971901893616		0.0	0.0		True	False	False	1	100.46737971901894
S1-689823050	S2-77137709	26.0	0.4672080874443054	27.0	0.9322051405906677	0.0		True	True	False	2	201.39941322803497
S1-689823050	S2-440948455	27.0	0.46048039197921753	6.0	0.9509385228157043	0.0		True	True	False	2	201.41141891479492
S1-689823050	S2-4583532	28.0	0.46021202206611633		0.0	0.0		True	False	False	1	100.46021202206612
S1-689823050	S2-357438552	29.0	0.4573124945163727		0.0	0.0		True	False	False	1	100.45731249451637
S1-689823050	S2-229677112	30.0	0.4549058675765991		0.0	0.0		True	False	False	1	100.4549058675766
S1-689823050	S3-191842349	1.0	0.6116098165512085		0.0	0.0		True	False	False	1	100.61160981655121
S1-689823050	S3-323904182	2.0	0.5879558324813843		0.0	0.0		True	False	False	1	100.58795583248138
S1-689823050	S3-577972146	3.0	0.5845528841018677	15.0	0.932996392250061	0.0		True	True	False	2	201.51754927635193
S1-689823050	S3-464265492	4.0	0.5724573135375977		0.0	0.0		True	False	False	1	100.5724573135376
S1-689823050	S3-604980231	5.0	0.5603687167167664		0.0	0.0		True	False	False	1	100.56036871671677
S1-689823050	S3-662721327	6.0	0.5592888593673706	2.0	0.9492431879043579	0.0		True	True	False	2	201.50853204727173
S1-689823050	S3-250324284	7.0	0.5400193929672241		0.0	0.0		True	False	False	1	100.54001939296722
S1-689823050	S3-115653125	8.0	0.5391676425933838		0.0	0.0		True	False	False	1	100.53916764259338
S1-689823050	S3-462677478	9.0	0.5298902988433838		0.0	0.0		True	False	False	1	100.52989029884338
S1-689823050	S3-170975522	10.0	0.5289747714996338	5.0	0.942018985748291	0.0		True	True	False	2	201.47099375724792
S1-689823050	S3-264170444	11.0	0.5255570411682129		0.0	0.0		True	False	False	1	100.52555704116821
S1-689823050	S3-158901285	12.0	0.5212098360061646		0.0	0.0		True	False	False	1	100.52120983600616
S1-689823050	S3-695502221	13.0	0.5197920799255371		0.0	0.0		True	False	False	1	100.51979207992554
S1-689823050	S3-580736465	14.0	0.5146337151527405		0.0	0.0		True	False	False	1	100.51463371515274
S1-689823050	S3-960416326	15.0	0.5109774470329285	24.0	0.9292937517166138	0.0		True	True	False	2	201.44027119874954
S1-689823050	S3-819001322	16.0	0.5107444524765015		0.0	0.0		True	False	False	1	100.5107444524765
S1-689823050	S3-227725397	17.0	0.5071893930435181	18.0	0.9320186376571655	0.0		True	True	False	2	201.43920803070068
S1-689823050	S3-289697426	18.0	0.49957117438316345		0.0	0.0		True	False	False	1	100.49957117438316
S1-689823050	S3-853414998	19.0	0.4941507875919342		0.0	0.0		True	False	False	1	100.49415078759193
S1-689823050	S3-162993152	20.0	0.4918220043182373		0.0	0.0		True	False	False	1	100.49182200431824
S1-689823050	S3-173398261	21.0	0.49113157391548157		0.0	0.0		True	False	False	1	100.49113157391548
S1-689823050	S3-811459169	22.0	0.48952680826187134		0.0	0.0		True	False	False	1	100.48952680826187
S1-689823050	S3-688194826	23.0	0.4893665611743927	29.0	0.9255245327949524	0.0		True	True	False	2	201.41489109396935
S1-689823050	S3-288440193	24.0	0.4862772226333618	20.0	0.9313805103302002	0.0		True	True	False	2	201.41765773296356
S1-689823050	S3-482581656	25.0	0.4843253791332245	26.0	0.9280256032943726	0.0		True	True	False	2	201.4123509824276
S1-689823050	S3-483958914	26.0	0.47641944885253906	22.0	0.9302921295166016	0.0		True	True	False	2	201.40671157836914
S1-689823050	S3-895598264	27.0	0.47279736399650574	1.0	0.9570318460464478	0.0		True	True	False	2	201.42982921004295
S1-689823050	S3-361863410	28.0	0.471934050321579		0.0	0.0		True	False	False	1	100.47193405032158
S1-689823050	S3-125349995	29.0	0.46826171875		0.0	0.0		True	False	False	1	100.46826171875
S1-689823050	S3-526709055	30.0	0.467791348695755	4.0	0.9438099265098572	0.0		True	True	False	2	201.4116012752056
S1-689823050	S2-592412285		0.0	1.0	0.9659354090690613	0.0		False	True	False	1	100.96593540906906
S1-689823050	S2-550697952		0.0	4.0	0.9548683166503906	0.0		False	True	False	1	100.95486831665039
S1-689823050	S2-594115095		0.0	5.0	0.953738808631897	0.0		False	True	False	1	100.9537388086319
S1-689823050	S2-910351373		0.0	7.0	0.9508591890335083	0.0		False	True	False	1	100.95085918903351
S1-689823050	S2-576201028		0.0	8.0	0.9487131834030151	0.0		False	True	False	1	100.94871318340302
S1-689823050	S2-658886344		0.0	9.0	0.948582112789154	0.0		False	True	False	1	100.94858211278915
S1-689823050	S2-634571997		0.0	11.0	0.9442872405052185	0.0		False	True	False	1	100.94428724050522
S1-689823050	S2-715460557		0.0	12.0	0.9423075914382935	0.0		False	True	False	1	100.9423075914383
S1-689823050	S2-530685908		0.0	13.0	0.9421998858451843	0.0		False	True	False	1	100.94219988584518
S1-689823050	S2-744098365		0.0	15.0	0.9403731822967529	0.0		False	True	False	1	100.94037318229675
S1-689823050	S2-638268338		0.0	16.0	0.9387466907501221	0.0		False	True	False	1	100.93874669075012
S1-689823050	S2-583840796		0.0	17.0	0.9384232759475708	0.0		False	True	False	1	100.93842327594757
S1-689823050	S2-647447093		0.0	18.0	0.9367278218269348	0.0		False	True	False	1	100.93672782182693
S1-689823050	S2-809665812		0.0	19.0	0.9355952739715576	0.0		False	True	False	1	100.93559527397156
S1-689823050	S2-416136682		0.0	20.0	0.9353737235069275	0.0		False	True	False	1	100.93537372350693
S1-689823050	S2-400190057		0.0	21.0	0.9344531893730164	0.0		False	True	False	1	100.93445318937302
S1-689823050	S2-934716922		0.0	22.0	0.9342371821403503	0.0		False	True	False	1	100.93423718214035
S1-689823050	S2-566025912		0.0	23.0	0.9341959953308105	0.0		False	True	False	1	100.93419599533081
S1-689823050	S2-770341988		0.0	26.0	0.9328163862228394	0.0		False	True	False	1	100.93281638622284
S1-689823050	S2-495604525		0.0	28.0	0.9316526651382446	0.0		False	True	False	1	100.93165266513824
S1-689823050	S2-340420883		0.0	29.0	0.9306479096412659	0.0		False	True	False	1	100.93064790964127
S1-689823050	S2-119647643		0.0	30.0	0.9300006628036499	0.0		False	True	False	1	100.93000066280365
S1-689823050	S3-825495383		0.0	3.0	0.9451107978820801	0.0		False	True	False	1	100.94511079788208
S1-689823050	S3-536202929		0.0	6.0	0.9393532276153564	0.0		False	True	False	1	100.93935322761536
S1-689823050	S3-556228627		0.0	7.0	0.9386887550354004	0.0		False	True	False	1	100.9386887550354
S1-689823050	S3-22321512		0.0	8.0	0.9377703666687012	0.0		False	True	False	1	100.9377703666687
S1-689823050	S3-760959067		0.0	9.0	0.9366530776023865	0.0		False	True	False	1	100.93665307760239
S1-689823050	S3-715117209		0.0	10.0	0.9350969791412354	0.0		False	True	False	1	100.93509697914124
S1-689823050	S3-92755938		0.0	11.0	0.9347875714302063	0.0		False	True	False	1	100.9347875714302
S1-689823050	S3-768772995		0.0	12.0	0.9339646100997925	0.0		False	True	False	1	100.93396461009979
S1-689823050	S3-218566871		0.0	13.0	0.9332737922668457	0.0		False	True	False	1	100.93327379226685
S1-689823050	S3-468731115		0.0	14.0	0.9330283403396606	0.0		False	True	False	1	100.93302834033966
S1-689823050	S3-543902884		0.0	16.0	0.932253897190094	0.0		False	True	False	1	100.9322538971901
S1-689823050	S3-98186645		0.0	17.0	0.9320485591888428	0.0		False	True	False	1	100.93204855918884
S1-689823050	S3-797381132		0.0	19.0	0.931678295135498	0.0		False	True	False	1	100.9316782951355
S1-689823050	S3-86143878		0.0	21.0	0.9311160445213318	0.0		False	True	False	1	100.93111604452133
S1-689823050	S3-185659081		0.0	23.0	0.9297382235527039	0.0		False	True	False	1	100.9297382235527
S1-689823050	S3-305215419		0.0	25.0	0.9289842844009399	0.0		False	True	False	1	100.92898428440094
S1-689823050	S3-610536355		0.0	27.0	0.9277004599571228	0.0		False	True	False	1	100.92770045995712
S1-689823050	S3-276427681		0.0	28.0	0.9274889826774597	0.0		False	True	False	1	100.92748898267746
S1-689823050	S3-74786614		0.0	30.0	0.9251561164855957	0.0		False	True	False	1	100.9251561164856
S1-921369899	S2-647447093	1.0	0.6344703435897827	2.0	0.9646428823471069	0.0		True	True	False	2	201.5991132259369
S1-921369899	S2-566025912	2.0	0.6021232008934021	15.0	0.9507139921188354	0.0		True	True	False	2	201.55283719301224
S1-921369899	S2-575142052	3.0	0.5903517007827759	3.0	0.9640581607818604	0.0		True	True	False	2	201.55440986156464
S1-921369899	S2-112287031	4.0	0.5804880261421204	25.0	0.9387301802635193	0.0		True	True	False	2	201.51921820640564
S1-921369899	S2-933724724	5.0	0.5640451908111572		0.0	0.0		True	False	False	1	100.56404519081116
S1-921369899	S2-262646344	6.0	0.5324679613113403	4.0	0.9615803956985474	0.0		True	True	False	2	201.4940483570099
S1-921369899	S2-800542765	7.0	0.5127419829368591	20.0	0.9416619539260864	0.0		True	True	False	2	201.45440393686295
S1-921369899	S2-459485143	8.0	0.5076131820678711		0.0	0.0		True	False	False	1	100.50761318206787
S1-921369899	S2-878037834	9.0	0.5039581656455994	27.0	0.9382274746894836	0.0		True	True	False	2	201.44218564033508
S1-921369899	S2-170244057	10.0	0.5022176504135132	12.0	0.9538086652755737	0.0		True	True	False	2	201.4560263156891
S1-921369899	S2-158121477	11.0	0.5018700361251831	1.0	0.9676691889762878	0.0		True	True	False	2	201.46953922510147
S1-921369899	S2-770341988	12.0	0.49801725149154663	10.0	0.9548698663711548	0.0		True	True	False	2	201.4528871178627
S1-921369899	S2-654270940	13.0	0.49347174167633057		0.0	0.0		True	False	False	1	100.49347174167633
S1-921369899	S2-108012128	14.0	0.49013376235961914		0.0	0.0		True	False	False	1	100.49013376235962
S1-921369899	S2-742018880	15.0	0.47177648544311523	11.0	0.9540638327598572	0.0		True	True	False	2	201.42584031820297
S1-921369899	S2-913930320	16.0	0.43078503012657166		0.0	0.0		True	False	False	1	100.43078503012657
S1-921369899	S2-784442772	17.0	0.4249095916748047	13.0	0.9534671902656555	0.0		True	True	False	2	201.37837678194046
S1-921369899	S2-501534718	18.0	0.4217250347137451		0.0	0.0		True	False	False	1	100.42172503471375
S1-921369899	S2-160823657	19.0	0.4115321636199951		0.0	0.0		True	False	False	1	100.41153216362
S1-921369899	S2-537184954	20.0	0.4111517667770386		0.0	0.0		True	False	False	1	100.41115176677704
S1-921369899	S2-485885002	21.0	0.41053658723831177		0.0	0.0		True	False	False	1	100.41053658723831
S1-921369899	S2-416136682	22.0	0.40541690587997437		0.0	0.0		True	False	False	1	100.40541690587997
S1-921369899	S2-767997013	23.0	0.40536823868751526	29.0	0.9357559680938721	0.0		True	True	False	2	201.3411242067814
S1-921369899	S2-875724478	24.0	0.40080004930496216		0.0	0.0		True	False	False	1	100.40080004930496
S1-921369899	S2-999853272	25.0	0.3935718536376953		0.0	0.0		True	False	False	1	100.3935718536377
S1-921369899	S2-166809876	26.0	0.38638296723365784		0.0	0.0		True	False	False	1	100.38638296723366
S1-921369899	S2-119647643	27.0	0.3849257528781891		0.0	0.0		True	False	False	1	100.38492575287819
S1-921369899	S2-550697952	28.0	0.3849089443683624	5.0	0.9563959836959839	0.0		True	True	False	2	201.34130492806435
S1-921369899	S2-910351373	29.0	0.3847731351852417		0.0	0.0		True	False	False	1	100.38477313518524
S1-921369899	S2-786671109	30.0	0.38290584087371826	30.0	0.9346189498901367	0.0		True	True	False	2	201.31752479076385
S1-921369899	S3-22321512	1.0	0.6889894604682922	18.0	0.9446018934249878	0.0		True	True	False	2	201.63359135389328
S1-921369899	S3-200532536	2.0	0.6200735569000244		0.0	0.0		True	False	False	1	100.62007355690002
S1-921369899	S3-971111671	3.0	0.6115516424179077	2.0	0.9621247053146362	0.0		True	True	False	2	201.57367634773254
S1-921369899	S3-643284918	4.0	0.6114377975463867		0.0	0.0		True	False	False	1	100.61143779754639
S1-921369899	S3-198586129	5.0	0.6038143634796143	10.0	0.9503312110900879	0.0		True	True	False	2	201.5541455745697
S1-921369899	S3-305215419	6.0	0.5903937220573425	1.0	0.9681789875030518	0.0		True	True	False	2	201.5585727095604
S1-921369899	S3-64079929	7.0	0.5738312005996704		0.0	0.0		True	False	False	1	100.57383120059967
S1-921369899	S3-556228627	8.0	0.5433472394943237	9.0	0.9506022334098816	0.0		True	True	False	2	201.4939494729042
S1-921369899	S3-934627663	9.0	0.5258114337921143		0.0	0.0		True	False	False	1	100.52581143379211
S1-921369899	S3-203608044	10.0	0.5214866399765015	3.0	0.9606947898864746	0.0		True	True	False	2	201.48218142986298
S1-921369899	S3-369430171	11.0	0.5054837465286255		0.0	0.0		True	False	False	1	100.50548374652863
S1-921369899	S3-712130770	12.0	0.4629986882209778	4.0	0.9581312537193298	0.0		True	True	False	2	201.4211299419403
S1-921369899	S3-92755938	13.0	0.46027714014053345	7.0	0.951263427734375	0.0		True	True	False	2	201.4115405678749
S1-921369899	S3-543902884	14.0	0.4579079747200012	11.0	0.9503300786018372	0.0		True	True	False	2	201.40823805332184
S1-921369899	S3-825495383	15.0	0.43108969926834106		0.0	0.0		True	False	False	1	100.43108969926834
S1-921369899	S3-227725397	16.0	0.4296743869781494		0.0	0.0		True	False	False	1	100.42967438697815
S1-921369899	S3-162993152	17.0	0.4285641312599182		0.0	0.0		True	False	False	1	100.42856413125992
S1-921369899	S3-715117209	18.0	0.42514634132385254	22.0	0.9394851922988892	0.0		True	True	False	2	201.36463153362274
S1-921369899	S3-835032939	19.0	0.4214504063129425	23.0	0.9393610954284668	0.0		True	True	False	2	201.3608115017414
S1-921369899	S3-127741306	20.0	0.4179164171218872		0.0	0.0		True	False	False	1	100.41791641712189
S1-921369899	S3-464265492	21.0	0.4119259715080261		0.0	0.0		True	False	False	1	100.41192597150803
S1-921369899	S3-960416326	22.0	0.4056033194065094	26.0	0.9333685040473938	0.0		True	True	False	2	201.3389718234539
S1-921369899	S3-877919199	23.0	0.4050258696079254		0.0	0.0		True	False	False	1	100.40502586960793
S1-921369899	S3-191842349	24.0	0.4028175175189972		0.0	0.0		True	False	False	1	100.402817517519
S1-921369899	S3-961421742	25.0	0.4017482399940491		0.0	0.0		True	False	False	1	100.40174823999405
S1-921369899	S3-323904182	26.0	0.39606356620788574		0.0	0.0		True	False	False	1	100.39606356620789
S1-921369899	S3-115653125	27.0	0.39598989486694336		0.0	0.0		True	False	False	1	100.39598989486694
S1-921369899	S3-604980231	28.0	0.3929911255836487		0.0	0.0		True	False	False	1	100.39299112558365
S1-921369899	S3-170975522	29.0	0.39228537678718567		0.0	0.0		True	False	False	1	100.39228537678719
S1-921369899	S3-276427681	30.0	0.392057865858078	12.0	0.9497254490852356	0.0		True	True	False	2	201.3417833149433
S1-921369899	S2-592412285		0.0	6.0	0.9557154178619385	0.0		False	True	False	1	100.95571541786194
S1-921369899	S2-583840796		0.0	7.0	0.9552485942840576	0.0		False	True	False	1	100.95524859428406
S1-921369899	S2-530685908		0.0	8.0	0.9549468755722046	0.0		False	True	False	1	100.9549468755722
S1-921369899	S2-305637735		0.0	9.0	0.9549290537834167	0.0		False	True	False	1	100.95492905378342
S1-921369899	S2-223826524		0.0	14.0	0.9507825970649719	0.0		False	True	False	1	100.95078259706497
S1-921369899	S2-594115095		0.0	16.0	0.9465216994285583	0.0		False	True	False	1	100.94652169942856
S1-921369899	S2-785042722		0.0	17.0	0.9462518692016602	0.0		False	True	False	1	100.94625186920166
S1-921369899	S2-258890831		0.0	18.0	0.9451494812965393	0.0		False	True	False	1	100.94514948129654
S1-921369899	S2-934716922		0.0	19.0	0.9421305656433105	0.0		False	True	False	1	100.94213056564331
S1-921369899	S2-192345572		0.0	21.0	0.9412461519241333	0.0		False	True	False	1	100.94124615192413
S1-921369899	S2-933865098		0.0	22.0	0.9405609369277954	0.0		False	True	False	1	100.9405609369278
S1-921369899	S2-638268338		0.0	23.0	0.940443754196167	0.0		False	True	False	1	100.94044375419617
S1-921369899	S2-576201028		0.0	24.0	0.9390889406204224	0.0		False	True	False	1	100.93908894062042
S1-921369899	S2-210791875		0.0	26.0	0.9387226104736328	0.0		False	True	False	1	100.93872261047363
S1-921369899	S2-77137709		0.0	28.0	0.9371679425239563	0.0		False	True	False	1	100.93716794252396
S1-921369899	S3-577972146		0.0	5.0	0.9575214982032776	0.0		False	True	False	1	100.95752149820328
S1-921369899	S3-526709055		0.0	6.0	0.9539108872413635	0.0		False	True	False	1	100.95391088724136
S1-921369899	S3-662721327		0.0	8.0	0.9507995843887329	0.0		False	True	False	1	100.95079958438873
S1-921369899	S3-98186645		0.0	13.0	0.9479146003723145	0.0		False	True	False	1	100.94791460037231
S1-921369899	S3-797381132		0.0	14.0	0.946817934513092	0.0		False	True	False	1	100.94681793451309
S1-921369899	S3-536202929		0.0	15.0	0.946591854095459	0.0		False	True	False	1	100.94659185409546
S1-921369899	S3-482581656		0.0	16.0	0.9450879096984863	0.0		False	True	False	1	100.94508790969849
S1-921369899	S3-218566871		0.0	17.0	0.9446526169776917	0.0		False	True	False	1	100.94465261697769
S1-921369899	S3-695502221		0.0	19.0	0.944424569606781	0.0		False	True	False	1	100.94442456960678
S1-921369899	S3-819001322		0.0	20.0	0.9424604177474976	0.0		False	True	False	1	100.9424604177475
S1-921369899	S3-389830698		0.0	21.0	0.9400137066841125	0.0		False	True	False	1	100.94001370668411
S1-921369899	S3-288440193		0.0	24.0	0.9382122159004211	0.0		False	True	False	1	100.93821221590042
S1-921369899	S3-652287374		0.0	25.0	0.9353506565093994	0.0		False	True	False	1	100.9353506565094
S1-921369899	S3-219844340		0.0	27.0	0.9326317310333252	0.0		False	True	False	1	100.93263173103333
S1-921369899	S3-436480804		0.0	28.0	0.9323321580886841	0.0		False	True	False	1	100.93233215808868
S1-921369899	S3-125349995		0.0	29.0	0.9321287870407104	0.0		False	True	False	1	100.93212878704071
S1-921369899	S3-895598264		0.0	30.0	0.9307168126106262	0.0		False	True	False	1	100.93071681261063
S1-481669221	S2-537184954	1.0	0.6399349570274353		0.0	0.0		True	False	False	1	100.63993495702744
S1-481669221	S2-785042722	2.0	0.6377882957458496	2.0	0.9687396287918091	0.0		True	True	False	2	201.60652792453766
S1-481669221	S2-905827553	3.0	0.6252873539924622		0.0	0.0		True	False	False	1	100.62528735399246
S1-481669221	S2-485885002	4.0	0.5965454578399658	20.0	0.9461994171142578	0.0		True	True	False	2	201.54274487495422
S1-481669221	S2-934716922	5.0	0.5822803378105164		0.0	0.0		True	False	False	1	100.58228033781052
S1-481669221	S2-357438552	6.0	0.5737742185592651	10.0	0.958032488822937	0.0		True	True	False	2	201.5318067073822
S1-481669221	S2-304177076	7.0	0.5602220296859741		0.0	0.0		True	False	False	1	100.56022202968597
S1-481669221	S2-600460285	8.0	0.5536895394325256	8.0	0.9598821401596069	0.0		True	True	False	2	201.51357167959213
S1-481669221	S2-317480348	9.0	0.5514312982559204		0.0	0.0		True	False	False	1	100.55143129825592
S1-481669221	S2-578788567	10.0	0.5509908199310303	28.0	0.9435417056083679	0.0		True	True	False	2	201.4945325255394
S1-481669221	S2-875724478	11.0	0.545243501663208	11.0	0.9567860960960388	0.0		True	True	False	2	201.50202959775925
S1-481669221	S2-292567038	12.0	0.5432612895965576		0.0	0.0		True	False	False	1	100.54326128959656
S1-481669221	S2-501534718	13.0	0.540334939956665	1.0	0.9804669618606567	0.0		True	True	False	2	201.52080190181732
S1-481669221	S2-434748052	14.0	0.5379332900047302		0.0	0.0		True	False	False	1	100.53793329000473
S1-481669221	S2-562037907	15.0	0.5350083708763123		0.0	0.0		True	False	False	1	100.53500837087631
S1-481669221	S2-550697952	16.0	0.5340418219566345		0.0	0.0		True	False	False	1	100.53404182195663
S1-481669221	S2-223826524	17.0	0.5337981581687927	5.0	0.9628978967666626	0.0		True	True	False	2	201.49669605493546
S1-481669221	S2-654270940	18.0	0.5331136584281921		0.0	0.0		True	False	False	1	100.53311365842819
S1-481669221	S2-891600450	19.0	0.5226975679397583	4.0	0.9644156694412231	0.0		True	True	False	2	201.48711323738098
S1-481669221	S2-787861634	20.0	0.5206409096717834	6.0	0.9626093506813049	0.0		True	True	False	2	201.4832502603531
S1-481669221	S2-495461061	21.0	0.5128917098045349		0.0	0.0		True	False	False	1	100.51289170980453
S1-481669221	S2-634571997	22.0	0.5124642252922058	29.0	0.9429693222045898	0.0		True	True	False	2	201.4554335474968
S1-481669221	S2-913930320	23.0	0.5113846063613892		0.0	0.0		True	False	False	1	100.51138460636139
S1-481669221	S2-77137709	24.0	0.5075976848602295	13.0	0.9530212879180908	0.0		True	True	False	2	201.46061897277832
S1-481669221	S2-999853272	25.0	0.5029523372650146		0.0	0.0		True	False	False	1	100.50295233726501
S1-481669221	S2-229677112	26.0	0.5029268264770508	21.0	0.9460119605064392	0.0		True	True	False	2	201.4489387869835
S1-481669221	S2-910351373	27.0	0.4997640550136566		0.0	0.0		True	False	False	1	100.49976405501366
S1-481669221	S2-956479781	28.0	0.4927571415901184		0.0	0.0		True	False	False	1	100.49275714159012
S1-481669221	S2-784442772	29.0	0.49247124791145325	9.0	0.9586682319641113	0.0		True	True	False	2	201.45113947987556
S1-481669221	S2-742077842	30.0	0.4860803186893463		0.0	0.0		True	False	False	1	100.48608031868935
S1-481669221	S3-250853646	1.0	0.618276834487915		0.0	0.0		True	False	False	1	100.61827683448792
S1-481669221	S3-960416326	2.0	0.6050559282302856	9.0	0.961453914642334	0.0		True	True	False	2	201.56650984287262
S1-481669221	S3-125349995	3.0	0.6046398878097534	16.0	0.9557117223739624	0.0		True	True	False	2	201.56035161018372
S1-481669221	S3-825495383	4.0	0.6013588905334473	15.0	0.9558394551277161	0.0		True	True	False	2	201.55719834566116
S1-481669221	S3-536202929	5.0	0.5880923271179199	11.0	0.9587975740432739	0.0		True	True	False	2	201.5468899011612
S1-481669221	S3-895598264	6.0	0.585448145866394	18.0	0.9546237587928772	0.0		True	True	False	2	201.54007190465927
S1-481669221	S3-560657213	7.0	0.5814015865325928		0.0	0.0		True	False	False	1	100.58140158653259
S1-481669221	S3-219041197	8.0	0.5781686305999756		0.0	0.0		True	False	False	1	100.57816863059998
S1-481669221	S3-264170444	9.0	0.5768883228302002		0.0	0.0		True	False	False	1	100.5768883228302
S1-481669221	S3-288440193	10.0	0.5759170055389404	1.0	0.9737628102302551	0.0		True	True	False	2	201.5496798157692
S1-481669221	S3-170975522	11.0	0.573166012763977	5.0	0.9663543701171875	0.0		True	True	False	2	201.53952038288116
S1-481669221	S3-611681699	12.0	0.5727753639221191		0.0	0.0		True	False	False	1	100.57277536392212
S1-481669221	S3-462677478	13.0	0.5713973641395569		0.0	0.0		True	False	False	1	100.57139736413956
S1-481669221	S3-577972146	14.0	0.5682776570320129	19.0	0.9536831378936768	0.0		True	True	False	2	201.5219607949257
S1-481669221	S3-811459169	15.0	0.565248966217041		0.0	0.0		True	False	False	1	100.56524896621704
S1-481669221	S3-159233685	16.0	0.5495421290397644	20.0	0.9528099298477173	0.0		True	True	False	2	201.50235205888748
S1-481669221	S3-610536355	17.0	0.5488621592521667	25.0	0.9465367794036865	0.0		True	True	False	2	201.49539893865585
S1-481669221	S3-436480804	18.0	0.5442801713943481		0.0	0.0		True	False	False	1	100.54428017139435
S1-481669221	S3-604980231	19.0	0.5432997941970825		0.0	0.0		True	False	False	1	100.54329979419708
S1-481669221	S3-162993152	20.0	0.5395808219909668	21.0	0.9501227736473083	0.0		True	True	False	2	201.48970359563828
S1-481669221	S3-289697426	21.0	0.5354048609733582		0.0	0.0		True	False	False	1	100.53540486097336
S1-481669221	S3-867263634	22.0	0.5345793962478638		0.0	0.0		True	False	False	1	100.53457939624786
S1-481669221	S3-227725397	23.0	0.5340489149093628		0.0	0.0		True	False	False	1	100.53404891490936
S1-481669221	S3-250324284	24.0	0.5303384065628052	22.0	0.9493817687034607	0.0		True	True	False	2	201.47972017526627
S1-481669221	S3-276427681	25.0	0.5271053314208984	24.0	0.9470294117927551	0.0		True	True	False	2	201.47413474321365
S1-481669221	S3-517069981	26.0	0.5226291418075562		0.0	0.0		True	False	False	1	100.52262914180756
S1-481669221	S3-580736465	27.0	0.5218026638031006		0.0	0.0		True	False	False	1	100.5218026638031
S1-481669221	S3-695502221	28.0	0.5208972692489624	17.0	0.9555758833885193	0.0		True	True	False	2	201.47647315263748
S1-481669221	S3-173398261	29.0	0.5177528858184814	10.0	0.9600468873977661	0.0		True	True	False	2	201.47779977321625
S1-481669221	S3-374810425	30.0	0.5109435319900513		0.0	0.0		True	False	False	1	100.51094353199005
S1-481669221	S2-530685908		0.0	3.0	0.9650941491127014	0.0		False	True	False	1	100.9650941491127
S1-481669221	S2-592412285		0.0	7.0	0.9603604078292847	0.0		False	True	False	1	100.96036040782928
S1-481669221	S2-742018880		0.0	12.0	0.9551103115081787	0.0		False	True	False	1	100.95511031150818
S1-481669221	S2-767997013		0.0	14.0	0.9521216154098511	0.0		False	True	False	1	100.95212161540985
S1-481669221	S2-210791875		0.0	15.0	0.9508968591690063	0.0		False	True	False	1	100.950896859169
S1-481669221	S2-638268338		0.0	16.0	0.9502707123756409	0.0		False	True	False	1	100.95027071237564
S1-481669221	S2-262646344		0.0	17.0	0.9491890668869019	0.0		False	True	False	1	100.9491890668869
S1-481669221	S2-786671109		0.0	18.0	0.9478534460067749	0.0		False	True	False	1	100.94785344600677
S1-481669221	S2-647447093		0.0	19.0	0.9475880265235901	0.0		False	True	False	1	100.94758802652359
S1-481669221	S2-4583532		0.0	22.0	0.9452330470085144	0.0		False	True	False	1	100.94523304700851
S1-481669221	S2-701289183		0.0	23.0	0.9450812339782715	0.0		False	True	False	1	100.94508123397827
S1-481669221	S2-938316135		0.0	24.0	0.9449071884155273	0.0		False	True	False	1	100.94490718841553
S1-481669221	S2-594115095		0.0	25.0	0.9448775053024292	0.0		False	True	False	1	100.94487750530243
S1-481669221	S2-412565852		0.0	26.0	0.9447396993637085	0.0		False	True	False	1	100.94473969936371
S1-481669221	S2-933865098		0.0	27.0	0.9435789585113525	0.0		False	True	False	1	100.94357895851135
S1-481669221	S2-258890831		0.0	30.0	0.9427310824394226	0.0		False	True	False	1	100.94273108243942
S1-481669221	S3-218566871		0.0	2.0	0.973020076751709	0.0		False	True	False	1	100.97302007675171
S1-481669221	S3-662721327		0.0	3.0	0.9726463556289673	0.0		False	True	False	1	100.97264635562897
S1-481669221	S3-819001322		0.0	4.0	0.9719421863555908	0.0		False	True	False	1	100.97194218635559
S1-481669221	S3-219844340		0.0	6.0	0.9663000106811523	0.0		False	True	False	1	100.96630001068115
S1-481669221	S3-688194826		0.0	7.0	0.9635810852050781	0.0		False	True	False	1	100.96358108520508
S1-481669221	S3-158901285		0.0	8.0	0.96274334192276	0.0		False	True	False	1	100.96274334192276
S1-481669221	S3-464265492		0.0	12.0	0.9574220180511475	0.0		False	True	False	1	100.95742201805115
S1-481669221	S3-18976400		0.0	13.0	0.9573525190353394	0.0		False	True	False	1	100.95735251903534
S1-481669221	S3-98186645		0.0	14.0	0.955893874168396	0.0		False	True	False	1	100.9558938741684
S1-481669221	S3-961421742		0.0	23.0	0.9487901926040649	0.0		False	True	False	1	100.94879019260406
S1-481669221	S3-768772995		0.0	26.0	0.9461366534233093	0.0		False	True	False	1	100.94613665342331
S1-481669221	S3-305215419		0.0	27.0	0.9435255527496338	0.0		False	True	False	1	100.94352555274963
S1-481669221	S3-483958914		0.0	28.0	0.9429865479469299	0.0		False	True	False	1	100.94298654794693
S1-481669221	S3-482581656		0.0	29.0	0.9426900744438171	0.0		False	True	False	1	100.94269007444382
S1-481669221	S3-526709055		0.0	30.0	0.942202091217041	0.0		False	True	False	1	100.94220209121704
S1-909865979	S2-481572644	1.0	0.5556291341781616		0.0	0.0		True	False	False	1	100.55562913417816
S1-909865979	S2-340420883	2.0	0.4351118206977844	13.0	0.96230149269104	0.0		True	True	False	2	201.39741331338882
S1-909865979	S2-495604525	3.0	0.4240061044692993		0.0	0.0		True	False	False	1	100.4240061044693
S1-909865979	S2-463756409	4.0	0.41232436895370483		0.0	0.0		True	False	False	1	100.4123243689537
S1-909865979	S2-767997013	5.0	0.4084916114807129		0.0	0.0		True	False	False	1	100.40849161148071
S1-909865979	S2-378851466	6.0	0.40707531571388245		0.0	0.0		True	False	False	1	100.40707531571388
S1-909865979	S2-823489243	7.0	0.3928852677345276	7.0	0.9684090614318848	0.0		True	True	False	2	201.3612943291664
S1-909865979	S2-378846408	8.0	0.3884408473968506	11.0	0.9629743099212646	0.0		True	True	False	2	201.35141515731812
S1-909865979	S2-504393659	9.0	0.3869026303291321		0.0	0.0		True	False	False	1	100.38690263032913
S1-909865979	S2-485885002	10.0	0.38642439246177673		0.0	0.0		True	False	False	1	100.38642439246178
S1-909865979	S2-933865098	11.0	0.3835846185684204	15.0	0.9583473205566406	0.0		True	True	False	2	201.34193193912506
S1-909865979	S2-193013091	12.0	0.3824046552181244	22.0	0.9555595517158508	0.0		True	True	False	2	201.33796420693398
S1-909865979	S2-84473557	13.0	0.3796675205230713		0.0	0.0		True	False	False	1	100.37966752052307
S1-909865979	S2-560710588	14.0	0.3689148426055908		0.0	0.0		True	False	False	1	100.36891484260559
S1-909865979	S2-416136682	15.0	0.36188000440597534	23.0	0.954272985458374	0.0		True	True	False	2	201.31615298986435
S1-909865979	S2-258890831	16.0	0.3587455153465271	8.0	0.9665921926498413	0.0		True	True	False	2	201.32533770799637
S1-909865979	S2-268861424	17.0	0.3581521511077881		0.0	0.0		True	False	False	1	100.35815215110779
S1-909865979	S2-537184954	18.0	0.34864962100982666		0.0	0.0		True	False	False	1	100.34864962100983
S1-909865979	S2-917258438	19.0	0.3447014093399048		0.0	0.0		True	False	False	1	100.3447014093399
S1-909865979	S2-223826524	20.0	0.3430543839931488		0.0	0.0		True	False	False	1	100.34305438399315
S1-909865979	S2-578788567	21.0	0.33884894847869873		0.0	0.0		True	False	False	1	100.3388489484787
S1-909865979	S2-192345572	22.0	0.3374091386795044		0.0	0.0		True	False	False	1	100.3374091386795
S1-909865979	S2-559669701	23.0	0.3368649482727051	18.0	0.9568607807159424	0.0		True	True	False	2	201.29372572898865
S1-909865979	S2-592412285	24.0	0.3348328769207001	24.0	0.9536592960357666	0.0		True	True	False	2	201.28849217295647
S1-909865979	S2-400190057	25.0	0.3337860405445099	6.0	0.9714215993881226	0.0		True	True	False	2	201.30520763993263
S1-909865979	S2-412565852	26.0	0.33150389790534973	20.0	0.9562724232673645	0.0		True	True	False	2	201.28777632117271
S1-909865979	S2-956479781	27.0	0.3306255638599396		0.0	0.0		True	False	False	1	100.33062556385994
S1-909865979	S2-729157829	28.0	0.3277999460697174		0.0	0.0		True	False	False	1	100.32779994606972
S1-909865979	S2-37424835	29.0	0.3220773935317993	19.0	0.9564843773841858	0.0		True	True	False	2	201.27856177091599
S1-909865979	S2-658886344	30.0	0.32010751962661743		0.0	0.0		True	False	False	1	100.32010751962662
S1-909865979	S3-73958887	1.0	0.4071711301803589		0.0	0.0		True	False	False	1	100.40717113018036
S1-909865979	S3-937140604	2.0	0.40287646651268005	30.0	0.9448437690734863	0.0		True	True	False	2	201.34772023558617
S1-909865979	S3-469272577	3.0	0.39996153116226196	6.0	0.9636102914810181	0.0		True	True	False	2	201.36357182264328
S1-909865979	S3-389830698	4.0	0.3773295283317566	12.0	0.9597621560096741	0.0		True	True	False	2	201.33709168434143
S1-909865979	S3-662721327	5.0	0.36767613887786865		0.0	0.0		True	False	False	1	100.36767613887787
S1-909865979	S3-170975522	6.0	0.36452412605285645		0.0	0.0		True	False	False	1	100.36452412605286
S1-909865979	S3-184174096	7.0	0.3576015830039978	22.0	0.948657751083374	0.0		True	True	False	2	201.30625933408737
S1-909865979	S3-367901084	8.0	0.3506036400794983	8.0	0.9612890481948853	0.0		True	True	False	2	201.31189268827438
S1-909865979	S3-521783865	9.0	0.349224716424942	9.0	0.9601435661315918	0.0		True	True	False	2	201.30936828255653
S1-909865979	S3-517069981	10.0	0.34884926676750183		0.0	0.0		True	False	False	1	100.3488492667675
S1-909865979	S3-610536355	11.0	0.332193523645401		0.0	0.0		True	False	False	1	100.3321935236454
S1-909865979	S3-75604340	12.0	0.3313082158565521	11.0	0.959833562374115	0.0		True	True	False	2	201.29114177823067
S1-909865979	S3-185659081	13.0	0.3301672339439392	1.0	0.9701375961303711	0.0		True	True	False	2	201.3003048300743
S1-909865979	S3-652287374	14.0	0.3272264003753662	24.0	0.9476465582847595	0.0		True	True	False	2	201.27487295866013
S1-909865979	S3-289567021	15.0	0.32673364877700806	15.0	0.9564588069915771	0.0		True	True	False	2	201.28319245576859
S1-909865979	S3-340374288	16.0	0.3236645460128784	28.0	0.9453836679458618	0.0		True	True	False	2	201.26904821395874
S1-909865979	S3-819001322	17.0	0.3206005096435547		0.0	0.0		True	False	False	1	100.32060050964355
S1-909865979	S3-482581656	18.0	0.320050448179245	29.0	0.9452587962150574	0.0		True	True	False	2	201.2653092443943
S1-909865979	S3-125349995	19.0	0.31771954894065857		0.0	0.0		True	False	False	1	100.31771954894066
S1-909865979	S3-162993152	20.0	0.3171364367008209		0.0	0.0		True	False	False	1	100.31713643670082
S1-909865979	S3-18976400	21.0	0.31562602519989014		0.0	0.0		True	False	False	1	100.31562602519989
S1-909865979	S3-158901285	22.0	0.31369340419769287		0.0	0.0		True	False	False	1	100.31369340419769
S1-909865979	S3-573605691	23.0	0.3091525733470917	21.0	0.9486759305000305	0.0		True	True	False	2	201.25782850384712
S1-909865979	S3-92755938	24.0	0.30743739008903503		0.0	0.0		True	False	False	1	100.30743739008904
S1-909865979	S3-877919199	25.0	0.30611902475357056		0.0	0.0		True	False	False	1	100.30611902475357
S1-909865979	S3-361863410	26.0	0.30509456992149353		0.0	0.0		True	False	False	1	100.3050945699215
S1-909865979	S3-995796854	27.0	0.3026621341705322	14.0	0.9595260620117188	0.0		True	True	False	2	201.26218819618225
S1-909865979	S3-797381132	28.0	0.29548436403274536	18.0	0.951416015625	0.0		True	True	False	2	201.24690037965775
S1-909865979	S3-250324284	29.0	0.29290518164634705		0.0	0.0		True	False	False	1	100.29290518164635
S1-909865979	S3-150632472	30.0	0.2889898419380188	16.0	0.955901026725769	0.0		True	True	False	2	201.2448908686638
S1-909865979	S2-809665812		0.0	1.0	0.9796971678733826	0.0		False	True	False	1	100.97969716787338
S1-909865979	S2-583840796		0.0	2.0	0.974338173866272	0.0		False	True	False	1	100.97433817386627
S1-909865979	S2-884102769		0.0	3.0	0.974238395690918	0.0		False	True	False	1	100.97423839569092
S1-909865979	S2-744098365		0.0	4.0	0.9733526110649109	0.0		False	True	False	1	100.97335261106491
S1-909865979	S2-715460557		0.0	5.0	0.9714260101318359	0.0		False	True	False	1	100.97142601013184
S1-909865979	S2-476476786		0.0	9.0	0.9660647511482239	0.0		False	True	False	1	100.96606475114822
S1-909865979	S2-119647643		0.0	10.0	0.9651387929916382	0.0		False	True	False	1	100.96513879299164
S1-909865979	S2-375151053		0.0	12.0	0.962771475315094	0.0		False	True	False	1	100.9627714753151
S1-909865979	S2-89663826		0.0	14.0	0.9599229693412781	0.0		False	True	False	1	100.95992296934128
S1-909865979	S2-784442772		0.0	16.0	0.9578136205673218	0.0		False	True	False	1	100.95781362056732
S1-909865979	S2-550697952		0.0	17.0	0.9574579000473022	0.0		False	True	False	1	100.9574579000473
S1-909865979	S2-726058757		0.0	21.0	0.9561932682991028	0.0		False	True	False	1	100.9561932682991
S1-909865979	S2-934716922		0.0	25.0	0.9532942771911621	0.0		False	True	False	1	100.95329427719116
S1-909865979	S2-578484139		0.0	26.0	0.9526516199111938	0.0		False	True	False	1	100.9526516199112
S1-909865979	S2-449438476		0.0	27.0	0.9509419202804565	0.0		False	True	False	1	100.95094192028046
S1-909865979	S2-594115095		0.0	28.0	0.9506018161773682	0.0		False	True	False	1	100.95060181617737
S1-909865979	S2-878037834		0.0	29.0	0.9502992630004883	0.0		False	True	False	1	100.95029926300049
S1-909865979	S2-440948455		0.0	30.0	0.9501544237136841	0.0		False	True	False	1	100.95015442371368
S1-909865979	S3-760959067		0.0	2.0	0.967315673828125	0.0		False	True	False	1	100.96731567382812
S1-909865979	S3-380741339		0.0	3.0	0.9670388698577881	0.0		False	True	False	1	100.96703886985779
S1-909865979	S3-668629842		0.0	4.0	0.9646536707878113	0.0		False	True	False	1	100.96465367078781
S1-909865979	S3-768772995		0.0	5.0	0.9640003442764282	0.0		False	True	False	1	100.96400034427643
S1-909865979	S3-221443476		0.0	7.0	0.9620957374572754	0.0		False	True	False	1	100.96209573745728
S1-909865979	S3-22088661		0.0	10.0	0.9599646925926208	0.0		False	True	False	1	100.95996469259262
S1-909865979	S3-227725397		0.0	13.0	0.9595707058906555	0.0		False	True	False	1	100.95957070589066
S1-909865979	S3-416247723		0.0	17.0	0.9516794085502625	0.0		False	True	False	1	100.95167940855026
S1-909865979	S3-577972146		0.0	19.0	0.9510664939880371	0.0		False	True	False	1	100.95106649398804
S1-909865979	S3-715117209		0.0	20.0	0.9499754905700684	0.0		False	True	False	1	100.94997549057007
S1-909865979	S3-265204232		0.0	23.0	0.9484094381332397	0.0		False	True	False	1	100.94840943813324
S1-909865979	S3-835032939		0.0	25.0	0.9469187259674072	0.0		False	True	False	1	100.94691872596741
S1-909865979	S3-276427681		0.0	26.0	0.9466254711151123	0.0		False	True	False	1	100.94662547111511
S1-909865979	S3-526709055		0.0	27.0	0.9455980062484741	0.0		False	True	False	1	100.94559800624847
S1-280204013	S2-600460285	1.0	0.7645808458328247	20.0	0.926300048828125	0.0		True	True	False	2	201.69088089466095
S1-280204013	S2-913930320	2.0	0.6589171886444092		0.0	0.0		True	False	False	1	100.65891718864441
S1-280204013	S2-485885002	3.0	0.6347500085830688		0.0	0.0		True	False	False	1	100.63475000858307
S1-280204013	S2-785042722	4.0	0.628205418586731	2.0	0.9516381025314331	0.0		True	True	False	2	201.57984352111816
S1-280204013	S2-530685908	5.0	0.6270449161529541	15.0	0.9323346614837646	0.0		True	True	False	2	201.55937957763672
S1-280204013	S2-905827553	6.0	0.6260104179382324		0.0	0.0		True	False	False	1	100.62601041793823
S1-280204013	S2-304177076	7.0	0.6191791892051697		0.0	0.0		True	False	False	1	100.61917918920517
S1-280204013	S2-537184954	8.0	0.6150901913642883		0.0	0.0		True	False	False	1	100.61509019136429
S1-280204013	S2-786671109	9.0	0.6102655529975891		0.0	0.0		True	False	False	1	100.61026555299759
S1-280204013	S2-229677112	10.0	0.6095438003540039		0.0	0.0		True	False	False	1	100.609543800354
S1-280204013	S2-910351373	11.0	0.6081622242927551		0.0	0.0		True	False	False	1	100.60816222429276
S1-280204013	S2-292567038	12.0	0.6058778762817383		0.0	0.0		True	False	False	1	100.60587787628174
S1-280204013	S2-875724478	13.0	0.6000961661338806	17.0	0.9287370443344116	0.0		True	True	False	2	201.5288332104683
S1-280204013	S2-317480348	14.0	0.5966017246246338		0.0	0.0		True	False	False	1	100.59660172462463
S1-280204013	S2-495461061	15.0	0.5819971561431885		0.0	0.0		True	False	False	1	100.58199715614319
S1-280204013	S2-550697952	16.0	0.5818191766738892	6.0	0.9428462982177734	0.0		True	True	False	2	201.52466547489166
S1-280204013	S2-357438552	17.0	0.5791865587234497		0.0	0.0		True	False	False	1	100.57918655872345
S1-280204013	S2-578788567	18.0	0.5777815580368042		0.0	0.0		True	False	False	1	100.5777815580368
S1-280204013	S2-77137709	19.0	0.575492799282074		0.0	0.0		True	False	False	1	100.57549279928207
S1-280204013	S2-787861634	20.0	0.5733356475830078		0.0	0.0		True	False	False	1	100.57333564758301
S1-280204013	S2-591078525	21.0	0.5663961172103882		0.0	0.0		True	False	False	1	100.56639611721039
S1-280204013	S2-434748052	22.0	0.5623587369918823		0.0	0.0		True	False	False	1	100.56235873699188
S1-280204013	S2-956479781	23.0	0.5621552467346191	30.0	0.9196022748947144	0.0		True	True	False	2	201.48175752162933
S1-280204013	S2-784442772	24.0	0.5620434284210205	9.0	0.9401575326919556	0.0		True	True	False	2	201.50220096111298
S1-280204013	S2-576201028	25.0	0.5610840320587158		0.0	0.0		True	False	False	1	100.56108403205872
S1-280204013	S2-192345572	26.0	0.5538410544395447		0.0	0.0		True	False	False	1	100.55384105443954
S1-280204013	S2-501534718	27.0	0.5449656248092651	16.0	0.9319952130317688	0.0		True	True	False	2	201.47696083784103
S1-280204013	S2-210791875	28.0	0.5362581610679626	28.0	0.9200349450111389	0.0		True	True	False	2	201.4562931060791
S1-280204013	S2-742077842	29.0	0.5340014696121216		0.0	0.0		True	False	False	1	100.53400146961212
S1-280204013	S2-767997013	30.0	0.5153223276138306		0.0	0.0		True	False	False	1	100.51532232761383
S1-280204013	S3-580736465	1.0	0.6428568363189697		0.0	0.0		True	False	False	1	100.64285683631897
S1-280204013	S3-895598264	2.0	0.6380077600479126	1.0	0.9529709815979004	0.0		True	True	False	2	201.5909787416458
S1-280204013	S3-560657213	3.0	0.6342369318008423		0.0	0.0		True	False	False	1	100.63423693180084
S1-280204013	S3-652287374	4.0	0.6269400119781494		0.0	0.33	K1	True	False	True	2	200.95694001197816
S1-280204013	S3-536202929	5.0	0.6264641284942627	11.0	0.929714560508728	0.0		True	True	False	2	201.556178689003
S1-280204013	S3-115653125	6.0	0.6207242012023926		0.0	0.0		True	False	False	1	100.62072420120239
S1-280204013	S3-877919199	7.0	0.6184380054473877	23.0	0.9217504262924194	0.0		True	True	False	2	201.5401884317398
S1-280204013	S3-604980231	8.0	0.6147874593734741		0.0	0.0		True	False	False	1	100.61478745937347
S1-280204013	S3-825495383	9.0	0.6139771342277527	5.0	0.9380849599838257	0.0		True	True	False	2	201.55206209421158
S1-280204013	S3-688194826	10.0	0.610929012298584	21.0	0.9223216772079468	0.0		True	True	False	2	201.53325068950653
S1-280204013	S3-289697426	11.0	0.6104648113250732		0.0	0.0		True	False	False	1	100.61046481132507
S1-280204013	S3-436480804	12.0	0.6091123819351196		0.0	0.0		True	False	False	1	100.60911238193512
S1-280204013	S3-219041197	13.0	0.6062933206558228		0.0	0.0		True	False	False	1	100.60629332065582
S1-280204013	S3-464265492	14.0	0.5997545719146729	24.0	0.9216808080673218	0.0		True	True	False	2	201.521435379982
S1-280204013	S3-191842349	15.0	0.5960100293159485		0.0	0.0		True	False	False	1	100.59601002931595
S1-280204013	S3-811459169	16.0	0.5893596410751343		0.0	0.0		True	False	False	1	100.58935964107513
S1-280204013	S3-158901285	17.0	0.5821899175643921	27.0	0.9208825826644897	0.0		True	True	False	2	201.50307250022888
S1-280204013	S3-610536355	18.0	0.5819284915924072	13.0	0.9266337752342224	0.0		True	True	False	2	201.50856226682663
S1-280204013	S3-288440193	19.0	0.581199049949646	14.0	0.9263476133346558	0.0		True	True	False	2	201.5075466632843
S1-280204013	S3-611681699	20.0	0.5791035890579224		0.0	0.0		True	False	False	1	100.57910358905792
S1-280204013	S3-159233685	21.0	0.572613000869751		0.0	0.0		True	False	False	1	100.57261300086975
S1-280204013	S3-125349995	22.0	0.5653465390205383		0.0	0.0		True	False	False	1	100.56534653902054
S1-280204013	S3-250853646	23.0	0.5591974854469299		0.0	0.0		True	False	False	1	100.55919748544693
S1-280204013	S3-577972146	24.0	0.5579048991203308	7.0	0.9346526861190796	0.0		True	True	False	2	201.4925575852394
S1-280204013	S3-695502221	25.0	0.5569553971290588		0.0	0.0		True	False	False	1	100.55695539712906
S1-280204013	S3-960416326	26.0	0.5569054484367371		0.0	0.0		True	False	False	1	100.55690544843674
S1-280204013	S3-264170444	27.0	0.554811418056488		0.0	0.0		True	False	False	1	100.55481141805649
S1-280204013	S3-10300249	28.0	0.55463707447052		0.0	0.0		True	False	False	1	100.55463707447052
S1-280204013	S3-361863410	29.0	0.553286075592041		0.0	0.0		True	False	False	1	100.55328607559204
S1-280204013	S3-227725397	30.0	0.5532100796699524	30.0	0.9194947481155396	0.0		True	True	False	2	201.4727048277855
S1-280204013	S2-891600450		0.0	1.0	0.95492023229599	0.0		False	True	False	1	100.95492023229599
S1-280204013	S2-223826524		0.0	3.0	0.9473981261253357	0.0		False	True	False	1	100.94739812612534
S1-280204013	S2-592412285		0.0	4.0	0.9453467726707458	0.0		False	True	False	1	100.94534677267075
S1-280204013	S2-594115095		0.0	5.0	0.9439603090286255	0.0		False	True	False	1	100.94396030902863
S1-280204013	S2-262646344		0.0	7.0	0.9413930177688599	0.0		False	True	False	1	100.94139301776886
S1-280204013	S2-158121477		0.0	8.0	0.9410772323608398	0.0		False	True	False	1	100.94107723236084
S1-280204013	S2-647447093		0.0	10.0	0.9371985197067261	0.0		False	True	False	1	100.93719851970673
S1-280204013	S2-566025912		0.0	11.0	0.9353058934211731	0.0		False	True	False	1	100.93530589342117
S1-280204013	S2-658886344		0.0	12.0	0.9351526498794556	0.0		False	True	False	1	100.93515264987946
S1-280204013	S2-938316135		0.0	13.0	0.9336456060409546	0.0		False	True	False	1	100.93364560604095
S1-280204013	S2-416136682		0.0	14.0	0.9330407977104187	0.0		False	True	False	1	100.93304079771042
S1-280204013	S2-715460557		0.0	18.0	0.9269754886627197	0.0		False	True	False	1	100.92697548866272
S1-280204013	S2-440948455		0.0	19.0	0.9265070557594299	0.0		False	True	False	1	100.92650705575943
S1-280204013	S2-119647643		0.0	21.0	0.9247305989265442	0.0		False	True	False	1	100.92473059892654
S1-280204013	S2-258890831		0.0	22.0	0.9236946105957031	0.0		False	True	False	1	100.9236946105957
S1-280204013	S2-495604525		0.0	23.0	0.9232680797576904	0.0		False	True	False	1	100.92326807975769
S1-280204013	S2-701289183		0.0	24.0	0.922918975353241	0.0		False	True	False	1	100.92291897535324
S1-280204013	S2-638268338		0.0	25.0	0.9216128587722778	0.0		False	True	False	1	100.92161285877228
S1-280204013	S2-742018880		0.0	26.0	0.9209946393966675	0.0		False	True	False	1	100.92099463939667
S1-280204013	S2-575142052		0.0	27.0	0.9204891920089722	0.0		False	True	False	1	100.92048919200897
S1-280204013	S2-770341988		0.0	29.0	0.9198715090751648	0.0		False	True	False	1	100.91987150907516
S1-280204013	S3-768772995		0.0	2.0	0.9430623054504395	0.0		False	True	False	1	100.94306230545044
S1-280204013	S3-971111671		0.0	3.0	0.9426784515380859	0.0		False	True	False	1	100.94267845153809
S1-280204013	S3-305215419		0.0	4.0	0.9383533000946045	0.0		False	True	False	1	100.9383533000946
S1-280204013	S3-483958914		0.0	6.0	0.9351160526275635	0.0		False	True	False	1	100.93511605262756
S1-280204013	S3-662721327		0.0	8.0	0.9332611560821533	0.0		False	True	False	1	100.93326115608215
S1-280204013	S3-482581656		0.0	9.0	0.9331605434417725	0.0		False	True	False	1	100.93316054344177
S1-280204013	S3-22321512		0.0	10.0	0.9331166744232178	0.0		False	True	False	1	100.93311667442322
S1-280204013	S3-218566871		0.0	12.0	0.9273537397384644	0.0		False	True	False	1	100.92735373973846
S1-280204013	S3-369430171		0.0	15.0	0.9247504472732544	0.0		False	True	False	1	100.92475044727325
S1-280204013	S3-18976400		0.0	16.0	0.9244697093963623	0.0		False	True	False	1	100.92446970939636
S1-280204013	S3-556228627		0.0	17.0	0.9234785437583923	0.0		False	True	False	1	100.92347854375839
S1-280204013	S3-170975522		0.0	18.0	0.9231248497962952	0.0		False	True	False	1	100.9231248497963
S1-280204013	S3-819001322		0.0	19.0	0.9230315685272217	0.0		False	True	False	1	100.92303156852722
S1-280204013	S3-543902884		0.0	20.0	0.9229722023010254	0.0		False	True	False	1	100.92297220230103
S1-280204013	S3-92755938		0.0	22.0	0.921947717666626	0.0		False	True	False	1	100.92194771766663
S1-280204013	S3-517069981		0.0	25.0	0.9213600158691406	0.0		False	True	False	1	100.92136001586914
S1-280204013	S3-526709055		0.0	26.0	0.9211868047714233	0.0		False	True	False	1	100.92118680477142
S1-280204013	S3-74786614		0.0	28.0	0.920478105545044	0.0		False	True	False	1	100.92047810554504
S1-280204013	S3-389830698		0.0	29.0	0.9196130037307739	0.0		False	True	False	1	100.91961300373077
S1-742053041	S2-537184954	1.0	0.6674283742904663	28.0	0.8821031451225281	0.0		True	True	False	2	201.549531519413
S1-742053041	S2-742077842	2.0	0.6263092756271362		0.0	0.0		True	False	False	1	100.62630927562714
S1-742053041	S2-875724478	3.0	0.6250725388526917	15.0	0.8988892436027527	0.0		True	True	False	2	201.52396178245544
S1-742053041	S2-785042722	4.0	0.6178252696990967	12.0	0.9030044078826904	0.0		True	True	False	2	201.5208296775818
S1-742053041	S2-292567038	5.0	0.6161453723907471		0.0	0.0		True	False	False	1	100.61614537239075
S1-742053041	S2-956479781	6.0	0.6089614629745483		0.0	0.0		True	False	False	1	100.60896146297455
S1-742053041	S2-304177076	7.0	0.6086165904998779		0.0	0.0		True	False	False	1	100.60861659049988
S1-742053041	S2-913930320	8.0	0.5975834131240845	5.0	0.9175087213516235	0.0		True	True	False	2	201.5150921344757
S1-742053041	S2-999853272	9.0	0.5959895253181458	24.0	0.8883740901947021	0.0		True	True	False	2	201.48436361551285
S1-742053041	S2-485885002	10.0	0.5941113233566284	4.0	0.9263346195220947	0.0		True	True	False	2	201.52044594287872
S1-742053041	S2-192345572	11.0	0.5887361764907837	23.0	0.8914176225662231	0.0		True	True	False	2	201.480153799057
S1-742053041	S2-905827553	12.0	0.5878041982650757		0.0	0.0		True	False	False	1	100.58780419826508
S1-742053041	S2-578788567	13.0	0.5776418447494507	26.0	0.8843095302581787	0.0		True	True	False	2	201.46195137500763
S1-742053041	S2-501534718	14.0	0.5705491900444031	22.0	0.8918784856796265	0.0		True	True	False	2	201.46242767572403
S1-742053041	S2-530685908	15.0	0.5640724897384644	1.0	0.9495116472244263	0.0		True	True	False	2	201.5135841369629
S1-742053041	S2-434748052	16.0	0.5614920854568481	29.0	0.8813275098800659	0.0		True	True	False	2	201.4428195953369
S1-742053041	S2-223826524	17.0	0.5551913976669312	18.0	0.8967856168746948	0.0		True	True	False	2	201.45197701454163
S1-742053041	S2-786671109	18.0	0.5512880086898804	2.0	0.9396556615829468	0.0		True	True	False	2	201.49094367027283
S1-742053041	S2-317480348	19.0	0.5472277402877808		0.0	0.0		True	False	False	1	100.54722774028778
S1-742053041	S2-654270940	20.0	0.5342653393745422		0.0	0.0		True	False	False	1	100.53426533937454
S1-742053041	S2-658886344	21.0	0.5320378541946411	8.0	0.9107141494750977	0.0		True	True	False	2	201.44275200366974
S1-742053041	S2-495461061	22.0	0.5297028422355652		0.0	0.0		True	False	False	1	100.52970284223557
S1-742053041	S2-440948455	23.0	0.5275205373764038		0.0	0.0		True	False	False	1	100.5275205373764
S1-742053041	S2-550697952	24.0	0.5132474899291992	14.0	0.9010125398635864	0.0		True	True	False	2	201.41426002979279
S1-742053041	S2-591078525	25.0	0.512239933013916		0.0	0.0		True	False	False	1	100.51223993301392
S1-742053041	S2-166809876	26.0	0.5087009072303772		0.0	0.0		True	False	False	1	100.50870090723038
S1-742053041	S2-784442772	27.0	0.5076183080673218		0.0	0.0		True	False	False	1	100.50761830806732
S1-742053041	S2-77137709	28.0	0.5015355348587036	6.0	0.9130069017410278	0.0		True	True	False	2	201.41454243659973
S1-742053041	S2-767997013	29.0	0.5012491941452026	20.0	0.8951508402824402	0.0		True	True	False	2	201.39640003442764
S1-742053041	S2-600460285	30.0	0.49371570348739624		0.0	0.0		True	False	False	1	100.4937157034874
S1-742053041	S3-877919199	1.0	0.6328823566436768		0.0	0.0		True	False	False	1	100.63288235664368
S1-742053041	S3-867263634	2.0	0.6110665798187256		0.0	0.0		True	False	False	1	100.61106657981873
S1-742053041	S3-127741306	3.0	0.6104638576507568		0.0	0.0		True	False	False	1	100.61046385765076
S1-742053041	S3-577972146	4.0	0.6068087220191956	30.0	0.8867943286895752	0.0		True	True	False	2	201.49360305070877
S1-742053041	S3-895598264	5.0	0.6061591506004333	21.0	0.9032459259033203	0.0		True	True	False	2	201.50940507650375
S1-742053041	S3-264170444	6.0	0.604778528213501		0.0	0.0		True	False	False	1	100.6047785282135
S1-742053041	S3-170975522	7.0	0.6035525798797607		0.0	0.0		True	False	False	1	100.60355257987976
S1-742053041	S3-115653125	8.0	0.5966048836708069		0.0	0.0		True	False	False	1	100.5966048836708
S1-742053041	S3-853414998	9.0	0.5902414917945862	23.0	0.9013410210609436	0.0		True	True	False	2	201.49158251285553
S1-742053041	S3-162993152	10.0	0.5893683433532715		0.0	0.0		True	False	False	1	100.58936834335327
S1-742053041	S3-462677478	11.0	0.5881472826004028		0.0	0.0		True	False	False	1	100.5881472826004
S1-742053041	S3-250324284	12.0	0.5852150917053223	28.0	0.8897785544395447	0.0		True	True	False	2	201.47499364614487
S1-742053041	S3-580736465	13.0	0.581534206867218		0.0	0.0		True	False	False	1	100.58153420686722
S1-742053041	S3-86143878	14.0	0.5770074129104614		0.0	0.0		True	False	False	1	100.57700741291046
S1-742053041	S3-191842349	15.0	0.5742494463920593		0.0	0.0		True	False	False	1	100.57424944639206
S1-742053041	S3-517069981	16.0	0.5645692348480225		0.0	0.0		True	False	False	1	100.56456923484802
S1-742053041	S3-961421742	17.0	0.5635746717453003		0.0	0.0		True	False	False	1	100.5635746717453
S1-742053041	S3-227725397	18.0	0.5608087778091431		0.0	0.0		True	False	False	1	100.56080877780914
S1-742053041	S3-825495383	19.0	0.5598679184913635	12.0	0.9221004843711853	0.0		True	True	False	2	201.48196840286255
S1-742053041	S3-184785497	20.0	0.5584475994110107		0.0	0.0		True	False	False	1	100.55844759941101
S1-742053041	S3-536202929	21.0	0.5572274327278137	22.0	0.9030044078826904	0.0		True	True	False	2	201.4602318406105
S1-742053041	S3-289697426	22.0	0.554440438747406		0.0	0.0		True	False	False	1	100.5544404387474
S1-742053041	S3-811459169	23.0	0.5541006922721863		0.0	0.0		True	False	False	1	100.55410069227219
S1-742053041	S3-526709055	24.0	0.5538092255592346	8.0	0.9303359389305115	0.0		True	True	False	2	201.48414516448975
S1-742053041	S3-288440193	25.0	0.5515950918197632	24.0	0.8970292806625366	0.0		True	True	False	2	201.4486243724823
S1-742053041	S3-695502221	26.0	0.5502109527587891	20.0	0.9039933085441589	0.0		True	True	False	2	201.45420426130295
S1-742053041	S3-219041197	27.0	0.5488121509552002		0.0	0.0		True	False	False	1	100.5488121509552
S1-742053041	S3-688194826	28.0	0.5483736395835876	9.0	0.9289928078651428	0.0		True	True	False	2	201.47736644744873
S1-742053041	S3-18976400	29.0	0.5447822213172913	4.0	0.935328483581543	0.0		True	True	False	2	201.48011070489883
S1-742053041	S3-158901285	30.0	0.543673038482666	17.0	0.9114292860031128	0.0		True	True	False	2	201.45510232448578
S1-742053041	S2-592412285		0.0	3.0	0.9313313961029053	0.0		False	True	False	1	100.9313313961029
S1-742053041	S2-262646344		0.0	7.0	0.9127707481384277	0.0		False	True	False	1	100.91277074813843
S1-742053041	S2-575142052		0.0	9.0	0.9083704948425293	0.0		False	True	False	1	100.90837049484253
S1-742053041	S2-594115095		0.0	10.0	0.9069039821624756	0.0		False	True	False	1	100.90690398216248
S1-742053041	S2-305637735		0.0	11.0	0.9046202301979065	0.0		False	True	False	1	100.9046202301979
S1-742053041	S2-170244057		0.0	13.0	0.9023396968841553	0.0		False	True	False	1	100.90233969688416
S1-742053041	S2-459485143		0.0	16.0	0.897985577583313	0.0		False	True	False	1	100.89798557758331
S1-742053041	S2-158121477		0.0	17.0	0.89781653881073	0.0		False	True	False	1	100.89781653881073
S1-742053041	S2-210791875		0.0	19.0	0.8966023921966553	0.0		False	True	False	1	100.89660239219666
S1-742053041	S2-910351373		0.0	21.0	0.8950322270393372	0.0		False	True	False	1	100.89503222703934
S1-742053041	S2-583840796		0.0	25.0	0.8848950266838074	0.0		False	True	False	1	100.88489502668381
S1-742053041	S2-4583532		0.0	27.0	0.8831287026405334	0.0		False	True	False	1	100.88312870264053
S1-742053041	S2-770341988		0.0	30.0	0.8747653961181641	0.0		False	True	False	1	100.87476539611816
S1-742053041	S3-98186645		0.0	1.0	0.9459740519523621	0.0		False	True	False	1	100.94597405195236
S1-742053041	S3-74786614		0.0	2.0	0.945156455039978	0.0		False	True	False	1	100.94515645503998
S1-742053041	S3-219844340		0.0	3.0	0.944880485534668	0.0		False	True	False	1	100.94488048553467
S1-742053041	S3-464265492		0.0	5.0	0.9341286420822144	0.0		False	True	False	1	100.93412864208221
S1-742053041	S3-218566871		0.0	6.0	0.9320511817932129	0.0		False	True	False	1	100.93205118179321
S1-742053041	S3-482581656		0.0	7.0	0.9311678409576416	0.0		False	True	False	1	100.93116784095764
S1-742053041	S3-436480804		0.0	10.0	0.9241589903831482	0.0		False	True	False	1	100.92415899038315
S1-742053041	S3-662721327		0.0	11.0	0.9234324097633362	0.0		False	True	False	1	100.92343240976334
S1-742053041	S3-971111671		0.0	13.0	0.9193540811538696	0.0		False	True	False	1	100.91935408115387
S1-742053041	S3-819001322		0.0	14.0	0.9188626408576965	0.0		False	True	False	1	100.9188626408577
S1-742053041	S3-305215419		0.0	15.0	0.9187655448913574	0.0		False	True	False	1	100.91876554489136
S1-742053041	S3-797381132		0.0	16.0	0.9175959825515747	0.0		False	True	False	1	100.91759598255157
S1-742053041	S3-198586129		0.0	18.0	0.9105997085571289	0.0		False	True	False	1	100.91059970855713
S1-742053041	S3-276427681		0.0	19.0	0.906593918800354	0.0		False	True	False	1	100.90659391880035
S1-742053041	S3-652287374		0.0	25.0	0.8921548128128052	0.0		False	True	False	1	100.8921548128128
S1-742053041	S3-203608044		0.0	26.0	0.8912093639373779	0.0		False	True	False	1	100.89120936393738
S1-742053041	S3-1062100		0.0	27.0	0.8898718357086182	0.0		False	True	False	1	100.88987183570862
S1-742053041	S3-125349995		0.0	29.0	0.8896644711494446	0.0		False	True	False	1	100.88966447114944
S1-913506265	S2-575142052	1.0	0.6549612879753113	1.0	0.9734224677085876	0.0		True	True	False	2	201.6283837556839
S1-913506265	S2-800542765	2.0	0.651511549949646	9.0	0.960708737373352	0.0		True	True	False	2	201.612220287323
S1-913506265	S2-158121477	3.0	0.6078232526779175	5.0	0.9689328670501709	0.0		True	True	False	2	201.5767561197281
S1-913506265	S2-112287031	4.0	0.5862622857093811	4.0	0.9711263179779053	0.0		True	True	False	2	201.5573886036873
S1-913506265	S2-170244057	5.0	0.5848399996757507	3.0	0.9716365337371826	0.0		True	True	False	2	201.55647653341293
S1-913506265	S2-262646344	6.0	0.5795319676399231	6.0	0.9653855562210083	0.0		True	True	False	2	201.54491752386093
S1-913506265	S2-566025912	7.0	0.5458012819290161	8.0	0.9609799385070801	0.0		True	True	False	2	201.5067812204361
S1-913506265	S2-647447093	8.0	0.48923903703689575	10.0	0.9598087668418884	0.0		True	True	False	2	201.44904780387878
S1-913506265	S2-770341988	9.0	0.4842692017555237	2.0	0.9725244045257568	0.0		True	True	False	2	201.45679360628128
S1-913506265	S2-878037834	10.0	0.4774032235145569	11.0	0.9539991021156311	0.0		True	True	False	2	201.4314023256302
S1-913506265	S2-160823657	11.0	0.4725772738456726	12.0	0.9521267414093018	0.0		True	True	False	2	201.42470401525497
S1-913506265	S2-459485143	12.0	0.46367689967155457	16.0	0.9438342452049255	0.0		True	True	False	2	201.40751114487648
S1-913506265	S2-742018880	13.0	0.421822726726532	23.0	0.9279212951660156	0.0		True	True	False	2	201.34974402189255
S1-913506265	S2-305637735	14.0	0.41277167201042175	13.0	0.9486095905303955	0.0		True	True	False	2	201.36138126254082
S1-913506265	S2-785042722	15.0	0.3989698588848114	29.0	0.9223504662513733	0.0		True	True	False	2	201.32132032513618
S1-913506265	S2-77137709	16.0	0.3978971540927887		0.0	0.0		True	False	False	1	100.39789715409279
S1-913506265	S2-229677112	17.0	0.39593201875686646		0.0	0.0		True	False	False	1	100.39593201875687
S1-913506265	S2-933724724	18.0	0.3938145637512207	20.0	0.9317722320556641	0.0		True	True	False	2	201.32558679580688
S1-913506265	S2-108012128	19.0	0.3930244743824005	7.0	0.9644277095794678	0.0		True	True	False	2	201.35745218396187
S1-913506265	S2-913930320	20.0	0.3828316330909729		0.0	0.0		True	False	False	1	100.38283163309097
S1-913506265	S2-779040268	21.0	0.37752392888069153		0.0	0.0		True	False	False	1	100.37752392888069
S1-913506265	S2-891600450	22.0	0.3729540705680847		0.0	0.0		True	False	False	1	100.37295407056808
S1-913506265	S2-767997013	23.0	0.37281280755996704		0.0	0.0		True	False	False	1	100.37281280755997
S1-913506265	S2-600460285	24.0	0.37139180302619934		0.0	0.0		True	False	False	1	100.3713918030262
S1-913506265	S2-910351373	25.0	0.35580122470855713		0.0	0.0		True	False	False	1	100.35580122470856
S1-913506265	S2-119647643	26.0	0.35374417901039124		0.0	0.0		True	False	False	1	100.35374417901039
S1-913506265	S2-223826524	27.0	0.3536294102668762	22.0	0.9294716715812683	0.0		True	True	False	2	201.28310108184814
S1-913506265	S2-495604525	28.0	0.3513372540473938		0.0	0.0		True	False	False	1	100.3513372540474
S1-913506265	S2-742077842	29.0	0.35094738006591797		0.0	0.0		True	False	False	1	100.35094738006592
S1-913506265	S2-654270940	30.0	0.3456806242465973		0.0	0.0		True	False	False	1	100.3456806242466
S1-913506265	S3-305215419	1.0	0.7365926504135132	1.0	0.9708961844444275	0.0		True	True	False	2	201.70748883485794
S1-913506265	S3-712130770	2.0	0.6057406663894653	6.0	0.9684432744979858	0.0		True	True	False	2	201.57418394088745
S1-913506265	S3-556228627	3.0	0.6024644374847412	3.0	0.9692628979682922	0.0		True	True	False	2	201.57172733545303
S1-913506265	S3-543902884	4.0	0.5929867625236511	2.0	0.9701635837554932	0.0		True	True	False	2	201.56315034627914
S1-913506265	S3-934627663	5.0	0.5828688740730286		0.0	0.0		True	False	False	1	100.58286887407303
S1-913506265	S3-715117209	6.0	0.5515867471694946	7.0	0.9671221971511841	0.0		True	True	False	2	201.51870894432068
S1-913506265	S3-198586129	7.0	0.5280847549438477	13.0	0.9549403190612793	0.0		True	True	False	2	201.48302507400513
S1-913506265	S3-22321512	8.0	0.5106459259986877	11.0	0.9600887298583984	0.0		True	True	False	2	201.4707346558571
S1-913506265	S3-971111671	9.0	0.5007160902023315	9.0	0.9635288715362549	0.0		True	True	False	2	201.4642449617386
S1-913506265	S3-203608044	10.0	0.4711860418319702	5.0	0.9684675931930542	0.0		True	True	False	2	201.43965363502502
S1-913506265	S3-200532536	11.0	0.46503493189811707	25.0	0.9157556295394897	0.0		True	True	False	2	201.3807905614376
S1-913506265	S3-643284918	12.0	0.45111149549484253		0.0	0.0		True	False	False	1	100.45111149549484
S1-913506265	S3-369430171	13.0	0.4500578045845032		0.0	0.0		True	False	False	1	100.4500578045845
S1-913506265	S3-835032939	14.0	0.44941380620002747	12.0	0.9565876722335815	0.0		True	True	False	2	201.4060014784336
S1-913506265	S3-64079929	15.0	0.44454190135002136	10.0	0.9604549407958984	0.0		True	True	False	2	201.40499684214592
S1-913506265	S3-580736465	16.0	0.44036900997161865		0.0	0.0		True	False	False	1	100.44036900997162
S1-913506265	S3-577972146	17.0	0.4346783459186554	16.0	0.9322157502174377	0.0		True	True	False	2	201.3668940961361
S1-913506265	S3-389830698	18.0	0.4135816693305969	18.0	0.9231847524642944	0.0		True	True	False	2	201.3367664217949
S1-913506265	S3-536202929	19.0	0.41084426641464233	15.0	0.9326991438865662	0.0		True	True	False	2	201.3435434103012
S1-913506265	S3-159233685	20.0	0.4078502058982849		0.0	0.0		True	False	False	1	100.40785020589828
S1-913506265	S3-125349995	21.0	0.4028421640396118		0.0	0.0		True	False	False	1	100.40284216403961
S1-913506265	S3-170975522	22.0	0.40132033824920654		0.0	0.0		True	False	False	1	100.4013203382492
S1-913506265	S3-191842349	23.0	0.3956654667854309		0.0	0.0		True	False	False	1	100.39566546678543
S1-913506265	S3-250324284	24.0	0.3938866853713989		0.0	0.0		True	False	False	1	100.3938866853714
S1-913506265	S3-464265492	25.0	0.37801459431648254		0.0	0.0		True	False	False	1	100.37801459431648
S1-913506265	S3-264170444	26.0	0.3759860396385193		0.0	0.0		True	False	False	1	100.37598603963852
S1-913506265	S3-1062100	27.0	0.3737165629863739	8.0	0.9656333327293396	0.0		True	True	False	2	201.3393498957157
S1-913506265	S3-73958887	28.0	0.37343013286590576		0.0	0.0		True	False	False	1	100.3734301328659
S1-913506265	S3-560657213	29.0	0.3708241879940033		0.0	0.0		True	False	False	1	100.370824187994
S1-913506265	S3-227725397	30.0	0.3705157935619354		0.0	0.0		True	False	False	1	100.37051579356194
S1-913506265	S2-550697952		0.0	14.0	0.9472191333770752	0.0		False	True	False	1	100.94721913337708
S1-913506265	S2-592412285		0.0	15.0	0.9458650946617126	0.0		False	True	False	1	100.94586509466171
S1-913506265	S2-594115095		0.0	17.0	0.9422121644020081	0.0		False	True	False	1	100.94221216440201
S1-913506265	S2-583840796		0.0	18.0	0.940897524356842	0.0		False	True	False	1	100.94089752435684
S1-913506265	S2-715460557		0.0	19.0	0.9359081387519836	0.0		False	True	False	1	100.93590813875198
S1-913506265	S2-416136682		0.0	21.0	0.9312992691993713	0.0		False	True	False	1	100.93129926919937
S1-913506265	S2-559669701		0.0	24.0	0.9267440438270569	0.0		False	True	False	1	100.92674404382706
S1-913506265	S2-258890831		0.0	25.0	0.9252204298973083	0.0		False	True	False	1	100.92522042989731
S1-913506265	S2-744098365		0.0	26.0	0.924670934677124	0.0		False	True	False	1	100.92467093467712
S1-913506265	S2-476476786		0.0	27.0	0.924648642539978	0.0		False	True	False	1	100.92464864253998
S1-913506265	S2-440948455		0.0	28.0	0.9229165315628052	0.0		False	True	False	1	100.9229165315628
S1-913506265	S2-638268338		0.0	30.0	0.9218698740005493	0.0		False	True	False	1	100.92186987400055
S1-913506265	S3-92755938		0.0	4.0	0.9687392711639404	0.0		False	True	False	1	100.96873927116394
S1-913506265	S3-482581656		0.0	14.0	0.9388001561164856	0.0		False	True	False	1	100.93880015611649
S1-913506265	S3-526709055		0.0	17.0	0.930928647518158	0.0		False	True	False	1	100.93092864751816
S1-913506265	S3-797381132		0.0	19.0	0.9229608178138733	0.0		False	True	False	1	100.92296081781387
S1-913506265	S3-221443476		0.0	20.0	0.922812819480896	0.0		False	True	False	1	100.9228128194809
S1-913506265	S3-416247723		0.0	21.0	0.9194352626800537	0.0		False	True	False	1	100.91943526268005
S1-913506265	S3-668629842		0.0	22.0	0.9189327955245972	0.0		False	True	False	1	100.9189327955246
S1-913506265	S3-276427681		0.0	23.0	0.9185487031936646	0.0		False	True	False	1	100.91854870319366
S1-913506265	S3-760959067		0.0	24.0	0.9164013862609863	0.0		False	True	False	1	100.91640138626099
S1-913506265	S3-662721327		0.0	26.0	0.9156367182731628	0.0		False	True	False	1	100.91563671827316
S1-913506265	S3-288440193		0.0	27.0	0.9126219153404236	0.0		False	True	False	1	100.91262191534042
S1-913506265	S3-652287374		0.0	28.0	0.9124709367752075	0.0		False	True	False	1	100.91247093677521
S1-913506265	S3-98186645		0.0	29.0	0.9124146699905396	0.0		False	True	False	1	100.91241466999054
S1-913506265	S3-768772995		0.0	30.0	0.911142110824585	0.0		False	True	False	1	100.91114211082458
S1-479574617	S2-600460285	1.0	0.6310416460037231	8.0	0.9595707654953003	0.0		True	True	False	2	201.59061241149902
S1-479574617	S2-537184954	2.0	0.6147990226745605		0.0	0.0		True	False	False	1	100.61479902267456
S1-479574617	S2-434748052	3.0	0.6135703325271606	24.0	0.942491352558136	0.0		True	True	False	2	201.5560616850853
S1-479574617	S2-576201028	4.0	0.6016924977302551	12.0	0.9524977803230286	0.0		True	True	False	2	201.55419027805328
S1-479574617	S2-317480348	5.0	0.5975743532180786		0.0	0.0		True	False	False	1	100.59757435321808
S1-479574617	S2-550697952	6.0	0.5953198075294495	21.0	0.9470969438552856	0.0		True	True	False	2	201.54241675138474
S1-479574617	S2-292567038	7.0	0.5951246023178101		0.0	0.0		True	False	False	1	100.59512460231781
S1-479574617	S2-485885002	8.0	0.5921090841293335		0.0	0.0		True	False	False	1	100.59210908412933
S1-479574617	S2-304177076	9.0	0.5894167423248291		0.0	0.0		True	False	False	1	100.58941674232483
S1-479574617	S2-786671109	10.0	0.5877578258514404	20.0	0.9489968419075012	0.0		True	True	False	2	201.53675466775894
S1-479574617	S2-875724478	11.0	0.5848774909973145	15.0	0.951322615146637	0.0		True	True	False	2	201.53620010614395
S1-479574617	S2-77137709	12.0	0.5765076279640198	14.0	0.9519983530044556	0.0		True	True	False	2	201.52850598096848
S1-479574617	S2-905827553	13.0	0.5580030679702759		0.0	0.0		True	False	False	1	100.55800306797028
S1-479574617	S2-591078525	14.0	0.5537223815917969		0.0	0.0		True	False	False	1	100.5537223815918
S1-479574617	S2-910351373	15.0	0.5439898371696472	7.0	0.9607150554656982	0.0		True	True	False	2	201.50470489263535
S1-479574617	S2-495461061	16.0	0.5307654738426208		0.0	0.0		True	False	False	1	100.53076547384262
S1-479574617	S2-913930320	17.0	0.5291787385940552	19.0	0.9491672515869141	0.0		True	True	False	2	201.47834599018097
S1-479574617	S2-578788567	18.0	0.5282759666442871	3.0	0.9637550115585327	0.0		True	True	False	2	201.49203097820282
S1-479574617	S2-530685908	19.0	0.5236532688140869	1.0	0.9813299775123596	0.0		True	True	False	2	201.50498324632645
S1-479574617	S2-229677112	20.0	0.5180595517158508		0.0	0.0		True	False	False	1	100.51805955171585
S1-479574617	S2-785042722	21.0	0.5166216492652893	9.0	0.9586132764816284	0.0		True	True	False	2	201.47523492574692
S1-479574617	S2-956479781	22.0	0.5104919672012329		0.0	0.0		True	False	False	1	100.51049196720123
S1-479574617	S2-440948455	23.0	0.5102580189704895		0.0	0.0		True	False	False	1	100.51025801897049
S1-479574617	S2-784442772	24.0	0.5061452388763428	5.0	0.9621704816818237	0.0		True	True	False	2	201.46831572055817
S1-479574617	S2-767997013	25.0	0.5006239414215088	2.0	0.9690465331077576	0.0		True	True	False	2	201.46967047452927
S1-479574617	S2-658886344	26.0	0.5003045797348022		0.0	0.0		True	False	False	1	100.5003045797348
S1-479574617	S2-501534718	27.0	0.4987446367740631	11.0	0.9557316303253174	0.0		True	True	False	2	201.45447626709938
S1-479574617	S2-192345572	28.0	0.4956521689891815		0.0	0.0		True	False	False	1	100.49565216898918
S1-479574617	S2-742077842	29.0	0.49476999044418335		0.0	0.0		True	False	False	1	100.49476999044418
S1-479574617	S2-787861634	30.0	0.49298226833343506	22.0	0.9431755542755127	0.0		True	True	False	2	201.43615782260895
S1-479574617	S3-960416326	1.0	0.6432751417160034	9.0	0.9702675342559814	0.0		True	True	False	2	201.61354267597198
S1-479574617	S3-895598264	2.0	0.6091920137405396	22.0	0.9544159173965454	0.0		True	True	False	2	201.56360793113708
S1-479574617	S3-688194826	3.0	0.5974333882331848	12.0	0.9671358466148376	0.0		True	True	False	2	201.56456923484802
S1-479574617	S3-877919199	4.0	0.5881824493408203		0.0	0.0		True	False	False	1	100.58818244934082
S1-479574617	S3-825495383	5.0	0.5837191343307495	24.0	0.9540122151374817	0.0		True	True	False	2	201.53773134946823
S1-479574617	S3-219041197	6.0	0.5616477727890015		0.0	0.0		True	False	False	1	100.561647772789
S1-479574617	S3-560657213	7.0	0.5585683584213257		0.0	0.0		True	False	False	1	100.55856835842133
S1-479574617	S3-536202929	8.0	0.5579896569252014	4.0	0.9731423854827881	0.0		True	True	False	2	201.531132042408
S1-479574617	S3-250853646	9.0	0.5556800961494446		0.0	0.0		True	False	False	1	100.55568009614944
S1-479574617	S3-436480804	10.0	0.5527422428131104	21.0	0.9555410146713257	0.0		True	True	False	2	201.50828325748444
S1-479574617	S3-464265492	11.0	0.5492196083068848	26.0	0.9517707824707031	0.0		True	True	False	2	201.5009903907776
S1-479574617	S3-483958914	12.0	0.547882080078125	30.0	0.9460158348083496	0.0		True	True	False	2	201.49389791488647
S1-479574617	S3-276427681	13.0	0.5466331839561462	8.0	0.9704231023788452	0.0		True	True	False	2	201.517056286335
S1-479574617	S3-227725397	14.0	0.5454566478729248		0.0	0.0		True	False	False	1	100.54545664787292
S1-479574617	S3-170975522	15.0	0.5452522039413452	19.0	0.9564027190208435	0.0		True	True	False	2	201.5016549229622
S1-479574617	S3-173398261	16.0	0.5397360324859619	25.0	0.953733503818512	0.0		True	True	False	2	201.49346953630447
S1-479574617	S3-604980231	17.0	0.5384101271629333		0.0	0.0		True	False	False	1	100.53841012716293
S1-479574617	S3-374810425	18.0	0.5370420217514038		0.0	0.0		True	False	False	1	100.5370420217514
S1-479574617	S3-219844340	19.0	0.5311470031738281	15.0	0.9632799029350281	0.0		True	True	False	2	201.49442690610886
S1-479574617	S3-961421742	20.0	0.5296092629432678	28.0	0.9491506814956665	0.0		True	True	False	2	201.47875994443893
S1-479574617	S3-115653125	21.0	0.5275018215179443		0.0	0.0		True	False	False	1	100.52750182151794
S1-479574617	S3-288440193	22.0	0.524593710899353	5.0	0.9730426669120789	0.0		True	True	False	2	201.49763637781143
S1-479574617	S3-10300249	23.0	0.5245909690856934		0.0	0.0		True	False	False	1	100.5245909690857
S1-479574617	S3-577972146	24.0	0.5214609503746033	18.0	0.9583852291107178	0.0		True	True	False	2	201.47984617948532
S1-479574617	S3-811459169	25.0	0.5203502774238586		0.0	0.0		True	False	False	1	100.52035027742386
S1-479574617	S3-361863410	26.0	0.5177891850471497		0.0	0.0		True	False	False	1	100.51778918504715
S1-479574617	S3-482581656	27.0	0.5145666599273682	14.0	0.9640883207321167	0.0		True	True	False	2	201.47865498065948
S1-479574617	S3-289697426	28.0	0.511804461479187		0.0	0.0		True	False	False	1	100.51180446147919
S1-479574617	S3-18976400	29.0	0.5114471912384033	17.0	0.9596363306045532	0.0		True	True	False	2	201.47108352184296
S1-479574617	S3-158901285	30.0	0.5096184015274048	20.0	0.9556738138198853	0.0		True	True	False	2	201.4652922153473
S1-479574617	S2-210791875		0.0	4.0	0.9626128673553467	0.0		False	True	False	1	100.96261286735535
S1-479574617	S2-592412285		0.0	6.0	0.961422860622406	0.0		False	True	False	1	100.9614228606224
S1-479574617	S2-223826524		0.0	10.0	0.9571480751037598	0.0		False	True	False	1	100.95714807510376
S1-479574617	S2-193013091		0.0	13.0	0.9522417783737183	0.0		False	True	False	1	100.95224177837372
S1-479574617	S2-258890831		0.0	16.0	0.9510989785194397	0.0		False	True	False	1	100.95109897851944
S1-479574617	S2-634571997		0.0	17.0	0.9503844976425171	0.0		False	True	False	1	100.95038449764252
S1-479574617	S2-578484139		0.0	18.0	0.9495337009429932	0.0		False	True	False	1	100.949533700943
S1-479574617	S2-412565852		0.0	23.0	0.9430898427963257	0.0		False	True	False	1	100.94308984279633
S1-479574617	S2-378846408		0.0	25.0	0.9421645402908325	0.0		False	True	False	1	100.94216454029083
S1-479574617	S2-742018880		0.0	26.0	0.9417303800582886	0.0		False	True	False	1	100.94173038005829
S1-479574617	S2-357438552		0.0	27.0	0.9413894414901733	0.0		False	True	False	1	100.94138944149017
S1-479574617	S2-4583532		0.0	28.0	0.9406979084014893	0.0		False	True	False	1	100.94069790840149
S1-479574617	S2-170244057		0.0	29.0	0.9402990341186523	0.0		False	True	False	1	100.94029903411865
S1-479574617	S2-933865098		0.0	30.0	0.9398549199104309	0.0		False	True	False	1	100.93985491991043
S1-479574617	S3-819001322		0.0	1.0	0.9791391491889954	0.0		False	True	False	1	100.979139149189
S1-479574617	S3-662721327		0.0	2.0	0.9788214564323425	0.0		False	True	False	1	100.97882145643234
S1-479574617	S3-98186645		0.0	3.0	0.9742566347122192	0.0		False	True	False	1	100.97425663471222
S1-479574617	S3-526709055		0.0	6.0	0.9723846912384033	0.0		False	True	False	1	100.9723846912384
S1-479574617	S3-218566871		0.0	7.0	0.9720690250396729	0.0		False	True	False	1	100.97206902503967
S1-479574617	S3-695502221		0.0	10.0	0.9699499011039734	0.0		False	True	False	1	100.96994990110397
S1-479574617	S3-797381132		0.0	11.0	0.9677208662033081	0.0		False	True	False	1	100.96772086620331
S1-479574617	S3-652287374		0.0	13.0	0.9652348160743713	0.0		False	True	False	1	100.96523481607437
S1-479574617	S3-125349995		0.0	16.0	0.961102306842804	0.0		False	True	False	1	100.9611023068428
S1-479574617	S3-127741306		0.0	23.0	0.9540981650352478	0.0		False	True	False	1	100.95409816503525
S1-479574617	S3-389830698		0.0	27.0	0.9502639770507812	0.0		False	True	False	1	100.95026397705078
S1-479574617	S3-610536355		0.0	29.0	0.9483177661895752	0.0		False	True	False	1	100.94831776618958
S1-680637447	S2-785042722	1.0	0.6476745009422302	1.0	0.9714085459709167	0.0		True	True	False	2	201.61908304691315
S1-680637447	S2-784442772	2.0	0.6349219083786011	7.0	0.9556087255477905	0.0		True	True	False	2	201.5905306339264
S1-680637447	S2-223826524	3.0	0.6275243163108826	2.0	0.9683913588523865	0.0		True	True	False	2	201.59591567516327
S1-680637447	S2-875724478	4.0	0.6162180304527283	4.0	0.9658464193344116	0.0		True	True	False	2	201.58206444978714
S1-680637447	S2-537184954	5.0	0.6091305017471313		0.0	0.0		True	False	False	1	100.60913050174713
S1-680637447	S2-485885002	6.0	0.6081774234771729		0.0	0.0		True	False	False	1	100.60817742347717
S1-680637447	S2-905827553	7.0	0.5919565558433533		0.0	0.0		True	False	False	1	100.59195655584335
S1-680637447	S2-578788567	8.0	0.5820398330688477	16.0	0.9474413394927979	0.0		True	True	False	2	201.52948117256165
S1-680637447	S2-357438552	9.0	0.5764760971069336	19.0	0.9460098743438721	0.0		True	True	False	2	201.5224859714508
S1-680637447	S2-495461061	10.0	0.5709052681922913		0.0	0.0		True	False	False	1	100.57090526819229
S1-680637447	S2-304177076	11.0	0.5616414546966553		0.0	0.0		True	False	False	1	100.56164145469666
S1-680637447	S2-787861634	12.0	0.5602689981460571	8.0	0.955366849899292	0.0		True	True	False	2	201.51563584804535
S1-680637447	S2-317480348	13.0	0.5601282715797424		0.0	0.0		True	False	False	1	100.56012827157974
S1-680637447	S2-530685908	14.0	0.5560669898986816	9.0	0.9545350074768066	0.0		True	True	False	2	201.5106019973755
S1-680637447	S2-999853272	15.0	0.5541964769363403		0.0	0.0		True	False	False	1	100.55419647693634
S1-680637447	S2-166809876	16.0	0.5464137196540833		0.0	0.0		True	False	False	1	100.54641371965408
S1-680637447	S2-292567038	17.0	0.5454065799713135		0.0	0.0		True	False	False	1	100.54540657997131
S1-680637447	S2-592412285	18.0	0.5411548614501953	21.0	0.9452745914459229	0.0		True	True	False	2	201.48642945289612
S1-680637447	S2-600460285	19.0	0.535223126411438	3.0	0.9671041369438171	0.0		True	True	False	2	201.50232726335526
S1-680637447	S2-229677112	20.0	0.5332792401313782	17.0	0.9473615884780884	0.0		True	True	False	2	201.48064082860947
S1-680637447	S2-767997013	21.0	0.5325806140899658	18.0	0.9471273422241211	0.0		True	True	False	2	201.4797079563141
S1-680637447	S2-913930320	22.0	0.5275205373764038		0.0	0.0		True	False	False	1	100.5275205373764
S1-680637447	S2-550697952	23.0	0.5254552960395813		0.0	0.0		True	False	False	1	100.52545529603958
S1-680637447	S2-742077842	24.0	0.5241128206253052		0.0	0.0		True	False	False	1	100.5241128206253
S1-680637447	S2-956479781	25.0	0.5203869342803955	26.0	0.940330445766449	0.0		True	True	False	2	201.46071738004684
S1-680637447	S2-786671109	26.0	0.5198829174041748	27.0	0.9396433234214783	0.0		True	True	False	2	201.45952624082565
S1-680637447	S2-591078525	27.0	0.5108718872070312		0.0	0.0		True	False	False	1	100.51087188720703
S1-680637447	S2-501534718	28.0	0.501679539680481	6.0	0.9580849409103394	0.0		True	True	False	2	201.45976448059082
S1-680637447	S2-192345572	29.0	0.49851030111312866		0.0	0.0		True	False	False	1	100.49851030111313
S1-680637447	S2-576201028	30.0	0.49480316042900085		0.0	0.0		True	False	False	1	100.494803160429
S1-680637447	S3-462677478	1.0	0.6102352142333984		0.0	0.0		True	False	False	1	100.6102352142334
S1-680637447	S3-825495383	2.0	0.6001319289207458	26.0	0.9430946111679077	0.0		True	True	False	2	201.54322654008865
S1-680637447	S3-125349995	3.0	0.5935990810394287	2.0	0.9642668962478638	0.0		True	True	False	2	201.5578659772873
S1-680637447	S3-374810425	4.0	0.5836787223815918		0.0	0.0		True	False	False	1	100.58367872238159
S1-680637447	S3-811459169	5.0	0.5768870115280151		0.0	0.0		True	False	False	1	100.57688701152802
S1-680637447	S3-536202929	6.0	0.5747040510177612	12.0	0.9563067555427551	0.0		True	True	False	2	201.53101080656052
S1-680637447	S3-250324284	7.0	0.5741209983825684	28.0	0.9414747953414917	0.0		True	True	False	2	201.51559579372406
S1-680637447	S3-219041197	8.0	0.5735974311828613		0.0	0.0		True	False	False	1	100.57359743118286
S1-680637447	S3-227725397	9.0	0.5735012292861938		0.0	0.0		True	False	False	1	100.5735012292862
S1-680637447	S3-853414998	10.0	0.5659949779510498		0.0	0.0		True	False	False	1	100.56599497795105
S1-680637447	S3-695502221	11.0	0.5609418153762817	14.0	0.9559797048568726	0.0		True	True	False	2	201.51692152023315
S1-680637447	S3-662721327	12.0	0.559707522392273	17.0	0.9546507000923157	0.0		True	True	False	2	201.5143582224846
S1-680637447	S3-610536355	13.0	0.5586338043212891	10.0	0.957128643989563	0.0		True	True	False	2	201.51576244831085
S1-680637447	S3-276427681	14.0	0.556311309337616	27.0	0.9429835081100464	0.0		True	True	False	2	201.49929481744766
S1-680637447	S3-580736465	15.0	0.5544174909591675		0.0	0.0		True	False	False	1	100.55441749095917
S1-680637447	S3-127741306	16.0	0.5500304102897644		0.0	0.0		True	False	False	1	100.55003041028976
S1-680637447	S3-159233685	17.0	0.5469473600387573	8.0	0.9578016996383667	0.0		True	True	False	2	201.50474905967712
S1-680637447	S3-170975522	18.0	0.5462726354598999	16.0	0.955154299736023	0.0		True	True	False	2	201.50142693519592
S1-680637447	S3-115653125	19.0	0.5447345972061157		0.0	0.0		True	False	False	1	100.54473459720612
S1-680637447	S3-464265492	20.0	0.5430858135223389	18.0	0.9518187046051025	0.0		True	True	False	2	201.49490451812744
S1-680637447	S3-526709055	21.0	0.5412927865982056		0.0	0.0		True	False	False	1	100.5412927865982
S1-680637447	S3-218566871	22.0	0.5392434597015381	7.0	0.9583118557929993	0.0		True	True	False	2	201.49755531549454
S1-680637447	S3-250853646	23.0	0.5327520966529846		0.0	0.0		True	False	False	1	100.53275209665298
S1-680637447	S3-18976400	24.0	0.5306264162063599	24.0	0.9453040361404419	0.0		True	True	False	2	201.4759304523468
S1-680637447	S3-264170444	25.0	0.529945969581604		0.0	0.0		True	False	False	1	100.5299459695816
S1-680637447	S3-611681699	26.0	0.528325080871582		0.0	0.0		True	False	False	1	100.52832508087158
S1-680637447	S3-960416326	27.0	0.527576744556427	11.0	0.9568706750869751	0.0		True	True	False	2	201.4844474196434
S1-680637447	S3-436480804	28.0	0.5250503420829773		0.0	0.0		True	False	False	1	100.52505034208298
S1-680637447	S3-73958887	29.0	0.5182152986526489		0.0	0.0		True	False	False	1	100.51821529865265
S1-680637447	S3-819001322	30.0	0.5173543691635132	3.0	0.9641081094741821	0.0		True	True	False	2	201.4814624786377
S1-680637447	S2-891600450		0.0	5.0	0.9613137245178223	0.0		False	True	False	1	100.96131372451782
S1-680637447	S2-463756409		0.0	10.0	0.9517140984535217	0.0		False	True	False	1	100.95171409845352
S1-680637447	S2-412565852		0.0	11.0	0.9501031041145325	0.0		False	True	False	1	100.95010310411453
S1-680637447	S2-917258438		0.0	12.0	0.9490468502044678	0.0		False	True	False	1	100.94904685020447
S1-680637447	S2-258890831		0.0	13.0	0.9482401609420776	0.0		False	True	False	1	100.94824016094208
S1-680637447	S2-933865098		0.0	14.0	0.9476360082626343	0.0		False	True	False	1	100.94763600826263
S1-680637447	S2-701289183		0.0	15.0	0.9475361108779907	0.0		False	True	False	1	100.94753611087799
S1-680637447	S2-84473557		0.0	20.0	0.945820689201355	0.0		False	True	False	1	100.94582068920135
S1-680637447	S2-938316135		0.0	22.0	0.9447444677352905	0.0		False	True	False	1	100.94474446773529
S1-680637447	S2-193013091		0.0	23.0	0.9445420503616333	0.0		False	True	False	1	100.94454205036163
S1-680637447	S2-262646344		0.0	24.0	0.9416387677192688	0.0		False	True	False	1	100.94163876771927
S1-680637447	S2-638268338		0.0	25.0	0.9407931566238403	0.0		False	True	False	1	100.94079315662384
S1-680637447	S2-495604525		0.0	28.0	0.939318835735321	0.0		False	True	False	1	100.93931883573532
S1-680637447	S2-594115095		0.0	29.0	0.9393052458763123	0.0		False	True	False	1	100.93930524587631
S1-680637447	S2-210791875		0.0	30.0	0.9392071962356567	0.0		False	True	False	1	100.93920719623566
S1-680637447	S3-288440193		0.0	1.0	0.965584397315979	0.0		False	True	False	1	100.96558439731598
S1-680637447	S3-577972146		0.0	4.0	0.9615258574485779	0.0		False	True	False	1	100.96152585744858
S1-680637447	S3-173398261		0.0	5.0	0.9612066745758057	0.0		False	True	False	1	100.9612066745758
S1-680637447	S3-483958914		0.0	6.0	0.9606612324714661	0.0		False	True	False	1	100.96066123247147
S1-680637447	S3-162993152		0.0	9.0	0.9577722549438477	0.0		False	True	False	1	100.95777225494385
S1-680637447	S3-768772995		0.0	13.0	0.9560848474502563	0.0		False	True	False	1	100.95608484745026
S1-680637447	S3-895598264		0.0	15.0	0.9555343389511108	0.0		False	True	False	1	100.95553433895111
S1-680637447	S3-389830698		0.0	19.0	0.9518120884895325	0.0		False	True	False	1	100.95181208848953
S1-680637447	S3-688194826		0.0	20.0	0.9497294425964355	0.0		False	True	False	1	100.94972944259644
S1-680637447	S3-482581656		0.0	21.0	0.9495937824249268	0.0		False	True	False	1	100.94959378242493
S1-680637447	S3-98186645		0.0	22.0	0.9484071731567383	0.0		False	True	False	1	100.94840717315674
S1-680637447	S3-158901285		0.0	23.0	0.947260320186615	0.0		False	True	False	1	100.94726032018661
S1-680637447	S3-219844340		0.0	25.0	0.9452862739562988	0.0		False	True	False	1	100.9452862739563
S1-680637447	S3-961421742		0.0	29.0	0.9409430027008057	0.0		False	True	False	1	100.9409430027008
S1-680637447	S3-367901084		0.0	30.0	0.940247654914856	0.0		False	True	False	1	100.94024765491486
S1-870190130	S2-537184954	1.0	0.6555176973342896		0.0	0.0		True	False	False	1	100.65551769733429
S1-870190130	S2-485885002	2.0	0.6554904580116272		0.0	0.0		True	False	False	1	100.65549045801163
S1-870190130	S2-292567038	3.0	0.6393385529518127		0.0	0.0		True	False	False	1	100.63933855295181
S1-870190130	S2-785042722	4.0	0.6338494420051575	5.0	0.9516550302505493	0.0		True	True	False	2	201.5855044722557
S1-870190130	S2-905827553	5.0	0.6111513376235962		0.0	0.0		True	False	False	1	100.6111513376236
S1-870190130	S2-192345572	6.0	0.5991048216819763	22.0	0.9379243850708008	0.0		True	True	False	2	201.53702920675278
S1-870190130	S2-999853272	7.0	0.5976030826568604		0.0	0.0		True	False	False	1	100.59760308265686
S1-870190130	S2-440948455	8.0	0.5940890312194824		0.0	0.0		True	False	False	1	100.59408903121948
S1-870190130	S2-317480348	9.0	0.5936034917831421		0.0	0.0		True	False	False	1	100.59360349178314
S1-870190130	S2-913930320	10.0	0.5867940187454224		0.0	0.0		True	False	False	1	100.58679401874542
S1-870190130	S2-434748052	11.0	0.5830543041229248		0.0	0.0		True	False	False	1	100.58305430412292
S1-870190130	S2-304177076	12.0	0.5773279666900635		0.0	0.0		True	False	False	1	100.57732796669006
S1-870190130	S2-495461061	13.0	0.575664222240448		0.0	0.0		True	False	False	1	100.57566422224045
S1-870190130	S2-591078525	14.0	0.5751922130584717		0.0	0.0		True	False	False	1	100.57519221305847
S1-870190130	S2-578788567	15.0	0.5707630515098572		0.0	0.0		True	False	False	1	100.57076305150986
S1-870190130	S2-658886344	16.0	0.5676649808883667		0.0	0.0		True	False	False	1	100.56766498088837
S1-870190130	S2-875724478	17.0	0.5673040747642517		0.0	0.0		True	False	False	1	100.56730407476425
S1-870190130	S2-550697952	18.0	0.5660971999168396	3.0	0.961215078830719	0.0		True	True	False	2	201.52731227874756
S1-870190130	S2-784442772	19.0	0.5644404888153076	11.0	0.9461852312088013	0.0		True	True	False	2	201.5106257200241
S1-870190130	S2-530685908	20.0	0.5603625774383545	8.0	0.9467595219612122	0.0		True	True	False	2	201.50712209939957
S1-870190130	S2-787861634	21.0	0.5601013898849487		0.0	0.0		True	False	False	1	100.56010138988495
S1-870190130	S2-956479781	22.0	0.554904043674469		0.0	0.0		True	False	False	1	100.55490404367447
S1-870190130	S2-166809876	23.0	0.5508445501327515		0.0	0.0		True	False	False	1	100.55084455013275
S1-870190130	S2-77137709	24.0	0.5479936003684998		0.0	0.0		True	False	False	1	100.5479936003685
S1-870190130	S2-654270940	25.0	0.5428330898284912		0.0	0.0		True	False	False	1	100.54283308982849
S1-870190130	S2-742077842	26.0	0.5376893877983093		0.0	0.0		True	False	False	1	100.53768938779831
S1-870190130	S2-786671109	27.0	0.5338043570518494		0.0	0.0		True	False	False	1	100.53380435705185
S1-870190130	S2-600460285	28.0	0.5250731706619263		0.0	0.0		True	False	False	1	100.52507317066193
S1-870190130	S2-576201028	29.0	0.5238993763923645		0.0	0.0		True	False	False	1	100.52389937639236
S1-870190130	S2-223826524	30.0	0.5212242603302002	13.0	0.9438447952270508	0.0		True	True	False	2	201.46506905555725
S1-870190130	S3-289697426	1.0	0.6326667070388794		0.0	0.0		True	False	False	1	100.63266670703888
S1-870190130	S3-86143878	2.0	0.6245781183242798		0.0	0.0		True	False	False	1	100.62457811832428
S1-870190130	S3-170975522	3.0	0.6207890510559082	25.0	0.9248238205909729	0.0		True	True	False	2	201.54561287164688
S1-870190130	S3-264170444	4.0	0.6202316284179688		0.0	0.0		True	False	False	1	100.62023162841797
S1-870190130	S3-361863410	5.0	0.6145912408828735		0.0	0.0		True	False	False	1	100.61459124088287
S1-870190130	S3-18976400	6.0	0.6037020683288574	24.0	0.9251841902732849	0.0		True	True	False	2	201.52888625860214
S1-870190130	S3-695502221	7.0	0.5956978797912598		0.0	0.0		True	False	False	1	100.59569787979126
S1-870190130	S3-604980231	8.0	0.5921179056167603		0.0	0.0		True	False	False	1	100.59211790561676
S1-870190130	S3-218566871	9.0	0.5847232341766357	9.0	0.9414138197898865	0.0		True	True	False	2	201.52613705396652
S1-870190130	S3-580736465	10.0	0.5840911865234375		0.0	0.0		True	False	False	1	100.58409118652344
S1-870190130	S3-115653125	11.0	0.5814060568809509		0.0	0.0		True	False	False	1	100.58140605688095
S1-870190130	S3-867263634	12.0	0.5781721472740173		0.0	0.0		True	False	False	1	100.57817214727402
S1-870190130	S3-227725397	13.0	0.5770190954208374	8.0	0.941678524017334	0.0		True	True	False	2	201.51869761943817
S1-870190130	S3-288440193	14.0	0.5694624185562134	14.0	0.9370460510253906	0.0		True	True	False	2	201.5065084695816
S1-870190130	S3-462677478	15.0	0.5692743062973022		0.0	0.0		True	False	False	1	100.5692743062973
S1-870190130	S3-184785497	16.0	0.5627726316452026		0.0	0.0		True	False	False	1	100.5627726316452
S1-870190130	S3-853414998	17.0	0.5584657192230225		0.0	0.0		True	False	False	1	100.55846571922302
S1-870190130	S3-536202929	18.0	0.5560811758041382	23.0	0.9283968210220337	0.0		True	True	False	2	201.48447799682617
S1-870190130	S3-127741306	19.0	0.5518869161605835		0.0	0.0		True	False	False	1	100.55188691616058
S1-870190130	S3-10300249	20.0	0.5512590408325195		0.0	0.0		True	False	False	1	100.55125904083252
S1-870190130	S3-219041197	21.0	0.5498340725898743		0.0	0.0		True	False	False	1	100.54983407258987
S1-870190130	S3-610536355	22.0	0.5470163226127625		0.0	0.0		True	False	False	1	100.54701632261276
S1-870190130	S3-250853646	23.0	0.5455132722854614		0.0	0.0		True	False	False	1	100.54551327228546
S1-870190130	S3-717745791	24.0	0.5443824529647827		0.0	0.0		True	False	False	1	100.54438245296478
S1-870190130	S3-173398261	25.0	0.5441282987594604		0.0	0.0		True	False	False	1	100.54412829875946
S1-870190130	S3-464265492	26.0	0.5408130884170532		0.0	0.0		True	False	False	1	100.54081308841705
S1-870190130	S3-825495383	27.0	0.5392279624938965		0.0	0.0		True	False	False	1	100.5392279624939
S1-870190130	S3-310059196	28.0	0.5386425852775574		0.0	0.0		True	False	False	1	100.53864258527756
S1-870190130	S3-895598264	29.0	0.5343820452690125	15.0	0.9368616938591003	0.0		True	True	False	2	201.4712437391281
S1-870190130	S3-577972146	30.0	0.5328148007392883	19.0	0.9336779117584229	0.0		True	True	False	2	201.4664927124977
S1-870190130	S2-594115095		0.0	1.0	0.9710294008255005	0.0		False	True	False	1	100.9710294008255
S1-870190130	S2-592412285		0.0	2.0	0.9699368476867676	0.0		False	True	False	1	100.96993684768677
S1-870190130	S2-258890831		0.0	4.0	0.9521337151527405	0.0		False	True	False	1	100.95213371515274
S1-870190130	S2-638268338		0.0	6.0	0.9510247707366943	0.0		False	True	False	1	100.9510247707367
S1-870190130	S2-715460557		0.0	7.0	0.9470034837722778	0.0		False	True	False	1	100.94700348377228
S1-870190130	S2-158121477		0.0	9.0	0.9464809894561768	0.0		False	True	False	1	100.94648098945618
S1-870190130	S2-262646344		0.0	10.0	0.9462996125221252	0.0		False	True	False	1	100.94629961252213
S1-870190130	S2-416136682		0.0	12.0	0.9445686340332031	0.0		False	True	False	1	100.9445686340332
S1-870190130	S2-878037834		0.0	14.0	0.9427130818367004	0.0		False	True	False	1	100.9427130818367
S1-870190130	S2-583840796		0.0	15.0	0.942543625831604	0.0		False	True	False	1	100.9425436258316
S1-870190130	S2-400190057		0.0	16.0	0.9420321583747864	0.0		False	True	False	1	100.94203215837479
S1-870190130	S2-647447093		0.0	17.0	0.9416801929473877	0.0		False	True	False	1	100.94168019294739
S1-870190130	S2-933865098		0.0	18.0	0.9397442936897278	0.0		False	True	False	1	100.93974429368973
S1-870190130	S2-701289183		0.0	19.0	0.9384458661079407	0.0		False	True	False	1	100.93844586610794
S1-870190130	S2-938316135		0.0	20.0	0.9383158683776855	0.0		False	True	False	1	100.93831586837769
S1-870190130	S2-119647643		0.0	21.0	0.9383102655410767	0.0		False	True	False	1	100.93831026554108
S1-870190130	S2-891600450		0.0	23.0	0.9362555742263794	0.0		False	True	False	1	100.93625557422638
S1-870190130	S2-744098365		0.0	24.0	0.9351670145988464	0.0		False	True	False	1	100.93516701459885
S1-870190130	S2-170244057		0.0	25.0	0.9340858459472656	0.0		False	True	False	1	100.93408584594727
S1-870190130	S2-742018880		0.0	26.0	0.9333519339561462	0.0		False	True	False	1	100.93335193395615
S1-870190130	S2-210791875		0.0	27.0	0.9328873157501221	0.0		False	True	False	1	100.93288731575012
S1-870190130	S2-809665812		0.0	28.0	0.9323685169219971	0.0		False	True	False	1	100.932368516922
S1-870190130	S2-501534718		0.0	29.0	0.9314157962799072	0.0		False	True	False	1	100.93141579627991
S1-870190130	S2-495604525		0.0	30.0	0.9301753640174866	0.0		False	True	False	1	100.93017536401749
S1-870190130	S3-305215419		0.0	1.0	0.9588754773139954	0.0		False	True	False	1	100.958875477314
S1-870190130	S3-971111671		0.0	2.0	0.9531422257423401	0.0		False	True	False	1	100.95314222574234
S1-870190130	S3-797381132		0.0	3.0	0.9506365060806274	0.0		False	True	False	1	100.95063650608063
S1-870190130	S3-543902884		0.0	4.0	0.9490273594856262	0.0		False	True	False	1	100.94902735948563
S1-870190130	S3-22321512		0.0	5.0	0.9437777400016785	0.0		False	True	False	1	100.94377774000168
S1-870190130	S3-662721327		0.0	6.0	0.9436647295951843	0.0		False	True	False	1	100.94366472959518
S1-870190130	S3-768772995		0.0	7.0	0.9435410499572754	0.0		False	True	False	1	100.94354104995728
S1-870190130	S3-98186645		0.0	10.0	0.9410349726676941	0.0		False	True	False	1	100.9410349726677
S1-870190130	S3-556228627		0.0	11.0	0.939822256565094	0.0		False	True	False	1	100.9398222565651
S1-870190130	S3-276427681		0.0	12.0	0.9380844831466675	0.0		False	True	False	1	100.93808448314667
S1-870190130	S3-482581656		0.0	13.0	0.9376005530357361	0.0		False	True	False	1	100.93760055303574
S1-870190130	S3-760959067		0.0	16.0	0.93500816822052	0.0		False	True	False	1	100.93500816822052
S1-870190130	S3-389830698		0.0	17.0	0.9341736435890198	0.0		False	True	False	1	100.93417364358902
S1-870190130	S3-819001322		0.0	18.0	0.9338383674621582	0.0		False	True	False	1	100.93383836746216
S1-870190130	S3-219844340		0.0	20.0	0.9328702688217163	0.0		False	True	False	1	100.93287026882172
S1-870190130	S3-526709055		0.0	21.0	0.93081134557724	0.0		False	True	False	1	100.93081134557724
S1-870190130	S3-74786614		0.0	22.0	0.9290642738342285	0.0		False	True	False	1	100.92906427383423
S1-870190130	S3-517069981		0.0	26.0	0.9248234629631042	0.0		False	True	False	1	100.9248234629631
S1-870190130	S3-185659081		0.0	27.0	0.9247402548789978	0.0		False	True	False	1	100.924740254879
S1-870190130	S3-688194826		0.0	28.0	0.9244978427886963	0.0		False	True	False	1	100.9244978427887
S1-870190130	S3-668629842		0.0	29.0	0.9237526655197144	0.0		False	True	False	1	100.92375266551971
S1-870190130	S3-715117209		0.0	30.0	0.9232946038246155	0.0		False	True	False	1	100.92329460382462
S1-365170694	S2-292567038	1.0	0.6495479345321655		0.0	0.0		True	False	False	1	100.64954793453217
S1-365170694	S2-485885002	2.0	0.6380701065063477		0.0	0.0		True	False	False	1	100.63807010650635
S1-365170694	S2-913930320	3.0	0.6275821924209595		0.0	0.0		True	False	False	1	100.62758219242096
S1-365170694	S2-537184954	4.0	0.6170625686645508		0.0	0.0		True	False	False	1	100.61706256866455
S1-365170694	S2-317480348	5.0	0.6152116060256958		0.0	0.0		True	False	False	1	100.6152116060257
S1-365170694	S2-875724478	6.0	0.6065139174461365		0.0	0.0		True	False	False	1	100.60651391744614
S1-365170694	S2-600460285	7.0	0.6048296093940735	30.0	0.9377153515815735	0.0		True	True	False	2	201.54254496097565
S1-365170694	S2-501534718	8.0	0.6038844585418701		0.0	0.0		True	False	False	1	100.60388445854187
S1-365170694	S2-434748052	9.0	0.6009219884872437	29.0	0.9382213950157166	0.0		True	True	False	2	201.53914338350296
S1-365170694	S2-910351373	10.0	0.6007201671600342	7.0	0.9607533812522888	0.0		True	True	False	2	201.56147354841232
S1-365170694	S2-742077842	11.0	0.5917999744415283	28.0	0.9397080540657043	0.0		True	True	False	2	201.53150802850723
S1-365170694	S2-440948455	12.0	0.5917602777481079		0.0	0.0		True	False	False	1	100.59176027774811
S1-365170694	S2-357438552	13.0	0.5910392999649048		0.0	0.0		True	False	False	1	100.5910392999649
S1-365170694	S2-530685908	14.0	0.5867676138877869	20.0	0.9468392133712769	0.0		True	True	False	2	201.53360682725906
S1-365170694	S2-905827553	15.0	0.5809437036514282		0.0	0.0		True	False	False	1	100.58094370365143
S1-365170694	S2-229677112	16.0	0.5778676271438599		0.0	0.0		True	False	False	1	100.57786762714386
S1-365170694	S2-786671109	17.0	0.5773282051086426		0.0	0.0		True	False	False	1	100.57732820510864
S1-365170694	S2-77137709	18.0	0.5748699307441711	21.0	0.9462473392486572	0.0		True	True	False	2	201.52111726999283
S1-365170694	S2-304177076	19.0	0.569663941860199		0.0	0.0		True	False	False	1	100.5696639418602
S1-365170694	S2-784442772	20.0	0.5685239434242249	2.0	0.9663722515106201	0.0		True	True	False	2	201.53489619493484
S1-365170694	S2-787861634	21.0	0.5670870542526245		0.0	0.0		True	False	False	1	100.56708705425262
S1-365170694	S2-634571997	22.0	0.5557070374488831	6.0	0.9608885049819946	0.0		True	True	False	2	201.51659554243088
S1-365170694	S2-785042722	23.0	0.5556766986846924	19.0	0.9474471211433411	0.0		True	True	False	2	201.50312381982803
S1-365170694	S2-495461061	24.0	0.551459014415741		0.0	0.0		True	False	False	1	100.55145901441574
S1-365170694	S2-999853272	25.0	0.5377897620201111		0.0	0.0		True	False	False	1	100.53778976202011
S1-365170694	S2-591078525	26.0	0.5333893895149231		0.0	0.0		True	False	False	1	100.53338938951492
S1-365170694	S2-550697952	27.0	0.5281879901885986	11.0	0.9543112516403198	0.0		True	True	False	2	201.48249924182892
S1-365170694	S2-578788567	28.0	0.5280552506446838	26.0	0.9442538022994995	0.0		True	True	False	2	201.47230905294418
S1-365170694	S2-592412285	29.0	0.5217154026031494	12.0	0.9531756639480591	0.0		True	True	False	2	201.4748910665512
S1-365170694	S2-654270940	30.0	0.5211430788040161		0.0	0.0		True	False	False	1	100.52114307880402
S1-365170694	S3-219041197	1.0	0.6702070832252502		0.0	0.0		True	False	False	1	100.67020708322525
S1-365170694	S3-867263634	2.0	0.6701926589012146		0.0	0.0		True	False	False	1	100.67019265890121
S1-365170694	S3-374810425	3.0	0.6516815423965454		0.0	0.0		True	False	False	1	100.65168154239655
S1-365170694	S3-288440193	4.0	0.6367417573928833	9.0	0.9533416628837585	0.0		True	True	False	2	201.59008342027664
S1-365170694	S3-289697426	5.0	0.635312020778656		0.0	0.0		True	False	False	1	100.63531202077866
S1-365170694	S3-10300249	6.0	0.6271766424179077		0.0	0.0		True	False	False	1	100.62717664241791
S1-365170694	S3-227725397	7.0	0.618876039981842		0.0	0.0		True	False	False	1	100.61887603998184
S1-365170694	S3-250853646	8.0	0.6145914793014526		0.0	0.0		True	False	False	1	100.61459147930145
S1-365170694	S3-536202929	9.0	0.6099406480789185	20.0	0.9469212889671326	0.0		True	True	False	2	201.55686193704605
S1-365170694	S3-604980231	10.0	0.6093120574951172		0.0	0.0		True	False	False	1	100.60931205749512
S1-365170694	S3-895598264	11.0	0.6078086495399475	13.0	0.9524068832397461	0.0		True	True	False	2	201.5602155327797
S1-365170694	S3-462677478	12.0	0.6026206016540527		0.0	0.0		True	False	False	1	100.60262060165405
S1-365170694	S3-611681699	13.0	0.5986429452896118		0.0	0.0		True	False	False	1	100.59864294528961
S1-365170694	S3-264170444	14.0	0.5968093872070312		0.0	0.0		True	False	False	1	100.59680938720703
S1-365170694	S3-580736465	15.0	0.5956004858016968		0.0	0.0		True	False	False	1	100.5956004858017
S1-365170694	S3-436480804	16.0	0.5929785966873169		0.0	0.0		True	False	False	1	100.59297859668732
S1-365170694	S3-610536355	17.0	0.5926538705825806	6.0	0.9585304856300354	0.0		True	True	False	2	201.55118435621262
S1-365170694	S3-127741306	18.0	0.5881346464157104		0.0	0.0		True	False	False	1	100.58813464641571
S1-365170694	S3-276427681	19.0	0.5805027484893799	2.0	0.966535747051239	0.0		True	True	False	2	201.54703849554062
S1-365170694	S3-877919199	20.0	0.5769196152687073		0.0	0.0		True	False	False	1	100.57691961526871
S1-365170694	S3-526709055	21.0	0.5761516094207764	1.0	0.968413233757019	0.0		True	True	False	2	201.5445648431778
S1-365170694	S3-323904182	22.0	0.5736671686172485		0.0	0.0		True	False	False	1	100.57366716861725
S1-365170694	S3-811459169	23.0	0.5717023611068726		0.0	0.0		True	False	False	1	100.57170236110687
S1-365170694	S3-464265492	24.0	0.5714973211288452		0.0	0.0		True	False	False	1	100.57149732112885
S1-365170694	S3-960416326	25.0	0.5645674467086792	12.0	0.9525675773620605	0.0		True	True	False	2	201.51713502407074
S1-365170694	S3-86143878	26.0	0.5641183257102966		0.0	0.0		True	False	False	1	100.5641183257103
S1-365170694	S3-18976400	27.0	0.5572630763053894		0.0	0.0		True	False	False	1	100.55726307630539
S1-365170694	S3-159233685	28.0	0.5570100545883179		0.0	0.0		True	False	False	1	100.55701005458832
S1-365170694	S3-695502221	29.0	0.5569582581520081	5.0	0.9591609835624695	0.0		True	True	False	2	201.51611924171448
S1-365170694	S3-361863410	30.0	0.5513097047805786		0.0	0.0		True	False	False	1	100.55130970478058
S1-365170694	S2-767997013		0.0	1.0	0.9666852355003357	0.0		False	True	False	1	100.96668523550034
S1-365170694	S2-578484139		0.0	3.0	0.9650969505310059	0.0		False	True	False	1	100.965096950531
S1-365170694	S2-934716922		0.0	4.0	0.9649240970611572	0.0		False	True	False	1	100.96492409706116
S1-365170694	S2-210791875		0.0	5.0	0.963186502456665	0.0		False	True	False	1	100.96318650245667
S1-365170694	S2-779040268		0.0	8.0	0.9598997831344604	0.0		False	True	False	1	100.95989978313446
S1-365170694	S2-576201028		0.0	9.0	0.9573134183883667	0.0		False	True	False	1	100.95731341838837
S1-365170694	S2-583840796		0.0	10.0	0.9564334750175476	0.0		False	True	False	1	100.95643347501755
S1-365170694	S2-378846408		0.0	13.0	0.9515947699546814	0.0		False	True	False	1	100.95159476995468
S1-365170694	S2-193013091		0.0	14.0	0.951365053653717	0.0		False	True	False	1	100.95136505365372
S1-365170694	S2-809665812		0.0	15.0	0.9507972002029419	0.0		False	True	False	1	100.95079720020294
S1-365170694	S2-400190057		0.0	16.0	0.9500583410263062	0.0		False	True	False	1	100.9500583410263
S1-365170694	S2-744098365		0.0	17.0	0.9482454061508179	0.0		False	True	False	1	100.94824540615082
S1-365170694	S2-412565852		0.0	18.0	0.9478417634963989	0.0		False	True	False	1	100.9478417634964
S1-365170694	S2-715460557		0.0	22.0	0.9461660385131836	0.0		False	True	False	1	100.94616603851318
S1-365170694	S2-375151053		0.0	23.0	0.9452205300331116	0.0		False	True	False	1	100.94522053003311
S1-365170694	S2-258890831		0.0	24.0	0.9452038407325745	0.0		False	True	False	1	100.94520384073257
S1-365170694	S2-933865098		0.0	25.0	0.9451243281364441	0.0		False	True	False	1	100.94512432813644
S1-365170694	S2-223826524		0.0	27.0	0.9429517388343811	0.0		False	True	False	1	100.94295173883438
S1-365170694	S3-577972146		0.0	3.0	0.9622853398323059	0.0		False	True	False	1	100.9622853398323
S1-365170694	S3-652287374		0.0	4.0	0.9599053859710693	0.0		False	True	False	1	100.95990538597107
S1-365170694	S3-170975522		0.0	7.0	0.958342432975769	0.0		False	True	False	1	100.95834243297577
S1-365170694	S3-797381132		0.0	8.0	0.9540915489196777	0.0		False	True	False	1	100.95409154891968
S1-365170694	S3-662721327		0.0	10.0	0.9529481530189514	0.0		False	True	False	1	100.95294815301895
S1-365170694	S3-367901084		0.0	11.0	0.9526817202568054	0.0		False	True	False	1	100.9526817202568
S1-365170694	S3-221443476		0.0	14.0	0.9508637189865112	0.0		False	True	False	1	100.95086371898651
S1-365170694	S3-482581656		0.0	15.0	0.9501558542251587	0.0		False	True	False	1	100.95015585422516
S1-365170694	S3-173398261		0.0	16.0	0.9495964050292969	0.0		False	True	False	1	100.9495964050293
S1-365170694	S3-760959067		0.0	17.0	0.949593722820282	0.0		False	True	False	1	100.94959372282028
S1-365170694	S3-819001322		0.0	18.0	0.9483492970466614	0.0		False	True	False	1	100.94834929704666
S1-365170694	S3-98186645		0.0	19.0	0.948302149772644	0.0		False	True	False	1	100.94830214977264
S1-365170694	S3-218566871		0.0	21.0	0.9456583857536316	0.0		False	True	False	1	100.94565838575363
S1-365170694	S3-668629842		0.0	22.0	0.9450928568840027	0.0		False	True	False	1	100.945092856884
S1-365170694	S3-125349995		0.0	23.0	0.9443575739860535	0.0		False	True	False	1	100.94435757398605
S1-365170694	S3-150632472		0.0	24.0	0.943092405796051	0.0		False	True	False	1	100.94309240579605
S1-365170694	S3-265204232		0.0	25.0	0.9428086876869202	0.0		False	True	False	1	100.94280868768692
S1-365170694	S3-768772995		0.0	26.0	0.9415859580039978	0.0		False	True	False	1	100.941585958004
S1-365170694	S3-389830698		0.0	27.0	0.9404719471931458	0.0		False	True	False	1	100.94047194719315
S1-365170694	S3-416247723		0.0	28.0	0.9401997327804565	0.0		False	True	False	1	100.94019973278046
S1-365170694	S3-92755938		0.0	29.0	0.9399867057800293	0.0		False	True	False	1	100.93998670578003
S1-365170694	S3-483958914		0.0	30.0	0.9388840198516846	0.0		False	True	False	1	100.93888401985168
S1-778640743	S2-193013091	1.0	0.5187278985977173	8.0	0.9559240341186523	0.0		True	True	False	2	201.47465193271637
S1-778640743	S2-119647643	2.0	0.5054489374160767		0.0	0.0		True	False	False	1	100.50544893741608
S1-778640743	S2-786671109	3.0	0.5004926919937134		0.0	0.0		True	False	False	1	100.50049269199371
S1-778640743	S2-485885002	4.0	0.4951445460319519		0.0	0.0		True	False	False	1	100.49514454603195
S1-778640743	S2-434748052	5.0	0.4889220893383026	29.0	0.9416956305503845	0.0		True	True	False	2	201.4306177198887
S1-778640743	S2-560710588	6.0	0.4746197760105133		0.0	0.0		True	False	False	1	100.47461977601051
S1-778640743	S2-17102176	7.0	0.47288525104522705		0.0	0.0		True	False	False	1	100.47288525104523
S1-778640743	S2-729157829	8.0	0.4654366374015808		0.0	0.0		True	False	False	1	100.46543663740158
S1-778640743	S2-449438476	9.0	0.45704782009124756	16.0	0.9502681493759155	0.0		True	True	False	2	201.40731596946716
S1-778640743	S2-537184954	10.0	0.4488416612148285		0.0	0.0		True	False	False	1	100.44884166121483
S1-778640743	S2-913930320	11.0	0.44858863949775696		0.0	0.0		True	False	False	1	100.44858863949776
S1-778640743	S2-600460285	12.0	0.44459787011146545		0.0	0.0		True	False	False	1	100.44459787011147
S1-778640743	S2-726058757	13.0	0.4435237646102905	26.0	0.9429953098297119	0.0		True	True	False	2	201.38651907444
S1-778640743	S2-84473557	14.0	0.43875473737716675	4.0	0.9621534943580627	0.0		True	True	False	2	201.40090823173523
S1-778640743	S2-785042722	15.0	0.4361514151096344		0.0	0.0		True	False	False	1	100.43615141510963
S1-778640743	S2-878037834	16.0	0.4271415174007416		0.0	0.0		True	False	False	1	100.42714151740074
S1-778640743	S2-956479781	17.0	0.4271015524864197		0.0	0.0		True	False	False	1	100.42710155248642
S1-778640743	S2-229677112	18.0	0.42640596628189087		0.0	0.0		True	False	False	1	100.42640596628189
S1-778640743	S2-258890831	19.0	0.42455360293388367	1.0	0.9697539210319519	0.0		True	True	False	2	201.39430752396584
S1-778640743	S2-476476786	20.0	0.42069196701049805		0.0	0.0		True	False	False	1	100.4206919670105
S1-778640743	S2-317480348	21.0	0.4194679260253906		0.0	0.0		True	False	False	1	100.41946792602539
S1-778640743	S2-800542765	22.0	0.4188980162143707		0.0	0.0		True	False	False	1	100.41889801621437
S1-778640743	S2-583840796	23.0	0.414838582277298	18.0	0.9497064352035522	0.0		True	True	False	2	201.36454501748085
S1-778640743	S2-934716922	24.0	0.4126976728439331		0.0	0.0		True	False	False	1	100.41269767284393
S1-778640743	S2-412565852	25.0	0.4115621745586395	5.0	0.9598354697227478	0.0		True	True	False	2	201.3713976442814
S1-778640743	S2-594115095	26.0	0.409117192029953		0.0	0.0		True	False	False	1	100.40911719202995
S1-778640743	S2-905827553	27.0	0.40709325671195984		0.0	0.0		True	False	False	1	100.40709325671196
S1-778640743	S2-292567038	28.0	0.40615683794021606		0.0	0.0		True	False	False	1	100.40615683794022
S1-778640743	S2-550697952	29.0	0.4045570194721222		0.0	0.0		True	False	False	1	100.40455701947212
S1-778640743	S2-416136682	30.0	0.4013283848762512		0.0	0.0		True	False	False	1	100.40132838487625
S1-778640743	S3-468731115	1.0	0.5039741396903992	28.0	0.9400119781494141	0.0		True	True	False	2	201.4439861178398
S1-778640743	S3-536202929	2.0	0.4929521977901459	10.0	0.9524312019348145	0.0		True	True	False	2	201.44538339972496
S1-778640743	S3-289567021	3.0	0.4845238924026489	26.0	0.9441211223602295	0.0		True	True	False	2	201.42864501476288
S1-778640743	S3-227725397	4.0	0.4800054132938385		0.0	0.0		True	False	False	1	100.48000541329384
S1-778640743	S3-389830698	5.0	0.46988436579704285	4.0	0.9588379859924316	0.0		True	True	False	2	201.42872235178947
S1-778640743	S3-159233685	6.0	0.46275919675827026		0.0	0.0		True	False	False	1	100.46275919675827
S1-778640743	S3-219844340	7.0	0.4624301791191101		0.0	0.0		True	False	False	1	100.46243017911911
S1-778640743	S3-170975522	8.0	0.4456835687160492	14.0	0.9484566450119019	0.0		True	True	False	2	201.39414021372795
S1-778640743	S3-577972146	9.0	0.4400794506072998	6.0	0.9557526707649231	0.0		True	True	False	2	201.39583212137222
S1-778640743	S3-995796854	10.0	0.4396166205406189	11.0	0.9517138004302979	0.0		True	True	False	2	201.39133042097092
S1-778640743	S3-264170444	11.0	0.4386698305606842		0.0	0.0		True	False	False	1	100.43866983056068
S1-778640743	S3-464265492	12.0	0.43717607855796814		0.0	0.0		True	False	False	1	100.43717607855797
S1-778640743	S3-184174096	13.0	0.43236154317855835		0.0	0.0		True	False	False	1	100.43236154317856
S1-778640743	S3-75604340	14.0	0.42788785696029663		0.0	0.0		True	False	False	1	100.4278878569603
S1-778640743	S3-819001322	15.0	0.42573291063308716	18.0	0.9458733201026917	0.0		True	True	False	2	201.37160623073578
S1-778640743	S3-877919199	16.0	0.42320531606674194		0.0	0.0		True	False	False	1	100.42320531606674
S1-778640743	S3-288440193	17.0	0.4204060733318329	12.0	0.9505523443222046	0.0		True	True	False	2	201.37095841765404
S1-778640743	S3-436480804	18.0	0.419432669878006		0.0	0.0		True	False	False	1	100.419432669878
S1-778640743	S3-695502221	19.0	0.4173458218574524	21.0	0.945183277130127	0.0		True	True	False	2	201.36252909898758
S1-778640743	S3-200532536	20.0	0.4131883978843689		0.0	0.0		True	False	False	1	100.41318839788437
S1-778640743	S3-652287374	21.0	0.41173189878463745	25.0	0.9443126916885376	0.0		True	True	False	2	201.35604459047318
S1-778640743	S3-276427681	22.0	0.410556435585022	15.0	0.9483468532562256	0.0		True	True	False	2	201.35890328884125
S1-778640743	S3-185659081	23.0	0.4090728163719177		0.0	0.0		True	False	False	1	100.40907281637192
S1-778640743	S3-604980231	24.0	0.4075744152069092		0.0	0.0		True	False	False	1	100.40757441520691
S1-778640743	S3-560657213	25.0	0.4063359797000885		0.0	0.0		True	False	False	1	100.40633597970009
S1-778640743	S3-158901285	26.0	0.40544593334198		0.0	0.0		True	False	False	1	100.40544593334198
S1-778640743	S3-162993152	27.0	0.40346023440361023		0.0	0.0		True	False	False	1	100.40346023440361
S1-778640743	S3-825495383	28.0	0.4030349850654602		0.0	0.0		True	False	False	1	100.40303498506546
S1-778640743	S3-380741339	29.0	0.40244999527931213	9.0	0.9529751539230347	0.0		True	True	False	2	201.35542514920235
S1-778640743	S3-543902884	30.0	0.4014037847518921		0.0	0.0		True	False	False	1	100.40140378475189
S1-778640743	S2-744098365		0.0	2.0	0.9667497277259827	0.0		False	True	False	1	100.96674972772598
S1-778640743	S2-268861424		0.0	3.0	0.9642083048820496	0.0		False	True	False	1	100.96420830488205
S1-778640743	S2-578484139		0.0	6.0	0.9590146541595459	0.0		False	True	False	1	100.95901465415955
S1-778640743	S2-559669701		0.0	7.0	0.957510232925415	0.0		False	True	False	1	100.95751023292542
S1-778640743	S2-378846408		0.0	9.0	0.9558569192886353	0.0		False	True	False	1	100.95585691928864
S1-778640743	S2-210791875		0.0	10.0	0.9534185528755188	0.0		False	True	False	1	100.95341855287552
S1-778640743	S2-634571997		0.0	11.0	0.9526498317718506	0.0		False	True	False	1	100.95264983177185
S1-778640743	S2-784442772		0.0	12.0	0.9518140554428101	0.0		False	True	False	1	100.95181405544281
S1-778640743	S2-715460557		0.0	13.0	0.9516804218292236	0.0		False	True	False	1	100.95168042182922
S1-778640743	S2-809665812		0.0	14.0	0.9507268667221069	0.0		False	True	False	1	100.9507268667221
S1-778640743	S2-495604525		0.0	15.0	0.9503077268600464	0.0		False	True	False	1	100.95030772686005
S1-778640743	S2-823489243		0.0	17.0	0.9499330520629883	0.0		False	True	False	1	100.94993305206299
S1-778640743	S2-638268338		0.0	19.0	0.948283314704895	0.0		False	True	False	1	100.9482833147049
S1-778640743	S2-576201028		0.0	20.0	0.9464594125747681	0.0		False	True	False	1	100.94645941257477
S1-778640743	S2-933865098		0.0	21.0	0.9459316730499268	0.0		False	True	False	1	100.94593167304993
S1-778640743	S2-917258438		0.0	22.0	0.9449559450149536	0.0		False	True	False	1	100.94495594501495
S1-778640743	S2-767997013		0.0	23.0	0.9448816180229187	0.0		False	True	False	1	100.94488161802292
S1-778640743	S2-779040268		0.0	24.0	0.9446234107017517	0.0		False	True	False	1	100.94462341070175
S1-778640743	S2-400190057		0.0	25.0	0.9440332651138306	0.0		False	True	False	1	100.94403326511383
S1-778640743	S2-481572644		0.0	27.0	0.9424223899841309	0.0		False	True	False	1	100.94242238998413
S1-778640743	S2-463756409		0.0	28.0	0.9419954419136047	0.0		False	True	False	1	100.9419954419136
S1-778640743	S2-170244057		0.0	30.0	0.9415957927703857	0.0		False	True	False	1	100.94159579277039
S1-778640743	S3-367901084		0.0	1.0	0.9711736440658569	0.0		False	True	False	1	100.97117364406586
S1-778640743	S3-265204232		0.0	2.0	0.9631472229957581	0.0		False	True	False	1	100.96314722299576
S1-778640743	S3-797381132		0.0	3.0	0.959028959274292	0.0		False	True	False	1	100.95902895927429
S1-778640743	S3-416247723		0.0	5.0	0.9585288763046265	0.0		False	True	False	1	100.95852887630463
S1-778640743	S3-668629842		0.0	7.0	0.9557283520698547	0.0		False	True	False	1	100.95572835206985
S1-778640743	S3-221443476		0.0	8.0	0.9539340734481812	0.0		False	True	False	1	100.95393407344818
S1-778640743	S3-960416326		0.0	13.0	0.9502577781677246	0.0		False	True	False	1	100.95025777816772
S1-778640743	S3-173398261		0.0	16.0	0.9481861591339111	0.0		False	True	False	1	100.94818615913391
S1-778640743	S3-125349995		0.0	17.0	0.94610995054245	0.0		False	True	False	1	100.94610995054245
S1-778640743	S3-760959067		0.0	19.0	0.9456861019134521	0.0		False	True	False	1	100.94568610191345
S1-778640743	S3-610536355		0.0	20.0	0.9453403949737549	0.0		False	True	False	1	100.94534039497375
S1-778640743	S3-150632472		0.0	22.0	0.9446474313735962	0.0		False	True	False	1	100.9446474313736
S1-778640743	S3-526709055		0.0	23.0	0.9445920586585999	0.0		False	True	False	1	100.9445920586586
S1-778640743	S3-482581656		0.0	24.0	0.9443132877349854	0.0		False	True	False	1	100.94431328773499
S1-778640743	S3-662721327		0.0	27.0	0.9401957988739014	0.0		False	True	False	1	100.9401957988739
S1-778640743	S3-22088661		0.0	29.0	0.9396579265594482	0.0		False	True	False	1	100.93965792655945
S1-778640743	S3-768772995		0.0	30.0	0.9383697509765625	0.0		False	True	False	1	100.93836975097656
S1-378191895	S2-786671109	1.0	0.6216984391212463		0.0	0.0		True	False	False	1	100.62169843912125
S1-378191895	S2-550697952	2.0	0.6168015003204346		0.0	0.0		True	False	False	1	100.61680150032043
S1-378191895	S2-485885002	3.0	0.6134105920791626		0.0	0.0		True	False	False	1	100.61341059207916
S1-378191895	S2-913930320	4.0	0.6089416146278381		0.0	0.0		True	False	False	1	100.60894161462784
S1-378191895	S2-600460285	5.0	0.6040963530540466	23.0	0.9515171647071838	0.0		True	True	False	2	201.55561351776123
S1-378191895	S2-210791875	6.0	0.5947868824005127	10.0	0.9607226848602295	0.0		True	True	False	2	201.55550956726074
S1-378191895	S2-779040268	7.0	0.5874338150024414	3.0	0.9739910960197449	0.0		True	True	False	2	201.5614249110222
S1-378191895	S2-292567038	8.0	0.5782856345176697		0.0	0.0		True	False	False	1	100.57828563451767
S1-378191895	S2-578788567	9.0	0.5772837996482849		0.0	0.0		True	False	False	1	100.57728379964828
S1-378191895	S2-434748052	10.0	0.5764020681381226		0.0	0.0		True	False	False	1	100.57640206813812
S1-378191895	S2-784442772	11.0	0.5670364499092102	4.0	0.9708684682846069	0.0		True	True	False	2	201.53790491819382
S1-378191895	S2-591078525	12.0	0.5654237270355225		0.0	0.0		True	False	False	1	100.56542372703552
S1-378191895	S2-910351373	13.0	0.5637001991271973	17.0	0.9550896883010864	0.0		True	True	False	2	201.51878988742828
S1-378191895	S2-956479781	14.0	0.5630143880844116		0.0	0.0		True	False	False	1	100.56301438808441
S1-378191895	S2-934716922	15.0	0.5617432594299316	14.0	0.9568685293197632	0.0		True	True	False	2	201.5186117887497
S1-378191895	S2-767997013	16.0	0.5532102584838867	15.0	0.9566238522529602	0.0		True	True	False	2	201.50983411073685
S1-378191895	S2-77137709	17.0	0.5516300797462463		0.0	0.0		True	False	False	1	100.55163007974625
S1-378191895	S2-905827553	18.0	0.5514892339706421		0.0	0.0		True	False	False	1	100.55148923397064
S1-378191895	S2-317480348	19.0	0.5494283437728882		0.0	0.0		True	False	False	1	100.54942834377289
S1-378191895	S2-537184954	20.0	0.549115777015686		0.0	0.0		True	False	False	1	100.54911577701569
S1-378191895	S2-742077842	21.0	0.546623945236206		0.0	0.0		True	False	False	1	100.5466239452362
S1-378191895	S2-501534718	22.0	0.5445141792297363		0.0	0.0		True	False	False	1	100.54451417922974
S1-378191895	S2-787861634	23.0	0.5422710180282593		0.0	0.0		True	False	False	1	100.54227101802826
S1-378191895	S2-875724478	24.0	0.5419168472290039		0.0	0.0		True	False	False	1	100.541916847229
S1-378191895	S2-166809876	25.0	0.5418263077735901		0.0	0.0		True	False	False	1	100.54182630777359
S1-378191895	S2-530685908	26.0	0.5369440317153931		0.0	0.0		True	False	False	1	100.5369440317154
S1-378191895	S2-785042722	27.0	0.5303212404251099	19.0	0.9535921812057495	0.0		True	True	False	2	201.48391342163086
S1-378191895	S2-192345572	28.0	0.5279698371887207		0.0	0.0		True	False	False	1	100.52796983718872
S1-378191895	S2-891600450	29.0	0.5248371362686157		0.0	0.0		True	False	False	1	100.52483713626862
S1-378191895	S2-634571997	30.0	0.5240932703018188	1.0	0.9791651368141174	0.0		True	True	False	2	201.50325840711594
S1-378191895	S3-170975522	1.0	0.6542003154754639	2.0	0.966285228729248	0.0		True	True	False	2	201.6204855442047
S1-378191895	S3-323904182	2.0	0.6418784856796265		0.0	0.0		True	False	False	1	100.64187848567963
S1-378191895	S3-288440193	3.0	0.6391514539718628	24.0	0.9463307857513428	0.0		True	True	False	2	201.5854822397232
S1-378191895	S3-536202929	4.0	0.6198955774307251	18.0	0.9504528045654297	0.0		True	True	False	2	201.57034838199615
S1-378191895	S3-219041197	5.0	0.6182838678359985		0.0	0.0		True	False	False	1	100.618283867836
S1-378191895	S3-960416326	6.0	0.6046103239059448	12.0	0.9574798345565796	0.0		True	True	False	2	201.56209015846252
S1-378191895	S3-895598264	7.0	0.60125732421875		0.0	0.0		True	False	False	1	100.60125732421875
S1-378191895	S3-436480804	8.0	0.599210262298584		0.0	0.0		True	False	False	1	100.59921026229858
S1-378191895	S3-877919199	9.0	0.5978497266769409		0.0	0.0		True	False	False	1	100.59784972667694
S1-378191895	S3-264170444	10.0	0.5916399955749512		0.0	0.0		True	False	False	1	100.59163999557495
S1-378191895	S3-695502221	11.0	0.5900503993034363		0.0	0.0		True	False	False	1	100.59005039930344
S1-378191895	S3-191842349	12.0	0.5871524214744568		0.0	0.0		True	False	False	1	100.58715242147446
S1-378191895	S3-374810425	13.0	0.5853632688522339	22.0	0.9477002620697021	0.0		True	True	False	2	201.53306353092194
S1-378191895	S3-227725397	14.0	0.5802559852600098	13.0	0.9572955965995789	0.0		True	True	False	2	201.5375515818596
S1-378191895	S3-604980231	15.0	0.5755711793899536		0.0	0.0		True	False	False	1	100.57557117938995
S1-378191895	S3-867263634	16.0	0.5747772455215454		0.0	0.0		True	False	False	1	100.57477724552155
S1-378191895	S3-289697426	17.0	0.5715359449386597		0.0	0.0		True	False	False	1	100.57153594493866
S1-378191895	S3-811459169	18.0	0.5641326904296875		0.0	0.0		True	False	False	1	100.56413269042969
S1-378191895	S3-560657213	19.0	0.5601760149002075		0.0	0.0		True	False	False	1	100.56017601490021
S1-378191895	S3-115653125	20.0	0.5574023127555847		0.0	0.0		True	False	False	1	100.55740231275558
S1-378191895	S3-18976400	21.0	0.554618239402771		0.0	0.0		True	False	False	1	100.55461823940277
S1-378191895	S3-125349995	22.0	0.552725076675415		0.0	0.0		True	False	False	1	100.55272507667542
S1-378191895	S3-462677478	23.0	0.5498389005661011		0.0	0.0		True	False	False	1	100.5498389005661
S1-378191895	S3-276427681	24.0	0.5481849908828735	28.0	0.942861795425415	0.0		True	True	False	2	201.4910467863083
S1-378191895	S3-162993152	25.0	0.5463424921035767		0.0	0.0		True	False	False	1	100.54634249210358
S1-378191895	S3-464265492	26.0	0.5462944507598877		0.0	0.0		True	False	False	1	100.54629445075989
S1-378191895	S3-652287374	27.0	0.5459563136100769	14.0	0.9552444219589233	0.0		True	True	False	2	201.501200735569
S1-378191895	S3-611681699	28.0	0.5456604957580566		0.0	0.0		True	False	False	1	100.54566049575806
S1-378191895	S3-361863410	29.0	0.5430498123168945		0.0	0.0		True	False	False	1	100.5430498123169
S1-378191895	S3-580736465	30.0	0.5423664450645447		0.0	0.0		True	False	False	1	100.54236644506454
S1-378191895	S2-576201028		0.0	2.0	0.9755691289901733	0.0		False	True	False	1	100.97556912899017
S1-378191895	S2-412565852		0.0	5.0	0.9633785486221313	0.0		False	True	False	1	100.96337854862213
S1-378191895	S2-400190057		0.0	6.0	0.9630674123764038	0.0		False	True	False	1	100.9630674123764
S1-378191895	S2-823489243		0.0	7.0	0.9619787931442261	0.0		False	True	False	1	100.96197879314423
S1-378191895	S2-744098365		0.0	8.0	0.9615755081176758	0.0		False	True	False	1	100.96157550811768
S1-378191895	S2-449438476		0.0	9.0	0.9610376358032227	0.0		False	True	False	1	100.96103763580322
S1-378191895	S2-378846408		0.0	11.0	0.9597530364990234	0.0		False	True	False	1	100.95975303649902
S1-378191895	S2-258890831		0.0	12.0	0.958868682384491	0.0		False	True	False	1	100.95886868238449
S1-378191895	S2-84473557		0.0	13.0	0.9586791396141052	0.0		False	True	False	1	100.9586791396141
S1-378191895	S2-193013091		0.0	16.0	0.9557300806045532	0.0		False	True	False	1	100.95573008060455
S1-378191895	S2-809665812		0.0	18.0	0.9546585083007812	0.0		False	True	False	1	100.95465850830078
S1-378191895	S2-375151053		0.0	20.0	0.9531589150428772	0.0		False	True	False	1	100.95315891504288
S1-378191895	S2-37424835		0.0	21.0	0.9524653553962708	0.0		False	True	False	1	100.95246535539627
S1-378191895	S2-578484139		0.0	22.0	0.9516063928604126	0.0		False	True	False	1	100.95160639286041
S1-378191895	S2-119647643		0.0	24.0	0.9512786865234375	0.0		False	True	False	1	100.95127868652344
S1-378191895	S2-89663826		0.0	25.0	0.9499785900115967	0.0		False	True	False	1	100.9499785900116
S1-378191895	S2-481572644		0.0	26.0	0.9482666254043579	0.0		False	True	False	1	100.94826662540436
S1-378191895	S2-933865098		0.0	27.0	0.9480891227722168	0.0		False	True	False	1	100.94808912277222
S1-378191895	S2-715460557		0.0	28.0	0.9475026726722717	0.0		False	True	False	1	100.94750267267227
S1-378191895	S2-726058757		0.0	29.0	0.9465731978416443	0.0		False	True	False	1	100.94657319784164
S1-378191895	S2-638268338		0.0	30.0	0.9457340240478516	0.0		False	True	False	1	100.94573402404785
S1-378191895	S3-367901084		0.0	1.0	0.9719030261039734	0.0		False	True	False	1	100.97190302610397
S1-378191895	S3-468731115		0.0	3.0	0.9660592079162598	0.0		False	True	False	1	100.96605920791626
S1-378191895	S3-150632472		0.0	4.0	0.9649159908294678	0.0		False	True	False	1	100.96491599082947
S1-378191895	S3-173398261		0.0	5.0	0.9648885726928711	0.0		False	True	False	1	100.96488857269287
S1-378191895	S3-610536355		0.0	6.0	0.962647557258606	0.0		False	True	False	1	100.9626475572586
S1-378191895	S3-995796854		0.0	7.0	0.9618214964866638	0.0		False	True	False	1	100.96182149648666
S1-378191895	S3-573605691		0.0	8.0	0.9612427949905396	0.0		False	True	False	1	100.96124279499054
S1-378191895	S3-760959067		0.0	9.0	0.9611077308654785	0.0		False	True	False	1	100.96110773086548
S1-378191895	S3-577972146		0.0	10.0	0.9598222970962524	0.0		False	True	False	1	100.95982229709625
S1-378191895	S3-265204232		0.0	11.0	0.9582149386405945	0.0		False	True	False	1	100.9582149386406
S1-378191895	S3-185659081		0.0	15.0	0.9550057053565979	0.0		False	True	False	1	100.9550057053566
S1-378191895	S3-289567021		0.0	16.0	0.9532773494720459	0.0		False	True	False	1	100.95327734947205
S1-378191895	S3-668629842		0.0	17.0	0.9524774551391602	0.0		False	True	False	1	100.95247745513916
S1-378191895	S3-75604340		0.0	19.0	0.9501891136169434	0.0		False	True	False	1	100.95018911361694
S1-378191895	S3-22088661		0.0	20.0	0.9493752717971802	0.0		False	True	False	1	100.94937527179718
S1-378191895	S3-380741339		0.0	21.0	0.9478015303611755	0.0		False	True	False	1	100.94780153036118
S1-378191895	S3-159233685		0.0	23.0	0.9470152854919434	0.0		False	True	False	1	100.94701528549194
S1-378191895	S3-221443476		0.0	25.0	0.945877194404602	0.0		False	True	False	1	100.9458771944046
S1-378191895	S3-768772995		0.0	26.0	0.9449461698532104	0.0		False	True	False	1	100.94494616985321
S1-378191895	S3-389830698		0.0	27.0	0.944491982460022	0.0		False	True	False	1	100.94449198246002
S1-378191895	S3-797381132		0.0	29.0	0.9421907067298889	0.0		False	True	False	1	100.94219070672989
S1-378191895	S3-416247723		0.0	30.0	0.9420998096466064	0.0		False	True	False	1	100.9420998096466
S1-684974736	S2-84473557	1.0	0.5163944959640503	28.0	0.9196982979774475	0.0		True	True	False	2	201.4360927939415
S1-684974736	S2-193013091	2.0	0.5010086297988892		0.0	0.0		True	False	False	1	100.50100862979889
S1-684974736	S2-495604525	3.0	0.49551457166671753	9.0	0.9478412866592407	0.0		True	True	False	2	201.44335585832596
S1-684974736	S2-378846408	4.0	0.47045254707336426	22.0	0.9235731363296509	0.0		True	True	False	2	201.39402568340302
S1-684974736	S2-119647643	5.0	0.4548783600330353		0.0	0.0		True	False	False	1	100.45487836003304
S1-684974736	S2-578484139	6.0	0.450099915266037		0.0	0.0		True	False	False	1	100.45009991526604
S1-684974736	S2-583840796	7.0	0.4432835578918457	17.0	0.9283531904220581	0.0		True	True	False	2	201.3716367483139
S1-684974736	S2-559669701	8.0	0.4156613349914551	8.0	0.9502358436584473	0.0		True	True	False	2	201.3658971786499
S1-684974736	S2-268861424	9.0	0.41351526975631714		0.0	0.0		True	False	False	1	100.41351526975632
S1-684974736	S2-501534718	10.0	0.4128798842430115		0.0	0.0		True	False	False	1	100.41287988424301
S1-684974736	S2-378851466	11.0	0.4118213653564453		0.0	0.0		True	False	False	1	100.41182136535645
S1-684974736	S2-449438476	12.0	0.41095948219299316	16.0	0.9298392534255981	0.0		True	True	False	2	201.3407987356186
S1-684974736	S2-412565852	13.0	0.4107425808906555		0.0	0.0		True	False	False	1	100.41074258089066
S1-684974736	S2-89663826	14.0	0.40895211696624756	12.0	0.9361381530761719	0.0		True	True	False	2	201.34509027004242
S1-684974736	S2-638268338	15.0	0.4069909155368805		0.0	0.0		True	False	False	1	100.40699091553688
S1-684974736	S2-729157829	16.0	0.3961409628391266	2.0	0.9607254266738892	0.0		True	True	False	2	201.35686638951302
S1-684974736	S2-375151053	17.0	0.39506155252456665	4.0	0.9538185000419617	0.0		True	True	False	2	201.34888005256653
S1-684974736	S2-917258438	18.0	0.394204318523407		0.0	0.0		True	False	False	1	100.3942043185234
S1-684974736	S2-744098365	19.0	0.3927282691001892	13.0	0.9351043701171875	0.0		True	True	False	2	201.32783263921738
S1-684974736	S2-560710588	20.0	0.38972747325897217		0.0	0.0		True	False	False	1	100.38972747325897
S1-684974736	S2-481572644	21.0	0.385775625705719		0.0	0.0		True	False	False	1	100.38577562570572
S1-684974736	S2-17102176	22.0	0.38271963596343994		0.0	0.0		True	False	False	1	100.38271963596344
S1-684974736	S2-726058757	23.0	0.38111740350723267	20.0	0.9254481792449951	0.0		True	True	False	2	201.30656558275223
S1-684974736	S2-701289183	24.0	0.3792211413383484		0.0	0.0		True	False	False	1	100.37922114133835
S1-684974736	S2-223826524	25.0	0.3786267638206482		0.0	0.0		True	False	False	1	100.37862676382065
S1-684974736	S2-485885002	26.0	0.3785409927368164		0.0	0.0		True	False	False	1	100.37854099273682
S1-684974736	S2-787861634	27.0	0.3766612708568573		0.0	0.0		True	False	False	1	100.37666127085686
S1-684974736	S2-210791875	28.0	0.37630170583724976	19.0	0.9261794090270996	0.0		True	True	False	2	201.30248111486435
S1-684974736	S2-229677112	29.0	0.3744795322418213		0.0	0.0		True	False	False	1	100.37447953224182
S1-684974736	S2-476476786	30.0	0.37399041652679443	7.0	0.9522250890731812	0.0		True	True	False	2	201.32621550559998
S1-684974736	S3-185659081	1.0	0.44638577103614807	5.0	0.9453209042549133	0.0		True	True	False	2	201.39170667529106
S1-684974736	S3-760959067	2.0	0.44532713294029236	8.0	0.941988468170166	0.0		True	True	False	2	201.38731560111046
S1-684974736	S3-573605691	3.0	0.42913907766342163	29.0	0.9154267311096191	0.0		True	True	False	2	201.34456580877304
S1-684974736	S3-521783865	4.0	0.42858538031578064	17.0	0.9282476902008057	0.0		True	True	False	2	201.3568330705166
S1-684974736	S3-797381132	5.0	0.4069859981536865		0.0	0.0		True	False	False	1	100.40698599815369
S1-684974736	S3-265204232	6.0	0.40342748165130615		0.0	0.0		True	False	False	1	100.4034274816513
S1-684974736	S3-184174096	7.0	0.40099775791168213	24.0	0.9223210215568542	0.0		True	True	False	2	201.32331877946854
S1-684974736	S3-464265492	8.0	0.3966706395149231		0.0	0.0		True	False	False	1	100.39667063951492
S1-684974736	S3-416247723	9.0	0.39657169580459595	4.0	0.9456793665885925	0.0		True	True	False	2	201.3422510623932
S1-684974736	S3-367901084	10.0	0.39356735348701477	20.0	0.9274724721908569	0.0		True	True	False	2	201.32103982567787
S1-684974736	S3-159233685	11.0	0.3924404978752136		0.0	0.0		True	False	False	1	100.39244049787521
S1-684974736	S3-610536355	12.0	0.3834148049354553	23.0	0.9224796891212463	0.0		True	True	False	2	201.3058944940567
S1-684974736	S3-389830698	13.0	0.37760305404663086		0.0	0.0		True	False	False	1	100.37760305404663
S1-684974736	S3-75604340	14.0	0.3742991089820862	16.0	0.9287555813789368	0.0		True	True	False	2	201.30305469036102
S1-684974736	S3-995796854	15.0	0.37119364738464355	19.0	0.9275766611099243	0.0		True	True	False	2	201.29877030849457
S1-684974736	S3-158901285	16.0	0.36425602436065674		0.0	0.0		True	False	False	1	100.36425602436066
S1-684974736	S3-797337828	17.0	0.3636520802974701	13.0	0.9333646297454834	0.0		True	True	False	2	201.29701671004295
S1-684974736	S3-22088661	18.0	0.3569145202636719	6.0	0.9425903558731079	0.0		True	True	False	2	201.29950487613678
S1-684974736	S3-468731115	19.0	0.3542458415031433	28.0	0.9181537628173828	0.0		True	True	False	2	201.27239960432053
S1-684974736	S3-819001322	20.0	0.3519417643547058		0.0	0.0		True	False	False	1	100.3519417643547
S1-684974736	S3-662721327	21.0	0.349784791469574		0.0	0.0		True	False	False	1	100.34978479146957
S1-684974736	S3-380741339	22.0	0.3497333228588104	12.0	0.9338222742080688	0.0		True	True	False	2	201.28355559706688
S1-684974736	S3-668629842	23.0	0.3473568856716156	3.0	0.9489022493362427	0.0		True	True	False	2	201.29625913500786
S1-684974736	S3-652287374	24.0	0.34631019830703735	21.0	0.9266381859779358	0.0		True	True	False	2	201.27294838428497
S1-684974736	S3-469272577	25.0	0.3428415060043335	2.0	0.9556306600570679	0.0		True	True	False	2	201.2984721660614
S1-684974736	S3-221443476	26.0	0.3408377468585968	10.0	0.9383858442306519	0.0		True	True	False	2	201.27922359108925
S1-684974736	S3-227725397	27.0	0.3374308943748474	11.0	0.9355636835098267	0.0		True	True	False	2	201.27299457788467
S1-684974736	S3-18976400	28.0	0.33425647020339966		0.0	0.0		True	False	False	1	100.3342564702034
S1-684974736	S3-288440193	29.0	0.3331042528152466		0.0	0.0		True	False	False	1	100.33310425281525
S1-684974736	S3-340374288	30.0	0.33233383297920227	9.0	0.9414583444595337	0.0		True	True	False	2	201.27379217743874
S1-684974736	S2-222871632		0.0	1.0	0.9746482372283936	0.0		False	True	False	1	100.9746482372284
S1-684974736	S2-340420883		0.0	3.0	0.9604809284210205	0.0		False	True	False	1	100.96048092842102
S1-684974736	S2-809665812		0.0	5.0	0.9536737203598022	0.0		False	True	False	1	100.9536737203598
S1-684974736	S2-440948455		0.0	6.0	0.9535070061683655	0.0		False	True	False	1	100.95350700616837
S1-684974736	S2-37424835		0.0	10.0	0.9471645355224609	0.0		False	True	False	1	100.94716453552246
S1-684974736	S2-160823657		0.0	11.0	0.9424921274185181	0.0		False	True	False	1	100.94249212741852
S1-684974736	S2-884102769		0.0	14.0	0.9347181916236877	0.0		False	True	False	1	100.93471819162369
S1-684974736	S2-715460557		0.0	15.0	0.93393874168396	0.0		False	True	False	1	100.93393874168396
S1-684974736	S2-823489243		0.0	18.0	0.9274977445602417	0.0		False	True	False	1	100.92749774456024
S1-684974736	S2-800542765		0.0	21.0	0.9252391457557678	0.0		False	True	False	1	100.92523914575577
S1-684974736	S2-634571997		0.0	23.0	0.9229604005813599	0.0		False	True	False	1	100.92296040058136
S1-684974736	S2-576201028		0.0	24.0	0.9219232201576233	0.0		False	True	False	1	100.92192322015762
S1-684974736	S2-434748052		0.0	25.0	0.9204593300819397	0.0		False	True	False	1	100.92045933008194
S1-684974736	S2-400190057		0.0	26.0	0.920428991317749	0.0		False	True	False	1	100.92042899131775
S1-684974736	S2-566025912		0.0	27.0	0.9202266335487366	0.0		False	True	False	1	100.92022663354874
S1-684974736	S2-416136682		0.0	29.0	0.9186859130859375	0.0		False	True	False	1	100.91868591308594
S1-684974736	S2-550697952		0.0	30.0	0.9181184768676758	0.0		False	True	False	1	100.91811847686768
S1-684974736	S3-289567021		0.0	1.0	0.9640723466873169	0.0		False	True	False	1	100.96407234668732
S1-684974736	S3-150632472		0.0	7.0	0.9423040151596069	0.0		False	True	False	1	100.9423040151596
S1-684974736	S3-715117209		0.0	14.0	0.9317450523376465	0.0		False	True	False	1	100.93174505233765
S1-684974736	S3-835032939		0.0	15.0	0.9296340346336365	0.0		False	True	False	1	100.92963403463364
S1-684974736	S3-374810425		0.0	18.0	0.9280330538749695	0.0		False	True	False	1	100.92803305387497
S1-684974736	S3-200532536		0.0	22.0	0.9242852926254272	0.0		False	True	False	1	100.92428529262543
S1-684974736	S3-64079929		0.0	25.0	0.9212657809257507	0.0		False	True	False	1	100.92126578092575
S1-684974736	S3-92755938		0.0	26.0	0.9210954904556274	0.0		False	True	False	1	100.92109549045563
S1-684974736	S3-556228627		0.0	27.0	0.9191347360610962	0.0		False	True	False	1	100.9191347360611
S1-684974736	S3-543902884		0.0	30.0	0.9142203330993652	0.0		False	True	False	1	100.91422033309937
S1-750279127	S2-779040268	1.0	0.6465616822242737		0.0	0.0		True	False	False	1	100.64656168222427
S1-750279127	S2-600460285	2.0	0.5806102156639099		0.0	0.0		True	False	False	1	100.58061021566391
S1-750279127	S2-292567038	3.0	0.5750383138656616		0.0	0.0		True	False	False	1	100.57503831386566
S1-750279127	S2-317480348	4.0	0.5711022019386292		0.0	0.0		True	False	False	1	100.57110220193863
S1-750279127	S2-434748052	5.0	0.5552281141281128		0.0	0.0		True	False	False	1	100.55522811412811
S1-750279127	S2-77137709	6.0	0.5478565692901611		0.0	0.0		True	False	False	1	100.54785656929016
S1-750279127	S2-910351373	7.0	0.5471130609512329		0.0	0.0		True	False	False	1	100.54711306095123
S1-750279127	S2-913930320	8.0	0.528322696685791		0.0	0.0		True	False	False	1	100.52832269668579
S1-750279127	S2-634571997	9.0	0.5246843695640564	19.0	0.9446636438369751	0.0		True	True	False	2	201.46934801340103
S1-750279127	S2-304177076	10.0	0.523777961730957		0.0	0.0		True	False	False	1	100.52377796173096
S1-750279127	S2-537184954	11.0	0.5148987174034119		0.0	0.0		True	False	False	1	100.51489871740341
S1-750279127	S2-786671109	12.0	0.5132529735565186		0.0	0.0		True	False	False	1	100.51325297355652
S1-750279127	S2-742077842	13.0	0.5131940841674805		0.0	0.0		True	False	False	1	100.51319408416748
S1-750279127	S2-485885002	14.0	0.5127593278884888		0.0	0.0		True	False	False	1	100.51275932788849
S1-750279127	S2-501534718	15.0	0.5097938179969788		0.0	0.0		True	False	False	1	100.50979381799698
S1-750279127	S2-591078525	16.0	0.5095432996749878		0.0	0.0		True	False	False	1	100.50954329967499
S1-750279127	S2-905827553	17.0	0.5083249807357788		0.0	0.0		True	False	False	1	100.50832498073578
S1-750279127	S2-223826524	18.0	0.5052697062492371	11.0	0.9485293626785278	0.0		True	True	False	2	201.45379906892776
S1-750279127	S2-495461061	19.0	0.5010731220245361		0.0	0.0		True	False	False	1	100.50107312202454
S1-750279127	S2-576201028	20.0	0.500605583190918	14.0	0.9465254545211792	0.0		True	True	False	2	201.4471310377121
S1-750279127	S2-875724478	21.0	0.5004881620407104		0.0	0.0		True	False	False	1	100.50048816204071
S1-750279127	S2-784442772	22.0	0.49871498346328735	2.0	0.9562355279922485	0.0		True	True	False	2	201.45495051145554
S1-750279127	S2-787861634	23.0	0.4965324103832245	21.0	0.9440193176269531	0.0		True	True	False	2	201.44055172801018
S1-750279127	S2-956479781	24.0	0.4887479543685913		0.0	0.0		True	False	False	1	100.48874795436859
S1-750279127	S2-210791875	25.0	0.4867803454399109	22.0	0.9439237117767334	0.0		True	True	False	2	201.43070405721664
S1-750279127	S2-785042722	26.0	0.4836309552192688	9.0	0.9492192268371582	0.0		True	True	False	2	201.43285018205643
S1-750279127	S2-357438552	27.0	0.47167524695396423		0.0	0.0		True	False	False	1	100.47167524695396
S1-750279127	S2-166809876	28.0	0.46947184205055237		0.0	0.0		True	False	False	1	100.46947184205055
S1-750279127	S2-578788567	29.0	0.4679756462574005		0.0	0.0		True	False	False	1	100.4679756462574
S1-750279127	S2-530685908	30.0	0.46735116839408875		0.0	0.0		True	False	False	1	100.46735116839409
S1-750279127	S3-191842349	1.0	0.6269728541374207		0.0	0.0		True	False	False	1	100.62697285413742
S1-750279127	S3-227725397	2.0	0.5918726921081543	1.0	0.9581378698348999	0.0		True	True	False	2	201.55001056194305
S1-750279127	S3-604980231	3.0	0.5691724419593811		0.0	0.0		True	False	False	1	100.56917244195938
S1-750279127	S3-361863410	4.0	0.5598386526107788		0.0	0.0		True	False	False	1	100.55983865261078
S1-750279127	S3-580736465	5.0	0.552970290184021		0.0	0.0		True	False	False	1	100.55297029018402
S1-750279127	S3-323904182	6.0	0.5527595281600952		0.0	0.0		True	False	False	1	100.5527595281601
S1-750279127	S3-10300249	7.0	0.5523173809051514		0.0	0.0		True	False	False	1	100.55231738090515
S1-750279127	S3-895598264	8.0	0.5515937209129333	17.0	0.9411824345588684	0.0		True	True	False	2	201.4927761554718
S1-750279127	S3-288440193	9.0	0.5499050617218018	6.0	0.9522931575775146	0.0		True	True	False	2	201.50219821929932
S1-750279127	S3-960416326	10.0	0.5479126572608948	18.0	0.9410513043403625	0.0		True	True	False	2	201.48896396160126
S1-750279127	S3-464265492	11.0	0.5457134246826172		0.0	0.0		True	False	False	1	100.54571342468262
S1-750279127	S3-170975522	12.0	0.5413228869438171	3.0	0.9540318846702576	0.0		True	True	False	2	201.49535477161407
S1-750279127	S3-18976400	13.0	0.5377450585365295		0.0	0.0		True	False	False	1	100.53774505853653
S1-750279127	S3-611681699	14.0	0.5346230864524841		0.0	0.0		True	False	False	1	100.53462308645248
S1-750279127	S3-264170444	15.0	0.53228759765625		0.0	0.0		True	False	False	1	100.53228759765625
S1-750279127	S3-374810425	16.0	0.5258453488349915	5.0	0.9523224830627441	0.0		True	True	False	2	201.47816783189774
S1-750279127	S3-115653125	17.0	0.5242146253585815		0.0	0.0		True	False	False	1	100.52421462535858
S1-750279127	S3-877919199	18.0	0.516140878200531		0.0	0.0		True	False	False	1	100.51614087820053
S1-750279127	S3-688194826	19.0	0.5067090392112732		0.0	0.0		True	False	False	1	100.50670903921127
S1-750279127	S3-159233685	20.0	0.5054433345794678		0.0	0.0		True	False	False	1	100.50544333457947
S1-750279127	S3-695502221	21.0	0.5015565752983093		0.0	0.0		True	False	False	1	100.50155657529831
S1-750279127	S3-867263634	22.0	0.5015443563461304		0.0	0.0		True	False	False	1	100.50154435634613
S1-750279127	S3-560657213	23.0	0.4996022582054138		0.0	0.0		True	False	False	1	100.49960225820541
S1-750279127	S3-526709055	24.0	0.49770230054855347		0.0	0.0		True	False	False	1	100.49770230054855
S1-750279127	S3-127741306	25.0	0.4976149797439575		0.0	0.0		True	False	False	1	100.49761497974396
S1-750279127	S3-289697426	26.0	0.48899540305137634		0.0	0.0		True	False	False	1	100.48899540305138
S1-750279127	S3-577972146	27.0	0.4880126118659973	7.0	0.950776994228363	0.0		True	True	False	2	201.43878960609436
S1-750279127	S3-825495383	28.0	0.48717018961906433		0.0	0.0		True	False	False	1	100.48717018961906
S1-750279127	S3-811459169	29.0	0.4848077893257141		0.0	0.0		True	False	False	1	100.48480778932571
S1-750279127	S3-219041197	30.0	0.48419755697250366		0.0	0.0		True	False	False	1	100.4841975569725
S1-750279127	S2-938316135		0.0	1.0	0.9562524557113647	0.0		False	True	False	1	100.95625245571136
S1-750279127	S2-566025912		0.0	3.0	0.9548499584197998	0.0		False	True	False	1	100.9548499584198
S1-750279127	S2-715460557		0.0	4.0	0.9544893503189087	0.0		False	True	False	1	100.95448935031891
S1-750279127	S2-416136682		0.0	5.0	0.9538129568099976	0.0		False	True	False	1	100.95381295681
S1-750279127	S2-592412285		0.0	6.0	0.9537363052368164	0.0		False	True	False	1	100.95373630523682
S1-750279127	S2-647447093		0.0	7.0	0.9512504935264587	0.0		False	True	False	1	100.95125049352646
S1-750279127	S2-726058757		0.0	8.0	0.9509893655776978	0.0		False	True	False	1	100.9509893655777
S1-750279127	S2-495604525		0.0	10.0	0.948594868183136	0.0		False	True	False	1	100.94859486818314
S1-750279127	S2-440948455		0.0	12.0	0.9477307200431824	0.0		False	True	False	1	100.94773072004318
S1-750279127	S2-550697952		0.0	13.0	0.9477086067199707	0.0		False	True	False	1	100.94770860671997
S1-750279127	S2-84473557		0.0	15.0	0.9461263418197632	0.0		False	True	False	1	100.94612634181976
S1-750279127	S2-258890831		0.0	16.0	0.9459040760993958	0.0		False	True	False	1	100.9459040760994
S1-750279127	S2-412565852		0.0	17.0	0.9455220103263855	0.0		False	True	False	1	100.94552201032639
S1-750279127	S2-594115095		0.0	18.0	0.945033073425293	0.0		False	True	False	1	100.9450330734253
S1-750279127	S2-400190057		0.0	20.0	0.9444359540939331	0.0		False	True	False	1	100.94443595409393
S1-750279127	S2-37424835		0.0	23.0	0.9437512159347534	0.0		False	True	False	1	100.94375121593475
S1-750279127	S2-476476786		0.0	24.0	0.9434693455696106	0.0		False	True	False	1	100.94346934556961
S1-750279127	S2-767997013		0.0	25.0	0.9432035684585571	0.0		False	True	False	1	100.94320356845856
S1-750279127	S2-744098365		0.0	26.0	0.9431923627853394	0.0		False	True	False	1	100.94319236278534
S1-750279127	S2-800542765		0.0	27.0	0.9429588913917542	0.0		False	True	False	1	100.94295889139175
S1-750279127	S2-119647643		0.0	28.0	0.9429233074188232	0.0		False	True	False	1	100.94292330741882
S1-750279127	S2-917258438		0.0	29.0	0.9422956705093384	0.0		False	True	False	1	100.94229567050934
S1-750279127	S2-742018880		0.0	30.0	0.9418909549713135	0.0		False	True	False	1	100.94189095497131
S1-750279127	S3-768772995		0.0	2.0	0.9548348188400269	0.0		False	True	False	1	100.95483481884003
S1-750279127	S3-556228627		0.0	4.0	0.9531245827674866	0.0		False	True	False	1	100.95312458276749
S1-750279127	S3-610536355		0.0	8.0	0.9495052695274353	0.0		False	True	False	1	100.94950526952744
S1-750279127	S3-517069981		0.0	9.0	0.9493793249130249	0.0		False	True	False	1	100.94937932491302
S1-750279127	S3-760959067		0.0	10.0	0.9491393566131592	0.0		False	True	False	1	100.94913935661316
S1-750279127	S3-536202929		0.0	11.0	0.9482387900352478	0.0		False	True	False	1	100.94823879003525
S1-750279127	S3-543902884		0.0	12.0	0.9439151883125305	0.0		False	True	False	1	100.94391518831253
S1-750279127	S3-173398261		0.0	13.0	0.9438271522521973	0.0		False	True	False	1	100.9438271522522
S1-750279127	S3-937140604		0.0	14.0	0.943670392036438	0.0		False	True	False	1	100.94367039203644
S1-750279127	S3-185659081		0.0	15.0	0.9427372217178345	0.0		False	True	False	1	100.94273722171783
S1-750279127	S3-367901084		0.0	16.0	0.9417837858200073	0.0		False	True	False	1	100.94178378582001
S1-750279127	S3-389830698		0.0	19.0	0.9397788643836975	0.0		False	True	False	1	100.9397788643837
S1-750279127	S3-150632472		0.0	20.0	0.939466655254364	0.0		False	True	False	1	100.93946665525436
S1-750279127	S3-662721327		0.0	21.0	0.9381572604179382	0.0		False	True	False	1	100.93815726041794
S1-750279127	S3-995796854		0.0	22.0	0.9381540417671204	0.0		False	True	False	1	100.93815404176712
S1-750279127	S3-22321512		0.0	23.0	0.9361516833305359	0.0		False	True	False	1	100.93615168333054
S1-750279127	S3-573605691		0.0	24.0	0.9357025623321533	0.0		False	True	False	1	100.93570256233215
S1-750279127	S3-92755938		0.0	25.0	0.9356476068496704	0.0		False	True	False	1	100.93564760684967
S1-750279127	S3-305215419		0.0	26.0	0.934981644153595	0.0		False	True	False	1	100.9349816441536
S1-750279127	S3-668629842		0.0	27.0	0.9344011545181274	0.0		False	True	False	1	100.93440115451813
S1-750279127	S3-218566871		0.0	28.0	0.9342230558395386	0.0		False	True	False	1	100.93422305583954
S1-750279127	S3-468731115		0.0	29.0	0.9340971112251282	0.0		False	True	False	1	100.93409711122513
S1-750279127	S3-715117209		0.0	30.0	0.9332801103591919	0.0		False	True	False	1	100.93328011035919
S1-209281220	S2-537184954	1.0	0.6325737833976746		0.0	0.0		True	False	False	1	100.63257378339767
S1-209281220	S2-654270940	2.0	0.6293491125106812		0.0	0.0		True	False	False	1	100.62934911251068
S1-209281220	S2-434748052	3.0	0.6043171882629395	22.0	0.9416544437408447	0.0		True	True	False	2	201.54597163200378
S1-209281220	S2-304177076	4.0	0.6030687093734741		0.0	0.0		True	False	False	1	100.60306870937347
S1-209281220	S2-485885002	5.0	0.5887576341629028	30.0	0.9357084035873413	0.0		True	True	False	2	201.52446603775024
S1-209281220	S2-875724478	6.0	0.5876530408859253	11.0	0.9585282802581787	0.0		True	True	False	2	201.5461813211441
S1-209281220	S2-501534718	7.0	0.5747503638267517	3.0	0.9667146801948547	0.0		True	True	False	2	201.5414650440216
S1-209281220	S2-910351373	8.0	0.5729658603668213	8.0	0.9603968262672424	0.0		True	True	False	2	201.53336268663406
S1-209281220	S2-905827553	9.0	0.5619457960128784		0.0	0.0		True	False	False	1	100.56194579601288
S1-209281220	S2-317480348	10.0	0.5570135712623596		0.0	0.0		True	False	False	1	100.55701357126236
S1-209281220	S2-785042722	11.0	0.5528103113174438	6.0	0.9630586504936218	0.0		True	True	False	2	201.51586896181107
S1-209281220	S2-742077842	12.0	0.5513138771057129		0.0	0.0		True	False	False	1	100.55131387710571
S1-209281220	S2-956479781	13.0	0.5503140687942505		0.0	0.0		True	False	False	1	100.55031406879425
S1-209281220	S2-600460285	14.0	0.5392894148826599	12.0	0.9564989805221558	0.0		True	True	False	2	201.49578839540482
S1-209281220	S2-292567038	15.0	0.5392186641693115		0.0	0.0		True	False	False	1	100.53921866416931
S1-209281220	S2-77137709	16.0	0.5386922359466553	7.0	0.9613733291625977	0.0		True	True	False	2	201.50006556510925
S1-209281220	S2-913930320	17.0	0.5338171720504761	21.0	0.9435238838195801	0.0		True	True	False	2	201.47734105587006
S1-209281220	S2-786671109	18.0	0.5312939286231995	13.0	0.9559434652328491	0.0		True	True	False	2	201.48723739385605
S1-209281220	S2-229677112	19.0	0.5209618806838989	18.0	0.9466127157211304	0.0		True	True	False	2	201.46757459640503
S1-209281220	S2-578788567	20.0	0.5105764865875244	10.0	0.959760308265686	0.0		True	True	False	2	201.4703367948532
S1-209281220	S2-784442772	21.0	0.5102213025093079	15.0	0.9519360661506653	0.0		True	True	False	2	201.46215736865997
S1-209281220	S2-550697952	22.0	0.5091565847396851		0.0	0.0		True	False	False	1	100.50915658473969
S1-209281220	S2-166809876	23.0	0.504345178604126		0.0	0.0		True	False	False	1	100.50434517860413
S1-209281220	S2-357438552	24.0	0.49487459659576416	2.0	0.9674600958824158	0.0		True	True	False	2	201.46233469247818
S1-209281220	S2-223826524	25.0	0.4862917959690094	16.0	0.9517423510551453	0.0		True	True	False	2	201.43803414702415
S1-209281220	S2-999853272	26.0	0.4722568988800049	25.0	0.9377512335777283	0.0		True	True	False	2	201.41000813245773
S1-209281220	S2-787861634	27.0	0.4708036780357361	9.0	0.9602134227752686	0.0		True	True	False	2	201.431017100811
S1-209281220	S2-495461061	28.0	0.4607961177825928		0.0	0.0		True	False	False	1	100.46079611778259
S1-209281220	S2-919241341	29.0	0.4597631096839905		0.0	0.0		True	False	False	1	100.45976310968399
S1-209281220	S2-729157829	30.0	0.45569437742233276		0.0	0.0		True	False	False	1	100.45569437742233
S1-209281220	S3-895598264	1.0	0.5890668034553528	21.0	0.9587301015853882	0.0		True	True	False	2	201.54779690504074
S1-209281220	S3-276427681	2.0	0.5711023807525635	26.0	0.9544054865837097	0.0		True	True	False	2	201.52550786733627
S1-209281220	S3-289697426	3.0	0.5645977258682251		0.0	0.0		True	False	False	1	100.56459772586823
S1-209281220	S3-10300249	4.0	0.5592871904373169		0.0	0.0		True	False	False	1	100.55928719043732
S1-209281220	S3-288440193	5.0	0.5583359003067017	2.0	0.9754823446273804	0.0		True	True	False	2	201.53381824493408
S1-209281220	S3-227725397	6.0	0.556898295879364		0.0	0.0		True	False	False	1	100.55689829587936
S1-209281220	S3-536202929	7.0	0.555382490158081	18.0	0.9657503366470337	0.0		True	True	False	2	201.52113282680511
S1-209281220	S3-18976400	8.0	0.5546765327453613	20.0	0.9631636142730713	0.0		True	True	False	2	201.51784014701843
S1-209281220	S3-580736465	9.0	0.5503201484680176		0.0	0.0		True	False	False	1	100.55032014846802
S1-209281220	S3-877919199	10.0	0.5441227555274963		0.0	0.0		True	False	False	1	100.5441227555275
S1-209281220	S3-652287374	11.0	0.5407156944274902		0.0	0.0		True	False	False	1	100.54071569442749
S1-209281220	S3-695502221	12.0	0.539652407169342	15.0	0.9674099683761597	0.0		True	True	False	2	201.5070623755455
S1-209281220	S3-158901285	13.0	0.5384529829025269	10.0	0.9690085649490356	0.0		True	True	False	2	201.50746154785156
S1-209281220	S3-577972146	14.0	0.5380262136459351	25.0	0.95461106300354	0.0		True	True	False	2	201.49263727664948
S1-209281220	S3-250324284	15.0	0.533857524394989	12.0	0.9689180254936218	0.0		True	True	False	2	201.5027755498886
S1-209281220	S3-611681699	16.0	0.533729076385498		0.0	0.0		True	False	False	1	100.5337290763855
S1-209281220	S3-219041197	17.0	0.5323766469955444		0.0	0.0		True	False	False	1	100.53237664699554
S1-209281220	S3-115653125	18.0	0.5290824174880981		0.0	0.0		True	False	False	1	100.5290824174881
S1-209281220	S3-127741306	19.0	0.5277842879295349	19.0	0.9638240337371826	0.0		True	True	False	2	201.49160832166672
S1-209281220	S3-960416326	20.0	0.5274708271026611	5.0	0.9727081060409546	0.0		True	True	False	2	201.50017893314362
S1-209281220	S3-323904182	21.0	0.5242691040039062		0.0	0.0		True	False	False	1	100.5242691040039
S1-209281220	S3-604980231	22.0	0.523166298866272		0.0	0.0		True	False	False	1	100.52316629886627
S1-209281220	S3-526709055	23.0	0.5223656296730042	24.0	0.9556753635406494	0.0		True	True	False	2	201.47804099321365
S1-209281220	S3-825495383	24.0	0.5194704532623291	17.0	0.9664202332496643	0.0		True	True	False	2	201.485890686512
S1-209281220	S3-173398261	25.0	0.5190927386283875	16.0	0.9670746922492981	0.0		True	True	False	2	201.48616743087769
S1-209281220	S3-170975522	26.0	0.5143212080001831	8.0	0.9694088697433472	0.0		True	True	False	2	201.48373007774353
S1-209281220	S3-159233685	27.0	0.5118858218193054	28.0	0.9463480114936829	0.0		True	True	False	2	201.458233833313
S1-209281220	S3-264170444	28.0	0.5110514163970947		0.0	0.0		True	False	False	1	100.5110514163971
S1-209281220	S3-162993152	29.0	0.5108797550201416	23.0	0.9558257460594177	0.0		True	True	False	2	201.46670550107956
S1-209281220	S3-688194826	30.0	0.5087594985961914	7.0	0.9696319103240967	0.0		True	True	False	2	201.4783914089203
S1-209281220	S2-530685908		0.0	1.0	0.9740952253341675	0.0		False	True	False	1	100.97409522533417
S1-209281220	S2-210791875		0.0	4.0	0.9640113115310669	0.0		False	True	False	1	100.96401131153107
S1-209281220	S2-767997013		0.0	5.0	0.963754415512085	0.0		False	True	False	1	100.96375441551208
S1-209281220	S2-592412285		0.0	14.0	0.952365517616272	0.0		False	True	False	1	100.95236551761627
S1-209281220	S2-4583532		0.0	17.0	0.9503849148750305	0.0		False	True	False	1	100.95038491487503
S1-209281220	S2-634571997		0.0	19.0	0.9449000358581543	0.0		False	True	False	1	100.94490003585815
S1-209281220	S2-193013091		0.0	20.0	0.9444421529769897	0.0		False	True	False	1	100.94444215297699
S1-209281220	S2-412565852		0.0	23.0	0.9411008954048157	0.0		False	True	False	1	100.94110089540482
S1-209281220	S2-84473557		0.0	24.0	0.9400787353515625	0.0		False	True	False	1	100.94007873535156
S1-209281220	S2-576201028		0.0	26.0	0.9368249177932739	0.0		False	True	False	1	100.93682491779327
S1-209281220	S2-891600450		0.0	27.0	0.9366791844367981	0.0		False	True	False	1	100.9366791844368
S1-209281220	S2-578484139		0.0	28.0	0.9361156225204468	0.0		False	True	False	1	100.93611562252045
S1-209281220	S2-658886344		0.0	29.0	0.9360824823379517	0.0		False	True	False	1	100.93608248233795
S1-209281220	S3-819001322		0.0	1.0	0.9800735712051392	0.0		False	True	False	1	100.98007357120514
S1-209281220	S3-662721327		0.0	3.0	0.9740613698959351	0.0		False	True	False	1	100.97406136989594
S1-209281220	S3-218566871		0.0	4.0	0.9731990694999695	0.0		False	True	False	1	100.97319906949997
S1-209281220	S3-125349995		0.0	6.0	0.970259428024292	0.0		False	True	False	1	100.97025942802429
S1-209281220	S3-464265492		0.0	9.0	0.9693275094032288	0.0		False	True	False	1	100.96932750940323
S1-209281220	S3-219844340		0.0	11.0	0.9689668416976929	0.0		False	True	False	1	100.96896684169769
S1-209281220	S3-961421742		0.0	13.0	0.9688633680343628	0.0		False	True	False	1	100.96886336803436
S1-209281220	S3-98186645		0.0	14.0	0.9679627418518066	0.0		False	True	False	1	100.9679627418518
S1-209281220	S3-436480804		0.0	22.0	0.9565200805664062	0.0		False	True	False	1	100.9565200805664
S1-209281220	S3-483958914		0.0	27.0	0.9463764429092407	0.0		False	True	False	1	100.94637644290924
S1-209281220	S3-482581656		0.0	29.0	0.9462235569953918	0.0		False	True	False	1	100.94622355699539
S1-209281220	S3-610536355		0.0	30.0	0.9450435638427734	0.0		False	True	False	1	100.94504356384277
S1-550154910	S2-485885002	1.0	0.6782207489013672		0.0	0.0		True	False	False	1	100.67822074890137
S1-550154910	S2-786671109	2.0	0.6750189065933228		0.0	0.0		True	False	False	1	100.67501890659332
S1-550154910	S2-292567038	3.0	0.6602110862731934		0.0	0.0		True	False	False	1	100.6602110862732
S1-550154910	S2-956479781	4.0	0.6601231694221497		0.0	0.0		True	False	False	1	100.66012316942215
S1-550154910	S2-600460285	5.0	0.6539449691772461	1.0	0.9735751152038574	0.0		True	True	False	2	201.6275200843811
S1-550154910	S2-905827553	6.0	0.6451396942138672		0.0	0.0		True	False	False	1	100.64513969421387
S1-550154910	S2-578788567	7.0	0.6347091197967529	2.0	0.9726135730743408	0.0		True	True	False	2	201.6073226928711
S1-550154910	S2-304177076	8.0	0.6294752955436707		0.0	0.0		True	False	False	1	100.62947529554367
S1-550154910	S2-785042722	9.0	0.6185485124588013	5.0	0.9662237167358398	0.0		True	True	False	2	201.58477222919464
S1-550154910	S2-634571997	10.0	0.6164016723632812	24.0	0.9456822872161865	0.0		True	True	False	2	201.56208395957947
S1-550154910	S2-910351373	11.0	0.6069390773773193		0.0	0.0		True	False	False	1	100.60693907737732
S1-550154910	S2-537184954	12.0	0.6054472923278809		0.0	0.0		True	False	False	1	100.60544729232788
S1-550154910	S2-210791875	13.0	0.6046490669250488	20.0	0.9466973543167114	0.0		True	True	False	2	201.55134642124176
S1-550154910	S2-913930320	14.0	0.6031051278114319		0.0	0.0		True	False	False	1	100.60310512781143
S1-550154910	S2-357438552	15.0	0.602440595626831	7.0	0.9623687267303467	0.0		True	True	False	2	201.56480932235718
S1-550154910	S2-440948455	16.0	0.6004552841186523		0.0	0.0		True	False	False	1	100.60045528411865
S1-550154910	S2-742077842	17.0	0.5990924835205078		0.0	0.0		True	False	False	1	100.59909248352051
S1-550154910	S2-192345572	18.0	0.5988731384277344		0.0	0.0		True	False	False	1	100.59887313842773
S1-550154910	S2-229677112	19.0	0.5946604013442993	11.0	0.9577676057815552	0.0		True	True	False	2	201.55242800712585
S1-550154910	S2-530685908	20.0	0.5888931155204773	6.0	0.9648712277412415	0.0		True	True	False	2	201.55376434326172
S1-550154910	S2-317480348	21.0	0.5886512994766235		0.0	0.0		True	False	False	1	100.58865129947662
S1-550154910	S2-77137709	22.0	0.58128821849823	26.0	0.9438478946685791	0.0		True	True	False	2	201.5251361131668
S1-550154910	S2-495461061	23.0	0.5799054503440857		0.0	0.0		True	False	False	1	100.57990545034409
S1-550154910	S2-501534718	24.0	0.5797854661941528	3.0	0.9718785881996155	0.0		True	True	False	2	201.55166405439377
S1-550154910	S2-784442772	25.0	0.578370213508606	8.0	0.9615269899368286	0.0		True	True	False	2	201.53989720344543
S1-550154910	S2-875724478	26.0	0.5766417384147644	10.0	0.9595341682434082	0.0		True	True	False	2	201.53617590665817
S1-550154910	S2-434748052	27.0	0.5762761831283569		0.0	0.0		True	False	False	1	100.57627618312836
S1-550154910	S2-223826524	28.0	0.562350332736969	4.0	0.9699026346206665	0.0		True	True	False	2	201.53225296735764
S1-550154910	S2-787861634	29.0	0.554675817489624	12.0	0.9544943571090698	0.0		True	True	False	2	201.5091701745987
S1-550154910	S2-166809876	30.0	0.5521445274353027		0.0	0.0		True	False	False	1	100.5521445274353
S1-550154910	S3-536202929	1.0	0.7009812593460083	9.0	0.9692591428756714	0.0		True	True	False	2	201.67024040222168
S1-550154910	S3-125349995	2.0	0.682945728302002	4.0	0.9739443063735962	0.0		True	True	False	2	201.6568900346756
S1-550154910	S3-219041197	3.0	0.6759810447692871		0.0	0.0		True	False	False	1	100.67598104476929
S1-550154910	S3-895598264	4.0	0.667461633682251	30.0	0.945279598236084	0.0		True	True	False	2	201.61274123191833
S1-550154910	S3-462677478	5.0	0.6597243547439575		0.0	0.0		True	False	False	1	100.65972435474396
S1-550154910	S3-374810425	6.0	0.6514033675193787		0.0	0.0		True	False	False	1	100.65140336751938
S1-550154910	S3-867263634	7.0	0.6487360000610352		0.0	0.0		True	False	False	1	100.64873600006104
S1-550154910	S3-288440193	8.0	0.6462314128875732	1.0	0.977795422077179	0.0		True	True	False	2	201.62402683496475
S1-550154910	S3-604980231	9.0	0.6431798338890076		0.0	0.0		True	False	False	1	100.64317983388901
S1-550154910	S3-436480804	10.0	0.6373584270477295		0.0	0.0		True	False	False	1	100.63735842704773
S1-550154910	S3-289697426	11.0	0.6366920471191406		0.0	0.0		True	False	False	1	100.63669204711914
S1-550154910	S3-688194826	12.0	0.6284752488136292	20.0	0.9534600973129272	0.0		True	True	False	2	201.58193534612656
S1-550154910	S3-127741306	13.0	0.6281875371932983	18.0	0.9569706916809082	0.0		True	True	False	2	201.5851582288742
S1-550154910	S3-610536355	14.0	0.6244349479675293	21.0	0.9532950520515442	0.0		True	True	False	2	201.57773000001907
S1-550154910	S3-264170444	15.0	0.6199404001235962		0.0	0.0		True	False	False	1	100.6199404001236
S1-550154910	S3-227725397	16.0	0.6190832853317261		0.0	0.0		True	False	False	1	100.61908328533173
S1-550154910	S3-580736465	17.0	0.6170845031738281		0.0	0.0		True	False	False	1	100.61708450317383
S1-550154910	S3-464265492	18.0	0.6139460802078247	14.0	0.9597272872924805	0.0		True	True	False	2	201.5736733675003
S1-550154910	S3-877919199	19.0	0.6052260398864746		0.0	0.0		True	False	False	1	100.60522603988647
S1-550154910	S3-158901285	20.0	0.6010164022445679	12.0	0.9617651104927063	0.0		True	True	False	2	201.56278151273727
S1-550154910	S3-18976400	21.0	0.5983740091323853	28.0	0.9466120004653931	0.0		True	True	False	2	201.54498600959778
S1-550154910	S3-159233685	22.0	0.5969312787055969	10.0	0.9665971994400024	0.0		True	True	False	2	201.5635284781456
S1-550154910	S3-10300249	23.0	0.5943394303321838		0.0	0.0		True	False	False	1	100.59433943033218
S1-550154910	S3-577972146	24.0	0.5933672785758972	13.0	0.9597909450531006	0.0		True	True	False	2	201.553158223629
S1-550154910	S3-560657213	25.0	0.5930600166320801		0.0	0.0		True	False	False	1	100.59306001663208
S1-550154910	S3-811459169	26.0	0.5917003154754639		0.0	0.0		True	False	False	1	100.59170031547546
S1-550154910	S3-652287374	27.0	0.5888747572898865		0.0	0.0		True	False	False	1	100.58887475728989
S1-550154910	S3-323904182	28.0	0.5876448154449463		0.0	0.0		True	False	False	1	100.58764481544495
S1-550154910	S3-276427681	29.0	0.5851139426231384	29.0	0.946327805519104	0.0		True	True	False	2	201.53144174814224
S1-550154910	S3-250853646	30.0	0.5806993246078491		0.0	0.0		True	False	False	1	100.58069932460785
S1-550154910	S2-767997013		0.0	9.0	0.961032509803772	0.0		False	True	False	1	100.96103250980377
S1-550154910	S2-258890831		0.0	13.0	0.9534184336662292	0.0		False	True	False	1	100.95341843366623
S1-550154910	S2-193013091		0.0	14.0	0.9512331485748291	0.0		False	True	False	1	100.95123314857483
S1-550154910	S2-84473557		0.0	15.0	0.9507555365562439	0.0		False	True	False	1	100.95075553655624
S1-550154910	S2-412565852		0.0	16.0	0.9496080875396729	0.0		False	True	False	1	100.94960808753967
S1-550154910	S2-495604525		0.0	17.0	0.9483089447021484	0.0		False	True	False	1	100.94830894470215
S1-550154910	S2-917258438		0.0	18.0	0.9472529888153076	0.0		False	True	False	1	100.94725298881531
S1-550154910	S2-463756409		0.0	19.0	0.9468150734901428	0.0		False	True	False	1	100.94681507349014
S1-550154910	S2-4583532		0.0	21.0	0.9466074705123901	0.0		False	True	False	1	100.94660747051239
S1-550154910	S2-268861424		0.0	22.0	0.9459266066551208	0.0		False	True	False	1	100.94592660665512
S1-550154910	S2-378846408		0.0	23.0	0.9459155797958374	0.0		False	True	False	1	100.94591557979584
S1-550154910	S2-592412285		0.0	25.0	0.9448000192642212	0.0		False	True	False	1	100.94480001926422
S1-550154910	S2-647447093		0.0	27.0	0.9422423839569092	0.0		False	True	False	1	100.94224238395691
S1-550154910	S2-938316135		0.0	28.0	0.941818356513977	0.0		False	True	False	1	100.94181835651398
S1-550154910	S2-701289183		0.0	29.0	0.9409700632095337	0.0		False	True	False	1	100.94097006320953
S1-550154910	S2-578484139		0.0	30.0	0.940862238407135	0.0		False	True	False	1	100.94086223840714
S1-550154910	S3-960416326		0.0	2.0	0.9761530160903931	0.0		False	True	False	1	100.9761530160904
S1-550154910	S3-819001322		0.0	3.0	0.9747410416603088	0.0		False	True	False	1	100.97474104166031
S1-550154910	S3-662721327		0.0	5.0	0.9702235460281372	0.0		False	True	False	1	100.97022354602814
S1-550154910	S3-173398261		0.0	6.0	0.9700180292129517	0.0		False	True	False	1	100.97001802921295
S1-550154910	S3-218566871		0.0	7.0	0.9698835015296936	0.0		False	True	False	1	100.9698835015297
S1-550154910	S3-695502221		0.0	8.0	0.9696121215820312	0.0		False	True	False	1	100.96961212158203
S1-550154910	S3-170975522		0.0	11.0	0.9662729501724243	0.0		False	True	False	1	100.96627295017242
S1-550154910	S3-389830698		0.0	15.0	0.9586342573165894	0.0		False	True	False	1	100.95863425731659
S1-550154910	S3-483958914		0.0	16.0	0.9573604464530945	0.0		False	True	False	1	100.9573604464531
S1-550154910	S3-98186645		0.0	17.0	0.9572017192840576	0.0		False	True	False	1	100.95720171928406
S1-550154910	S3-961421742		0.0	19.0	0.9546938538551331	0.0		False	True	False	1	100.95469385385513
S1-550154910	S3-162993152		0.0	22.0	0.9530713558197021	0.0		False	True	False	1	100.9530713558197
S1-550154910	S3-482581656		0.0	23.0	0.9519355893135071	0.0		False	True	False	1	100.9519355893135
S1-550154910	S3-219844340		0.0	24.0	0.9518593549728394	0.0		False	True	False	1	100.95185935497284
S1-550154910	S3-250324284		0.0	25.0	0.9512358903884888	0.0		False	True	False	1	100.95123589038849
S1-550154910	S3-797381132		0.0	26.0	0.9483724236488342	0.0		False	True	False	1	100.94837242364883
S1-550154910	S3-367901084		0.0	27.0	0.9480394124984741	0.0		False	True	False	1	100.94803941249847
S1-897975128	S2-905827553	1.0	0.6113878488540649		0.0	0.0		True	False	False	1	100.61138784885406
S1-897975128	S2-292567038	2.0	0.6097018122673035		0.0	0.0		True	False	False	1	100.6097018122673
S1-897975128	S2-304177076	3.0	0.60960453748703		0.0	0.0		True	False	False	1	100.60960453748703
S1-897975128	S2-956479781	4.0	0.60638427734375		0.0	0.0		True	False	False	1	100.60638427734375
S1-897975128	S2-485885002	5.0	0.5997145175933838	22.0	0.9334143400192261	0.0		True	True	False	2	201.5331288576126
S1-897975128	S2-785042722	6.0	0.587752103805542	4.0	0.9632343649864197	0.0		True	True	False	2	201.55098646879196
S1-897975128	S2-229677112	7.0	0.5866279602050781		0.0	0.0		True	False	False	1	100.58662796020508
S1-897975128	S2-495461061	8.0	0.5826101303100586		0.0	0.0		True	False	False	1	100.58261013031006
S1-897975128	S2-192345572	9.0	0.5713998675346375	23.0	0.9330093264579773	0.0		True	True	False	2	201.50440919399261
S1-897975128	S2-530685908	10.0	0.5695978403091431	2.0	0.9704321026802063	0.0		True	True	False	2	201.54002994298935
S1-897975128	S2-875724478	11.0	0.5587548017501831		0.0	0.0		True	False	False	1	100.55875480175018
S1-897975128	S2-562037907	12.0	0.5584794282913208		0.0	0.0		True	False	False	1	100.55847942829132
S1-897975128	S2-537184954	13.0	0.5349355936050415		0.0	0.0		True	False	False	1	100.53493559360504
S1-897975128	S2-999853272	14.0	0.5308408737182617		0.0	0.0		True	False	False	1	100.53084087371826
S1-897975128	S2-550697952	15.0	0.5253779888153076	5.0	0.9540573358535767	0.0		True	True	False	2	201.47943532466888
S1-897975128	S2-742077842	16.0	0.5193983912467957		0.0	0.0		True	False	False	1	100.5193983912468
S1-897975128	S2-357438552	17.0	0.5132564306259155		0.0	0.0		True	False	False	1	100.51325643062592
S1-897975128	S2-787861634	18.0	0.5131429433822632		0.0	0.0		True	False	False	1	100.51314294338226
S1-897975128	S2-317480348	19.0	0.5111058950424194		0.0	0.0		True	False	False	1	100.51110589504242
S1-897975128	S2-440948455	20.0	0.5047369599342346	24.0	0.9329735040664673	0.0		True	True	False	2	201.4377104640007
S1-897975128	S2-578788567	21.0	0.49824127554893494		0.0	0.0		True	False	False	1	100.49824127554893
S1-897975128	S2-786671109	22.0	0.4975118637084961		0.0	0.0		True	False	False	1	100.4975118637085
S1-897975128	S2-434748052	23.0	0.49701666831970215		0.0	0.0		True	False	False	1	100.4970166683197
S1-897975128	S2-784442772	24.0	0.49307864904403687	8.0	0.9528939723968506	0.0		True	True	False	2	201.4459726214409
S1-897975128	S2-4583532	25.0	0.48928773403167725		0.0	0.0		True	False	False	1	100.48928773403168
S1-897975128	S2-913930320	26.0	0.488739937543869	16.0	0.9398089647293091	0.0		True	True	False	2	201.42854890227318
S1-897975128	S2-223826524	27.0	0.4876987338066101	9.0	0.9511491060256958	0.0		True	True	False	2	201.4388478398323
S1-897975128	S2-634571997	28.0	0.48484861850738525		0.0	0.0		True	False	False	1	100.48484861850739
S1-897975128	S2-600460285	29.0	0.48038071393966675		0.0	0.0		True	False	False	1	100.48038071393967
S1-897975128	S2-501534718	30.0	0.47853532433509827	11.0	0.9504988789558411	0.0		True	True	False	2	201.42903420329094
S1-897975128	S3-464265492	1.0	0.6918400526046753	20.0	0.9368959069252014	0.0		True	True	False	2	201.62873595952988
S1-897975128	S3-462677478	2.0	0.6028859615325928		0.0	0.0		True	False	False	1	100.60288596153259
S1-897975128	S3-289697426	3.0	0.5952821969985962		0.0	0.0		True	False	False	1	100.5952821969986
S1-897975128	S3-227725397	4.0	0.593845784664154		0.0	0.0		True	False	False	1	100.59384578466415
S1-897975128	S3-159233685	5.0	0.5897417068481445		0.0	0.0		True	False	False	1	100.58974170684814
S1-897975128	S3-18976400	6.0	0.5890169739723206	25.0	0.9341751337051392	0.0		True	True	False	2	201.52319210767746
S1-897975128	S3-662721327	7.0	0.5871337652206421	1.0	0.9650155901908875	0.0		True	True	False	2	201.55214935541153
S1-897975128	S3-526709055	8.0	0.5787906646728516	12.0	0.9490228891372681	0.0		True	True	False	2	201.52781355381012
S1-897975128	S3-717745791	9.0	0.5745998620986938		0.0	0.0		True	False	False	1	100.5745998620987
S1-897975128	S3-825495383	10.0	0.5689598917961121	26.0	0.9337926506996155	0.0		True	True	False	2	201.50275254249573
S1-897975128	S3-310059196	11.0	0.5660525560379028		0.0	0.0		True	False	False	1	100.5660525560379
S1-897975128	S3-250853646	12.0	0.5636781454086304		0.0	0.0		True	False	False	1	100.56367814540863
S1-897975128	S3-580736465	13.0	0.5592876672744751		0.0	0.0		True	False	False	1	100.55928766727448
S1-897975128	S3-191842349	14.0	0.5484539270401001		0.0	0.0		True	False	False	1	100.5484539270401
S1-897975128	S3-482581656	15.0	0.5450726747512817	10.0	0.9499335289001465	0.0		True	True	False	2	201.49500620365143
S1-897975128	S3-867263634	16.0	0.5407127737998962		0.0	0.0		True	False	False	1	100.5407127737999
S1-897975128	S3-264170444	17.0	0.5406506061553955		0.0	0.0		True	False	False	1	100.5406506061554
S1-897975128	S3-811459169	18.0	0.5384691953659058		0.0	0.0		True	False	False	1	100.5384691953659
S1-897975128	S3-158901285	19.0	0.5364892482757568	23.0	0.9344562292098999	0.0		True	True	False	2	201.47094547748566
S1-897975128	S3-604980231	20.0	0.5277697443962097		0.0	0.0		True	False	False	1	100.52776974439621
S1-897975128	S3-219041197	21.0	0.5253711938858032		0.0	0.0		True	False	False	1	100.5253711938858
S1-897975128	S3-127741306	22.0	0.524824857711792	30.0	0.9277496337890625	0.0		True	True	False	2	201.45257449150085
S1-897975128	S3-218566871	23.0	0.5243906378746033	3.0	0.9574507474899292	0.0		True	True	False	2	201.48184138536453
S1-897975128	S3-10300249	24.0	0.5222282409667969		0.0	0.0		True	False	False	1	100.5222282409668
S1-897975128	S3-853414998	25.0	0.5210329294204712		0.0	0.0		True	False	False	1	100.52103292942047
S1-897975128	S3-652287374	26.0	0.5200203657150269		0.0	0.0		True	False	False	1	100.52002036571503
S1-897975128	S3-577972146	27.0	0.519165575504303	14.0	0.9451789259910583	0.0		True	True	False	2	201.46434450149536
S1-897975128	S3-436480804	28.0	0.5161128044128418		0.0	0.0		True	False	False	1	100.51611280441284
S1-897975128	S3-184785497	29.0	0.5147607326507568		0.0	0.0		True	False	False	1	100.51476073265076
S1-897975128	S3-960416326	30.0	0.5100043416023254	7.0	0.9535232782363892	0.0		True	True	False	2	201.46352761983871
S1-897975128	S2-592412285		0.0	1.0	0.9720290899276733	0.0		False	True	False	1	100.97202908992767
S1-897975128	S2-594115095		0.0	3.0	0.9672026038169861	0.0		False	True	False	1	100.96720260381699
S1-897975128	S2-647447093		0.0	6.0	0.9536144137382507	0.0		False	True	False	1	100.95361441373825
S1-897975128	S2-210791875		0.0	7.0	0.9531852602958679	0.0		False	True	False	1	100.95318526029587
S1-897975128	S2-158121477		0.0	10.0	0.9509446620941162	0.0		False	True	False	1	100.95094466209412
S1-897975128	S2-77137709		0.0	12.0	0.9472705721855164	0.0		False	True	False	1	100.94727057218552
S1-897975128	S2-262646344		0.0	13.0	0.9447194933891296	0.0		False	True	False	1	100.94471949338913
S1-897975128	S2-258890831		0.0	14.0	0.9414451718330383	0.0		False	True	False	1	100.94144517183304
S1-897975128	S2-638268338		0.0	15.0	0.9404652714729309	0.0		False	True	False	1	100.94046527147293
S1-897975128	S2-305637735		0.0	17.0	0.9382179975509644	0.0		False	True	False	1	100.93821799755096
S1-897975128	S2-575142052		0.0	18.0	0.9375684261322021	0.0		False	True	False	1	100.9375684261322
S1-897975128	S2-170244057		0.0	19.0	0.9373278617858887	0.0		False	True	False	1	100.93732786178589
S1-897975128	S2-715460557		0.0	20.0	0.9371377229690552	0.0		False	True	False	1	100.93713772296906
S1-897975128	S2-566025912		0.0	21.0	0.9341335892677307	0.0		False	True	False	1	100.93413358926773
S1-897975128	S2-742018880		0.0	25.0	0.9323292374610901	0.0		False	True	False	1	100.93232923746109
S1-897975128	S2-576201028		0.0	26.0	0.9322913885116577	0.0		False	True	False	1	100.93229138851166
S1-897975128	S2-767997013		0.0	27.0	0.9316383600234985	0.0		False	True	False	1	100.9316383600235
S1-897975128	S2-583840796		0.0	28.0	0.931280791759491	0.0		False	True	False	1	100.93128079175949
S1-897975128	S2-938316135		0.0	29.0	0.931129515171051	0.0		False	True	False	1	100.93112951517105
S1-897975128	S2-933865098		0.0	30.0	0.9307609796524048	0.0		False	True	False	1	100.9307609796524
S1-897975128	S3-98186645		0.0	2.0	0.9649537801742554	0.0		False	True	False	1	100.96495378017426
S1-897975128	S3-819001322		0.0	4.0	0.9558995962142944	0.0		False	True	False	1	100.9558995962143
S1-897975128	S3-536202929		0.0	5.0	0.9551671743392944	0.0		False	True	False	1	100.9551671743393
S1-897975128	S3-305215419		0.0	6.0	0.9546590447425842	0.0		False	True	False	1	100.95465904474258
S1-897975128	S3-288440193		0.0	8.0	0.9522114992141724	0.0		False	True	False	1	100.95221149921417
S1-897975128	S3-971111671		0.0	9.0	0.9512150883674622	0.0		False	True	False	1	100.95121508836746
S1-897975128	S3-797381132		0.0	11.0	0.9494459629058838	0.0		False	True	False	1	100.94944596290588
S1-897975128	S3-219844340		0.0	13.0	0.9480994939804077	0.0		False	True	False	1	100.94809949398041
S1-897975128	S3-695502221		0.0	15.0	0.94173663854599	0.0		False	True	False	1	100.94173663854599
S1-897975128	S3-170975522		0.0	16.0	0.9405574798583984	0.0		False	True	False	1	100.9405574798584
S1-897975128	S3-276427681		0.0	17.0	0.9380932450294495	0.0		False	True	False	1	100.93809324502945
S1-897975128	S3-543902884		0.0	18.0	0.9379771947860718	0.0		False	True	False	1	100.93797719478607
S1-897975128	S3-389830698		0.0	19.0	0.9369697570800781	0.0		False	True	False	1	100.93696975708008
S1-897975128	S3-125349995		0.0	21.0	0.9367371797561646	0.0		False	True	False	1	100.93673717975616
S1-897975128	S3-688194826		0.0	22.0	0.9363129138946533	0.0		False	True	False	1	100.93631291389465
S1-897975128	S3-556228627		0.0	24.0	0.9342840313911438	0.0		False	True	False	1	100.93428403139114
S1-897975128	S3-22321512		0.0	27.0	0.9317051768302917	0.0		False	True	False	1	100.93170517683029
S1-897975128	S3-895598264		0.0	28.0	0.9312024712562561	0.0		False	True	False	1	100.93120247125626
S1-897975128	S3-768772995		0.0	29.0	0.9286192059516907	0.0		False	True	False	1	100.92861920595169
S1-704604312	S2-742077842	1.0	0.6624495387077332		0.0	0.0		True	False	False	1	100.66244953870773
S1-704604312	S2-317480348	2.0	0.6587917804718018		0.0	0.0		True	False	False	1	100.6587917804718
S1-704604312	S2-784442772	3.0	0.6366063952445984	1.0	0.9778653383255005	0.0		True	True	False	2	201.6144717335701
S1-704604312	S2-578788567	4.0	0.6275975704193115		0.0	0.0		True	False	False	1	100.62759757041931
S1-704604312	S2-485885002	5.0	0.6182041764259338		0.0	0.0		True	False	False	1	100.61820417642593
S1-704604312	S2-634571997	6.0	0.6012238264083862	8.0	0.9612257480621338	0.0		True	True	False	2	201.56244957447052
S1-704604312	S2-600460285	7.0	0.597365140914917		0.0	0.0		True	False	False	1	100.59736514091492
S1-704604312	S2-77137709	8.0	0.5940943956375122		0.0	0.0		True	False	False	1	100.59409439563751
S1-704604312	S2-875724478	9.0	0.5928438305854797		0.0	0.0		True	False	False	1	100.59284383058548
S1-704604312	S2-779040268	10.0	0.5850988626480103	5.0	0.965440034866333	0.0		True	True	False	2	201.55053889751434
S1-704604312	S2-229677112	11.0	0.5738381743431091		0.0	0.0		True	False	False	1	100.57383817434311
S1-704604312	S2-501534718	12.0	0.5719221830368042		0.0	0.0		True	False	False	1	100.5719221830368
S1-704604312	S2-210791875	13.0	0.5699363946914673	10.0	0.960861325263977	0.0		True	True	False	2	201.53079771995544
S1-704604312	S2-785042722	14.0	0.5686773657798767	13.0	0.9591115713119507	0.0		True	True	False	2	201.52778893709183
S1-704604312	S2-905827553	15.0	0.5677975416183472		0.0	0.0		True	False	False	1	100.56779754161835
S1-704604312	S2-434748052	16.0	0.5663412809371948		0.0	0.0		True	False	False	1	100.5663412809372
S1-704604312	S2-913930320	17.0	0.565069317817688		0.0	0.0		True	False	False	1	100.56506931781769
S1-704604312	S2-537184954	18.0	0.558046281337738		0.0	0.0		True	False	False	1	100.55804628133774
S1-704604312	S2-292567038	19.0	0.5575450658798218		0.0	0.0		True	False	False	1	100.55754506587982
S1-704604312	S2-591078525	20.0	0.554614782333374		0.0	0.0		True	False	False	1	100.55461478233337
S1-704604312	S2-956479781	21.0	0.5535085201263428		0.0	0.0		True	False	False	1	100.55350852012634
S1-704604312	S2-786671109	22.0	0.549767792224884		0.0	0.0		True	False	False	1	100.54976779222488
S1-704604312	S2-787861634	23.0	0.5442030429840088		0.0	0.0		True	False	False	1	100.54420304298401
S1-704604312	S2-576201028	24.0	0.5417318344116211	6.0	0.9635636806488037	0.0		True	True	False	2	201.50529551506042
S1-704604312	S2-891600450	25.0	0.5401965379714966		0.0	0.0		True	False	False	1	100.5401965379715
S1-704604312	S2-304177076	26.0	0.5394316911697388		0.0	0.0		True	False	False	1	100.53943169116974
S1-704604312	S2-910351373	27.0	0.5379843711853027	20.0	0.9545023441314697	0.0		True	True	False	2	201.49248671531677
S1-704604312	S2-223826524	28.0	0.5349111557006836	30.0	0.9470775127410889	0.0		True	True	False	2	201.48198866844177
S1-704604312	S2-550697952	29.0	0.5338935852050781	3.0	0.9676570892333984	0.0		True	True	False	2	201.50155067443848
S1-704604312	S2-357438552	30.0	0.5217515230178833		0.0	0.0		True	False	False	1	100.52175152301788
S1-704604312	S3-10300249	1.0	0.6295097470283508		0.0	0.0		True	False	False	1	100.62950974702835
S1-704604312	S3-323904182	2.0	0.6284068822860718		0.0	0.0		True	False	False	1	100.62840688228607
S1-704604312	S3-374810425	3.0	0.6190973520278931		0.0	0.0		True	False	False	1	100.6190973520279
S1-704604312	S3-536202929	4.0	0.6135005354881287	23.0	0.9488739371299744	0.0		True	True	False	2	201.5623744726181
S1-704604312	S3-867263634	5.0	0.6107975244522095		0.0	0.0		True	False	False	1	100.61079752445221
S1-704604312	S3-288440193	6.0	0.6054421663284302	18.0	0.9499024152755737	0.0		True	True	False	2	201.555344581604
S1-704604312	S3-170975522	7.0	0.6014333963394165	6.0	0.9562948346138	0.0		True	True	False	2	201.55772823095322
S1-704604312	S3-577972146	8.0	0.5951954126358032	2.0	0.9642804861068726	0.0		True	True	False	2	201.55947589874268
S1-704604312	S3-250324284	9.0	0.5926063060760498		0.0	0.0		True	False	False	1	100.59260630607605
S1-704604312	S3-961421742	10.0	0.590239405632019		0.0	0.0		True	False	False	1	100.59023940563202
S1-704604312	S3-580736465	11.0	0.586741030216217		0.0	0.0		True	False	False	1	100.58674103021622
S1-704604312	S3-895598264	12.0	0.5845236778259277	17.0	0.9502579569816589	0.0		True	True	False	2	201.5347816348076
S1-704604312	S3-219041197	13.0	0.5837147831916809		0.0	0.0		True	False	False	1	100.58371478319168
S1-704604312	S3-695502221	14.0	0.5773986577987671	27.0	0.9458502531051636	0.0		True	True	False	2	201.52324891090393
S1-704604312	S3-604980231	15.0	0.573357880115509		0.0	0.0		True	False	False	1	100.57335788011551
S1-704604312	S3-960416326	16.0	0.5682425498962402	21.0	0.9497328400611877	0.0		True	True	False	2	201.51797538995743
S1-704604312	S3-662721327	17.0	0.5675148367881775	16.0	0.9506832361221313	0.0		True	True	False	2	201.5181980729103
S1-704604312	S3-652287374	18.0	0.5643965005874634	9.0	0.9544488191604614	0.0		True	True	False	2	201.51884531974792
S1-704604312	S3-877919199	19.0	0.5640504956245422		0.0	0.0		True	False	False	1	100.56405049562454
S1-704604312	S3-191842349	20.0	0.5620917081832886		0.0	0.0		True	False	False	1	100.56209170818329
S1-704604312	S3-264170444	21.0	0.5616822838783264		0.0	0.0		True	False	False	1	100.56168228387833
S1-704604312	S3-289697426	22.0	0.5572009682655334		0.0	0.0		True	False	False	1	100.55720096826553
S1-704604312	S3-483958914	23.0	0.5567535758018494		0.0	0.0		True	False	False	1	100.55675357580185
S1-704604312	S3-115653125	24.0	0.5556119680404663		0.0	0.0		True	False	False	1	100.55561196804047
S1-704604312	S3-127741306	25.0	0.553564727306366		0.0	0.0		True	False	False	1	100.55356472730637
S1-704604312	S3-227725397	26.0	0.5521664619445801	11.0	0.9531853795051575	0.0		True	True	False	2	201.50535184144974
S1-704604312	S3-276427681	27.0	0.5494368076324463	1.0	0.9648855924606323	0.0		True	True	False	2	201.51432240009308
S1-704604312	S3-159233685	28.0	0.5489991307258606		0.0	0.0		True	False	False	1	100.54899913072586
S1-704604312	S3-125349995	29.0	0.5458813905715942		0.0	0.0		True	False	False	1	100.5458813905716
S1-704604312	S3-18976400	30.0	0.5448800921440125		0.0	0.0		True	False	False	1	100.54488009214401
S1-704604312	S2-934716922		0.0	2.0	0.9693238735198975	0.0		False	True	False	1	100.9693238735199
S1-704604312	S2-400190057		0.0	4.0	0.965650737285614	0.0		False	True	False	1	100.96565073728561
S1-704604312	S2-258890831		0.0	7.0	0.9613670706748962	0.0		False	True	False	1	100.9613670706749
S1-704604312	S2-583840796		0.0	9.0	0.9609981179237366	0.0		False	True	False	1	100.96099811792374
S1-704604312	S2-767997013		0.0	11.0	0.959948718547821	0.0		False	True	False	1	100.95994871854782
S1-704604312	S2-592412285		0.0	12.0	0.9593066573143005	0.0		False	True	False	1	100.9593066573143
S1-704604312	S2-809665812		0.0	14.0	0.9584349393844604	0.0		False	True	False	1	100.95843493938446
S1-704604312	S2-933865098		0.0	15.0	0.9571845531463623	0.0		False	True	False	1	100.95718455314636
S1-704604312	S2-744098365		0.0	16.0	0.9570481181144714	0.0		False	True	False	1	100.95704811811447
S1-704604312	S2-412565852		0.0	17.0	0.9561974406242371	0.0		False	True	False	1	100.95619744062424
S1-704604312	S2-119647643		0.0	18.0	0.9552822709083557	0.0		False	True	False	1	100.95528227090836
S1-704604312	S2-378846408		0.0	19.0	0.9549594521522522	0.0		False	True	False	1	100.95495945215225
S1-704604312	S2-715460557		0.0	21.0	0.9544433355331421	0.0		False	True	False	1	100.95444333553314
S1-704604312	S2-594115095		0.0	22.0	0.953304648399353	0.0		False	True	False	1	100.95330464839935
S1-704604312	S2-638268338		0.0	23.0	0.9517314434051514	0.0		False	True	False	1	100.95173144340515
S1-704604312	S2-375151053		0.0	24.0	0.9515677690505981	0.0		False	True	False	1	100.9515677690506
S1-704604312	S2-647447093		0.0	25.0	0.950613796710968	0.0		False	True	False	1	100.95061379671097
S1-704604312	S2-193013091		0.0	26.0	0.949679970741272	0.0		False	True	False	1	100.94967997074127
S1-704604312	S2-530685908		0.0	27.0	0.9492380619049072	0.0		False	True	False	1	100.94923806190491
S1-704604312	S2-578484139		0.0	28.0	0.9490995407104492	0.0		False	True	False	1	100.94909954071045
S1-704604312	S2-823489243		0.0	29.0	0.9489012956619263	0.0		False	True	False	1	100.94890129566193
S1-704604312	S3-760959067		0.0	3.0	0.9640395641326904	0.0		False	True	False	1	100.96403956413269
S1-704604312	S3-610536355		0.0	4.0	0.9575188159942627	0.0		False	True	False	1	100.95751881599426
S1-704604312	S3-797381132		0.0	5.0	0.9569064378738403	0.0		False	True	False	1	100.95690643787384
S1-704604312	S3-265204232		0.0	7.0	0.955795407295227	0.0		False	True	False	1	100.95579540729523
S1-704604312	S3-526709055		0.0	8.0	0.9551529288291931	0.0		False	True	False	1	100.9551529288292
S1-704604312	S3-367901084		0.0	10.0	0.9537062644958496	0.0		False	True	False	1	100.95370626449585
S1-704604312	S3-768772995		0.0	12.0	0.9528949856758118	0.0		False	True	False	1	100.95289498567581
S1-704604312	S3-668629842		0.0	13.0	0.9523654580116272	0.0		False	True	False	1	100.95236545801163
S1-704604312	S3-221443476		0.0	14.0	0.9523558020591736	0.0		False	True	False	1	100.95235580205917
S1-704604312	S3-573605691		0.0	15.0	0.9521360397338867	0.0		False	True	False	1	100.95213603973389
S1-704604312	S3-819001322		0.0	19.0	0.949779212474823	0.0		False	True	False	1	100.94977921247482
S1-704604312	S3-185659081		0.0	20.0	0.9497604370117188	0.0		False	True	False	1	100.94976043701172
S1-704604312	S3-389830698		0.0	22.0	0.9497280716896057	0.0		False	True	False	1	100.9497280716896
S1-704604312	S3-380741339		0.0	24.0	0.9483327865600586	0.0		False	True	False	1	100.94833278656006
S1-704604312	S3-468731115		0.0	25.0	0.9466551542282104	0.0		False	True	False	1	100.94665515422821
S1-704604312	S3-98186645		0.0	26.0	0.9464186429977417	0.0		False	True	False	1	100.94641864299774
S1-704604312	S3-150632472		0.0	28.0	0.9433517456054688	0.0		False	True	False	1	100.94335174560547
S1-704604312	S3-173398261		0.0	29.0	0.9431078433990479	0.0		False	True	False	1	100.94310784339905
S1-704604312	S3-482581656		0.0	30.0	0.9428516030311584	0.0		False	True	False	1	100.94285160303116
S1-628750886	S2-566025912	1.0	0.6294659376144409	7.0	0.9620686769485474	0.0		True	True	False	2	201.591534614563
S1-628750886	S2-800542765	2.0	0.6198803186416626	4.0	0.9628372192382812	0.0		True	True	False	2	201.58271753787994
S1-628750886	S2-742018880	3.0	0.5359534621238708		0.0	0.0		True	False	False	1	100.53595346212387
S1-628750886	S2-647447093	4.0	0.5252212285995483	10.0	0.9501675963401794	0.0		True	True	False	2	201.47538882493973
S1-628750886	S2-158121477	5.0	0.5230552554130554	9.0	0.9536311626434326	0.0		True	True	False	2	201.4766864180565
S1-628750886	S2-170244057	6.0	0.5182074308395386	8.0	0.9566992521286011	0.0		True	True	False	2	201.47490668296814
S1-628750886	S2-262646344	7.0	0.5059614181518555	15.0	0.9425767660140991	0.0		True	True	False	2	201.44853818416595
S1-628750886	S2-112287031	8.0	0.49399951100349426	1.0	0.970119833946228	0.0		True	True	False	2	201.46411934494972
S1-628750886	S2-459485143	9.0	0.4929195046424866	25.0	0.9289186000823975	0.0		True	True	False	2	201.42183810472488
S1-628750886	S2-878037834	10.0	0.4608381986618042	12.0	0.9482744932174683	0.0		True	True	False	2	201.40911269187927
S1-628750886	S2-933724724	11.0	0.4574642777442932	22.0	0.9345327019691467	0.0		True	True	False	2	201.39199697971344
S1-628750886	S2-770341988	12.0	0.4554658830165863	6.0	0.9622892141342163	0.0		True	True	False	2	201.4177550971508
S1-628750886	S2-160823657	13.0	0.43539321422576904	5.0	0.9625451564788818	0.0		True	True	False	2	201.39793837070465
S1-628750886	S2-575142052	14.0	0.4276103675365448	3.0	0.9633874893188477	0.0		True	True	False	2	201.3909978568554
S1-628750886	S2-229677112	15.0	0.39042937755584717		0.0	0.0		True	False	False	1	100.39042937755585
S1-628750886	S2-785042722	16.0	0.36659789085388184		0.0	0.0		True	False	False	1	100.36659789085388
S1-628750886	S2-767997013	17.0	0.3569639325141907		0.0	0.0		True	False	False	1	100.35696393251419
S1-628750886	S2-913930320	18.0	0.3531993627548218		0.0	0.0		True	False	False	1	100.35319936275482
S1-628750886	S2-305637735	19.0	0.33902496099472046		0.0	0.0		True	False	False	1	100.33902496099472
S1-628750886	S2-108012128	20.0	0.33629557490348816	2.0	0.9662784337997437	0.0		True	True	False	2	201.30257400870323
S1-628750886	S2-600460285	21.0	0.3121625781059265		0.0	0.0		True	False	False	1	100.31216257810593
S1-628750886	S2-449438476	22.0	0.31032103300094604		0.0	0.0		True	False	False	1	100.31032103300095
S1-628750886	S2-317480348	23.0	0.3088703155517578		0.0	0.0		True	False	False	1	100.30887031555176
S1-628750886	S2-742077842	24.0	0.3053538203239441		0.0	0.0		True	False	False	1	100.30535382032394
S1-628750886	S2-779040268	25.0	0.30149510502815247		0.0	0.0		True	False	False	1	100.30149510502815
S1-628750886	S2-37424835	26.0	0.3013021647930145		0.0	0.0		True	False	False	1	100.30130216479301
S1-628750886	S2-292567038	27.0	0.2998772859573364		0.0	0.0		True	False	False	1	100.29987728595734
S1-628750886	S2-638268338	28.0	0.2993912696838379		0.0	0.0		True	False	False	1	100.29939126968384
S1-628750886	S2-77137709	29.0	0.29928961396217346		0.0	0.0		True	False	False	1	100.29928961396217
S1-628750886	S2-787861634	30.0	0.2984524071216583		0.0	0.0		True	False	False	1	100.29845240712166
S1-628750886	S3-556228627	1.0	0.6710749864578247	3.0	0.9696932435035706	0.0		True	True	False	2	201.6407682299614
S1-628750886	S3-543902884	2.0	0.6236135363578796	4.0	0.9681851267814636	0.0		True	True	False	2	201.59179866313934
S1-628750886	S3-712130770	3.0	0.5505903959274292	10.0	0.9480471611022949	0.0		True	True	False	2	201.49863755702972
S1-628750886	S3-305215419	4.0	0.5286073684692383	11.0	0.9441311359405518	0.0		True	True	False	2	201.4727385044098
S1-628750886	S3-198586129	5.0	0.49805375933647156	25.0	0.9247232675552368	0.0		True	True	False	2	201.4227770268917
S1-628750886	S3-971111671	6.0	0.494848370552063	9.0	0.9485530853271484	0.0		True	True	False	2	201.4434014558792
S1-628750886	S3-715117209	7.0	0.4841514229774475	1.0	0.9743243455886841	0.0		True	True	False	2	201.45847576856613
S1-628750886	S3-934627663	8.0	0.4830629825592041		0.0	0.0		True	False	False	1	100.4830629825592
S1-628750886	S3-22321512	9.0	0.4815512001514435	6.0	0.9573248624801636	0.0		True	True	False	2	201.4388760626316
S1-628750886	S3-64079929	10.0	0.4793015718460083	5.0	0.9634379148483276	0.0		True	True	False	2	201.44273948669434
S1-628750886	S3-643284918	11.0	0.47008267045021057		0.0	0.0		True	False	False	1	100.47008267045021
S1-628750886	S3-200532536	12.0	0.4659629762172699	13.0	0.9364092946052551	0.0		True	True	False	2	201.40237227082253
S1-628750886	S3-92755938	13.0	0.44209980964660645	2.0	0.9700934886932373	0.0		True	True	False	2	201.41219329833984
S1-628750886	S3-250324284	14.0	0.4129587411880493		0.0	0.0		True	False	False	1	100.41295874118805
S1-628750886	S3-580736465	15.0	0.4086686968803406		0.0	0.0		True	False	False	1	100.40866869688034
S1-628750886	S3-73958887	16.0	0.3977748155593872		0.0	0.0		True	False	False	1	100.39777481555939
S1-628750886	S3-203608044	17.0	0.3905820846557617	12.0	0.9426790475845337	0.0		True	True	False	2	201.3332611322403
S1-628750886	S3-1062100	18.0	0.38477182388305664	8.0	0.9490559101104736	0.0		True	True	False	2	201.33382773399353
S1-628750886	S3-191842349	19.0	0.37812644243240356		0.0	0.0		True	False	False	1	100.3781264424324
S1-628750886	S3-227725397	20.0	0.3769911527633667	20.0	0.9274855256080627	0.0		True	True	False	2	201.30447667837143
S1-628750886	S3-289567021	21.0	0.37201160192489624	18.0	0.9275515079498291	0.0		True	True	False	2	201.29956310987473
S1-628750886	S3-464265492	22.0	0.36647921800613403		0.0	0.0		True	False	False	1	100.36647921800613
S1-628750886	S3-825495383	23.0	0.3617097735404968		0.0	0.0		True	False	False	1	100.3617097735405
S1-628750886	S3-536202929	24.0	0.3596888780593872	27.0	0.9223731756210327	0.0		True	True	False	2	201.28206205368042
S1-628750886	S3-604980231	25.0	0.35532259941101074		0.0	0.0		True	False	False	1	100.35532259941101
S1-628750886	S3-577972146	26.0	0.34960228204727173	15.0	0.9314243793487549	0.0		True	True	False	2	201.28102666139603
S1-628750886	S3-819001322	27.0	0.3365187346935272		0.0	0.0		True	False	False	1	100.33651873469353
S1-628750886	S3-115653125	28.0	0.3359491229057312		0.0	0.0		True	False	False	1	100.33594912290573
S1-628750886	S3-218566871	29.0	0.33520734310150146		0.0	0.0		True	False	False	1	100.3352073431015
S1-628750886	S3-960416326	30.0	0.3270189166069031		0.0	0.0		True	False	False	1	100.3270189166069
S1-628750886	S2-550697952		0.0	11.0	0.9499989748001099	0.0		False	True	False	1	100.94999897480011
S1-628750886	S2-583840796		0.0	13.0	0.9481080770492554	0.0		False	True	False	1	100.94810807704926
S1-628750886	S2-416136682		0.0	14.0	0.9426639080047607	0.0		False	True	False	1	100.94266390800476
S1-628750886	S2-476476786		0.0	16.0	0.9423807263374329	0.0		False	True	False	1	100.94238072633743
S1-628750886	S2-715460557		0.0	17.0	0.941496729850769	0.0		False	True	False	1	100.94149672985077
S1-628750886	S2-559669701		0.0	18.0	0.9386759996414185	0.0		False	True	False	1	100.93867599964142
S1-628750886	S2-440948455		0.0	19.0	0.9375209808349609	0.0		False	True	False	1	100.93752098083496
S1-628750886	S2-594115095		0.0	20.0	0.935105562210083	0.0		False	True	False	1	100.93510556221008
S1-628750886	S2-592412285		0.0	21.0	0.9350687265396118	0.0		False	True	False	1	100.93506872653961
S1-628750886	S2-809665812		0.0	23.0	0.9335290193557739	0.0		False	True	False	1	100.93352901935577
S1-628750886	S2-744098365		0.0	24.0	0.9308659434318542	0.0		False	True	False	1	100.93086594343185
S1-628750886	S2-726058757		0.0	26.0	0.9280747771263123	0.0		False	True	False	1	100.92807477712631
S1-628750886	S2-884102769		0.0	27.0	0.9256283640861511	0.0		False	True	False	1	100.92562836408615
S1-628750886	S2-495604525		0.0	28.0	0.9244474768638611	0.0		False	True	False	1	100.92444747686386
S1-628750886	S2-340420883		0.0	29.0	0.9243083596229553	0.0		False	True	False	1	100.92430835962296
S1-628750886	S2-375151053		0.0	30.0	0.9224224090576172	0.0		False	True	False	1	100.92242240905762
S1-628750886	S3-835032939		0.0	7.0	0.9560525417327881	0.0		False	True	False	1	100.95605254173279
S1-628750886	S3-668629842		0.0	14.0	0.9329714179039001	0.0		False	True	False	1	100.9329714179039
S1-628750886	S3-221443476		0.0	16.0	0.9288641214370728	0.0		False	True	False	1	100.92886412143707
S1-628750886	S3-482581656		0.0	17.0	0.9286972284317017	0.0		False	True	False	1	100.9286972284317
S1-628750886	S3-340374288		0.0	19.0	0.9275274276733398	0.0		False	True	False	1	100.92752742767334
S1-628750886	S3-760959067		0.0	21.0	0.9267288446426392	0.0		False	True	False	1	100.92672884464264
S1-628750886	S3-380741339		0.0	22.0	0.9261268973350525	0.0		False	True	False	1	100.92612689733505
S1-628750886	S3-416247723		0.0	23.0	0.9254475831985474	0.0		False	True	False	1	100.92544758319855
S1-628750886	S3-526709055		0.0	24.0	0.9253290295600891	0.0		False	True	False	1	100.92532902956009
S1-628750886	S3-652287374		0.0	26.0	0.9223846197128296	0.0		False	True	False	1	100.92238461971283
S1-628750886	S3-185659081		0.0	28.0	0.9204472899436951	0.0		False	True	False	1	100.9204472899437
S1-628750886	S3-469272577		0.0	29.0	0.9161373376846313	0.0		False	True	False	1	100.91613733768463
S1-628750886	S3-389830698		0.0	30.0	0.9143819808959961	0.0		False	True	False	1	100.914381980896
S1-714038427	S2-495604525	1.0	0.5165795683860779	14.0	0.9279253482818604	0.0		True	True	False	2	201.44450491666794
S1-714038427	S2-193013091	2.0	0.5142840147018433	19.0	0.9172003865242004	0.0		True	True	False	2	201.43148440122604
S1-714038427	S2-210791875	3.0	0.513275146484375	17.0	0.919838547706604	0.0		True	True	False	2	201.43311369419098
S1-714038427	S2-223826524	4.0	0.5025815963745117		0.0	0.0		True	False	False	1	100.50258159637451
S1-714038427	S2-84473557	5.0	0.4932153522968292	27.0	0.9108807444572449	0.0		True	True	False	2	201.40409609675407
S1-714038427	S2-485885002	6.0	0.48613542318344116		0.0	0.0		True	False	False	1	100.48613542318344
S1-714038427	S2-787861634	7.0	0.48519039154052734		0.0	0.0		True	False	False	1	100.48519039154053
S1-714038427	S2-956479781	8.0	0.48017647862434387		0.0	0.0		True	False	False	1	100.48017647862434
S1-714038427	S2-786671109	9.0	0.47649410367012024		0.0	0.0		True	False	False	1	100.47649410367012
S1-714038427	S2-292567038	10.0	0.4742864668369293		0.0	0.0		True	False	False	1	100.47428646683693
S1-714038427	S2-119647643	11.0	0.46898216009140015	22.0	0.9141921997070312	0.0		True	True	False	2	201.38317435979843
S1-714038427	S2-375151053	12.0	0.45676523447036743	7.0	0.9389397501945496	0.0		True	True	False	2	201.39570498466492
S1-714038427	S2-744098365	13.0	0.45665115118026733	10.0	0.9361056089401245	0.0		True	True	False	2	201.3927567601204
S1-714038427	S2-578484139	14.0	0.45403796434402466		0.0	0.0		True	False	False	1	100.45403796434402
S1-714038427	S2-742077842	15.0	0.4530324339866638		0.0	0.0		True	False	False	1	100.45303243398666
S1-714038427	S2-559669701	16.0	0.4503200054168701	9.0	0.9372209906578064	0.0		True	True	False	2	201.38754099607468
S1-714038427	S2-784442772	17.0	0.44747453927993774		0.0	0.0		True	False	False	1	100.44747453927994
S1-714038427	S2-229677112	18.0	0.44245821237564087		0.0	0.0		True	False	False	1	100.44245821237564
S1-714038427	S2-258890831	19.0	0.440264493227005		0.0	0.0		True	False	False	1	100.440264493227
S1-714038427	S2-591078525	20.0	0.43470850586891174		0.0	0.0		True	False	False	1	100.43470850586891
S1-714038427	S2-412565852	21.0	0.42872893810272217		0.0	0.0		True	False	False	1	100.42872893810272
S1-714038427	S2-729157829	22.0	0.42647385597229004	2.0	0.9549835324287415	0.0		True	True	False	2	201.38145738840103
S1-714038427	S2-583840796	23.0	0.42493176460266113	11.0	0.9334825277328491	0.0		True	True	False	2	201.3584142923355
S1-714038427	S2-560710588	24.0	0.4232557415962219		0.0	0.0		True	False	False	1	100.42325574159622
S1-714038427	S2-913930320	25.0	0.4229525327682495		0.0	0.0		True	False	False	1	100.42295253276825
S1-714038427	S2-476476786	26.0	0.42070329189300537	6.0	0.9429338574409485	0.0		True	True	False	2	201.36363714933395
S1-714038427	S2-378846408	27.0	0.41725701093673706	20.0	0.9170788526535034	0.0		True	True	False	2	201.33433586359024
S1-714038427	S2-222871632	28.0	0.41693806648254395	1.0	0.9572170972824097	0.0		True	True	False	2	201.37415516376495
S1-714038427	S2-504393659	29.0	0.4148956537246704		0.0	0.0		True	False	False	1	100.41489565372467
S1-714038427	S2-501534718	30.0	0.41446536779403687		0.0	0.0		True	False	False	1	100.41446536779404
S1-714038427	S3-185659081	1.0	0.756469190120697	2.0	0.9428229331970215	0.0		True	True	False	2	201.69929212331772
S1-714038427	S3-521783865	2.0	0.5418148040771484	8.0	0.9340333938598633	0.0		True	True	False	2	201.475848197937
S1-714038427	S3-265204232	3.0	0.5336011648178101	26.0	0.9033247828483582	0.0		True	True	False	2	201.43692594766617
S1-714038427	S3-469272577	4.0	0.5131937861442566	1.0	0.9477663040161133	0.0		True	True	False	2	201.46096009016037
S1-714038427	S3-159233685	5.0	0.46895211935043335		0.0	0.0		True	False	False	1	100.46895211935043
S1-714038427	S3-573605691	6.0	0.4671470522880554	29.0	0.9020155668258667	0.0		True	True	False	2	201.36916261911392
S1-714038427	S3-662721327	7.0	0.46583548188209534		0.0	0.0		True	False	False	1	100.4658354818821
S1-714038427	S3-380741339	8.0	0.4561502933502197	10.0	0.9309629797935486	0.0		True	True	False	2	201.38711327314377
S1-714038427	S3-10300249	9.0	0.4550287127494812		0.0	0.0		True	False	False	1	100.45502871274948
S1-714038427	S3-611681699	10.0	0.4534223973751068		0.0	0.0		True	False	False	1	100.4534223973751
S1-714038427	S3-536202929	11.0	0.4529525339603424		0.0	0.0		True	False	False	1	100.45295253396034
S1-714038427	S3-760959067	12.0	0.4499930143356323	11.0	0.9282047748565674	0.0		True	True	False	2	201.3781977891922
S1-714038427	S3-389830698	13.0	0.4461131989955902		0.0	0.0		True	False	False	1	100.44611319899559
S1-714038427	S3-184174096	14.0	0.443769633769989	19.0	0.916894793510437	0.0		True	True	False	2	201.36066442728043
S1-714038427	S3-170975522	15.0	0.4436708390712738		0.0	0.0		True	False	False	1	100.44367083907127
S1-714038427	S3-288440193	16.0	0.4378320574760437		0.0	0.0		True	False	False	1	100.43783205747604
S1-714038427	S3-227725397	17.0	0.4351508617401123	18.0	0.9185135364532471	0.0		True	True	False	2	201.35366439819336
S1-714038427	S3-695502221	18.0	0.432411789894104		0.0	0.0		True	False	False	1	100.4324117898941
S1-714038427	S3-604980231	19.0	0.4312030076980591		0.0	0.0		True	False	False	1	100.43120300769806
S1-714038427	S3-18976400	20.0	0.4308866262435913		0.0	0.0		True	False	False	1	100.43088662624359
S1-714038427	S3-797381132	21.0	0.4198896586894989	30.0	0.9006943702697754	0.0		True	True	False	2	201.32058402895927
S1-714038427	S3-191842349	22.0	0.41952529549598694		0.0	0.0		True	False	False	1	100.41952529549599
S1-714038427	S3-367901084	23.0	0.418087363243103	17.0	0.9185278415679932	0.0		True	True	False	2	201.3366152048111
S1-714038427	S3-464265492	24.0	0.4156588912010193		0.0	0.0		True	False	False	1	100.41565889120102
S1-714038427	S3-98186645	25.0	0.4153428375720978		0.0	0.0		True	False	False	1	100.4153428375721
S1-714038427	S3-115653125	26.0	0.4123576283454895		0.0	0.0		True	False	False	1	100.41235762834549
S1-714038427	S3-652287374	27.0	0.410525381565094	13.0	0.9225033521652222	0.0		True	True	False	2	201.33302873373032
S1-714038427	S3-219844340	28.0	0.4089133143424988		0.0	0.0		True	False	False	1	100.4089133143425
S1-714038427	S3-436480804	29.0	0.40044495463371277		0.0	0.0		True	False	False	1	100.40044495463371
S1-714038427	S3-127741306	30.0	0.40043699741363525		0.0	0.0		True	False	False	1	100.40043699741364
S1-714038427	S2-809665812		0.0	3.0	0.9511653184890747	0.0		False	True	False	1	100.95116531848907
S1-714038427	S2-440948455		0.0	4.0	0.9445125460624695	0.0		False	True	False	1	100.94451254606247
S1-714038427	S2-340420883		0.0	5.0	0.944252610206604	0.0		False	True	False	1	100.9442526102066
S1-714038427	S2-715460557		0.0	8.0	0.9380163550376892	0.0		False	True	False	1	100.93801635503769
S1-714038427	S2-884102769		0.0	12.0	0.9322620630264282	0.0		False	True	False	1	100.93226206302643
S1-714038427	S2-400190057		0.0	13.0	0.929453432559967	0.0		False	True	False	1	100.92945343255997
S1-714038427	S2-823489243		0.0	15.0	0.9272772073745728	0.0		False	True	False	1	100.92727720737457
S1-714038427	S2-89663826		0.0	16.0	0.9212239980697632	0.0		False	True	False	1	100.92122399806976
S1-714038427	S2-37424835		0.0	18.0	0.9188244938850403	0.0		False	True	False	1	100.91882449388504
S1-714038427	S2-160823657		0.0	21.0	0.914657473564148	0.0		False	True	False	1	100.91465747356415
S1-714038427	S2-434748052		0.0	23.0	0.9137572050094604	0.0		False	True	False	1	100.91375720500946
S1-714038427	S2-594115095		0.0	24.0	0.9120873808860779	0.0		False	True	False	1	100.91208738088608
S1-714038427	S2-550697952		0.0	25.0	0.9113478660583496	0.0		False	True	False	1	100.91134786605835
S1-714038427	S2-634571997		0.0	26.0	0.9112290143966675	0.0		False	True	False	1	100.91122901439667
S1-714038427	S2-268861424		0.0	28.0	0.9107508659362793	0.0		False	True	False	1	100.91075086593628
S1-714038427	S2-449438476		0.0	29.0	0.9071130752563477	0.0		False	True	False	1	100.90711307525635
S1-714038427	S2-170244057		0.0	30.0	0.9070789217948914	0.0		False	True	False	1	100.90707892179489
S1-714038427	S3-340374288		0.0	3.0	0.9409259557723999	0.0		False	True	False	1	100.9409259557724
S1-714038427	S3-289567021		0.0	4.0	0.9405571222305298	0.0		False	True	False	1	100.94055712223053
S1-714038427	S3-668629842		0.0	5.0	0.9388703107833862	0.0		False	True	False	1	100.93887031078339
S1-714038427	S3-22088661		0.0	6.0	0.9354089498519897	0.0		False	True	False	1	100.93540894985199
S1-714038427	S3-221443476		0.0	7.0	0.9346544146537781	0.0		False	True	False	1	100.93465441465378
S1-714038427	S3-416247723		0.0	9.0	0.9338369369506836	0.0		False	True	False	1	100.93383693695068
S1-714038427	S3-150632472		0.0	12.0	0.9235080480575562	0.0		False	True	False	1	100.92350804805756
S1-714038427	S3-75604340		0.0	14.0	0.9200403690338135	0.0		False	True	False	1	100.92004036903381
S1-714038427	S3-835032939		0.0	15.0	0.9199845790863037	0.0		False	True	False	1	100.9199845790863
S1-714038427	S3-995796854		0.0	16.0	0.919457197189331	0.0		False	True	False	1	100.91945719718933
S1-714038427	S3-797337828		0.0	20.0	0.9154301881790161	0.0		False	True	False	1	100.91543018817902
S1-714038427	S3-526709055		0.0	21.0	0.9093601107597351	0.0		False	True	False	1	100.90936011075974
S1-714038427	S3-610536355		0.0	22.0	0.909048318862915	0.0		False	True	False	1	100.90904831886292
S1-714038427	S3-200532536		0.0	23.0	0.9072797298431396	0.0		False	True	False	1	100.90727972984314
S1-714038427	S3-768772995		0.0	24.0	0.9068344831466675	0.0		False	True	False	1	100.90683448314667
S1-714038427	S3-92755938		0.0	25.0	0.9050464034080505	0.0		False	True	False	1	100.90504640340805
S1-714038427	S3-715117209		0.0	27.0	0.9030545949935913	0.0		False	True	False	1	100.90305459499359
S1-714038427	S3-64079929		0.0	28.0	0.9028264880180359	0.0		False	True	False	1	100.90282648801804
S1-426194890	S2-578484139	1.0	0.5198481678962708	24.0	0.9503645300865173	0.0		True	True	False	2	201.4702126979828
S1-426194890	S2-37424835	2.0	0.4853808581829071	30.0	0.9473633766174316	0.0		True	True	False	2	201.43274423480034
S1-426194890	S2-560710588	3.0	0.4775465726852417		0.0	0.0		True	False	False	1	100.47754657268524
S1-426194890	S2-729157829	4.0	0.4708084166049957	27.0	0.9482896327972412	0.0		True	True	False	2	201.41909804940224
S1-426194890	S2-229677112	5.0	0.46972596645355225		0.0	0.0		True	False	False	1	100.46972596645355
S1-426194890	S2-449438476	6.0	0.46970734000205994	9.0	0.967273473739624	0.0		True	True	False	2	201.43698081374168
S1-426194890	S2-956479781	7.0	0.46831172704696655		0.0	0.0		True	False	False	1	100.46831172704697
S1-426194890	S2-193013091	8.0	0.4623671770095825	21.0	0.9518057107925415	0.0		True	True	False	2	201.41417288780212
S1-426194890	S2-119647643	9.0	0.448186993598938	4.0	0.9697129130363464	0.0		True	True	False	2	201.41789990663528
S1-426194890	S2-222871632	10.0	0.4430179297924042		0.0	0.0		True	False	False	1	100.4430179297924
S1-426194890	S2-726058757	11.0	0.43707823753356934	25.0	0.9492588639259338	0.0		True	True	False	2	201.3863371014595
S1-426194890	S2-434748052	12.0	0.43624305725097656		0.0	0.0		True	False	False	1	100.43624305725098
S1-426194890	S2-378846408	13.0	0.4359953999519348	15.0	0.9621914625167847	0.0		True	True	False	2	201.39818686246872
S1-426194890	S2-715460557	14.0	0.4337945580482483	19.0	0.9550939798355103	0.0		True	True	False	2	201.38888853788376
S1-426194890	S2-559669701	15.0	0.4336143732070923		0.0	0.0		True	False	False	1	100.43361437320709
S1-426194890	S2-89663826	16.0	0.4310452342033386	11.0	0.9672425985336304	0.0		True	True	False	2	201.39828783273697
S1-426194890	S2-84473557	17.0	0.4281389117240906	26.0	0.9483835697174072	0.0		True	True	False	2	201.3765224814415
S1-426194890	S2-375151053	18.0	0.4280267357826233	10.0	0.9672682285308838	0.0		True	True	False	2	201.3952949643135
S1-426194890	S2-77137709	19.0	0.42570677399635315		0.0	0.0		True	False	False	1	100.42570677399635
S1-426194890	S2-412565852	20.0	0.42202335596084595	5.0	0.9688189029693604	0.0		True	True	False	2	201.3908422589302
S1-426194890	S2-210791875	21.0	0.4177559018135071		0.0	0.0		True	False	False	1	100.4177559018135
S1-426194890	S2-583840796	22.0	0.41054633259773254	7.0	0.9685992002487183	0.0		True	True	False	2	201.37914553284645
S1-426194890	S2-268861424	23.0	0.4051778316497803		0.0	0.0		True	False	False	1	100.40517783164978
S1-426194890	S2-463756409	24.0	0.40071773529052734		0.0	0.0		True	False	False	1	100.40071773529053
S1-426194890	S2-504393659	25.0	0.39740172028541565		0.0	0.0		True	False	False	1	100.39740172028542
S1-426194890	S2-17102176	26.0	0.3857548236846924		0.0	0.0		True	False	False	1	100.38575482368469
S1-426194890	S2-933865098	27.0	0.38483864068984985	12.0	0.9642898440361023	0.0		True	True	False	2	201.34912848472595
S1-426194890	S2-416136682	28.0	0.38418400287628174	29.0	0.9473641514778137	0.0		True	True	False	2	201.3315481543541
S1-426194890	S2-550697952	29.0	0.3823082447052002	23.0	0.9505882263183594	0.0		True	True	False	2	201.33289647102356
S1-426194890	S2-786671109	30.0	0.38132938742637634		0.0	0.0		True	False	False	1	100.38132938742638
S1-426194890	S3-367901084	1.0	0.5719541311264038	11.0	0.9632128477096558	0.0		True	True	False	2	201.53516697883606
S1-426194890	S3-521783865	2.0	0.5094887614250183	18.0	0.9558407068252563	0.0		True	True	False	2	201.46532946825027
S1-426194890	S3-380741339	3.0	0.4746561050415039	1.0	0.976570725440979	0.0		True	True	False	2	201.45122683048248
S1-426194890	S3-768772995	4.0	0.4744736850261688	12.0	0.9610363245010376	0.0		True	True	False	2	201.4355100095272
S1-426194890	S3-464265492	5.0	0.47348350286483765		0.0	0.0		True	False	False	1	100.47348350286484
S1-426194890	S3-995796854	6.0	0.4699409008026123	5.0	0.9672493934631348	0.0		True	True	False	2	201.43719029426575
S1-426194890	S3-185659081	7.0	0.45242220163345337	4.0	0.9673612117767334	0.0		True	True	False	2	201.4197834134102
S1-426194890	S3-573605691	8.0	0.4434818625450134	8.0	0.966410219669342	0.0		True	True	False	2	201.40989208221436
S1-426194890	S3-668629842	9.0	0.42899736762046814	9.0	0.9660798907279968	0.0		True	True	False	2	201.39507725834846
S1-426194890	S3-191842349	10.0	0.42557424306869507		0.0	0.0		True	False	False	1	100.4255742430687
S1-426194890	S3-825495383	11.0	0.4247247576713562		0.0	0.0		True	False	False	1	100.42472475767136
S1-426194890	S3-604980231	12.0	0.4216723144054413		0.0	0.0		True	False	False	1	100.42167231440544
S1-426194890	S3-265204232	13.0	0.4176540672779083	2.0	0.9727288484573364	0.0		True	True	False	2	201.39038291573524
S1-426194890	S3-652287374	14.0	0.4156821370124817	27.0	0.9397045969963074	0.0		True	True	False	2	201.3553867340088
S1-426194890	S3-184174096	15.0	0.41567784547805786	17.0	0.9561581611633301	0.0		True	True	False	2	201.3718360066414
S1-426194890	S3-159233685	16.0	0.4144185781478882		0.0	0.0		True	False	False	1	100.41441857814789
S1-426194890	S3-577972146	17.0	0.41320592164993286	19.0	0.9543207883834839	0.0		True	True	False	2	201.36752671003342
S1-426194890	S3-468731115	18.0	0.410856693983078	20.0	0.9532050490379333	0.0		True	True	False	2	201.364061743021
S1-426194890	S3-125349995	19.0	0.4040641188621521		0.0	0.0		True	False	False	1	100.40406411886215
S1-426194890	S3-221443476	20.0	0.401868999004364	16.0	0.9579805731773376	0.0		True	True	False	2	201.3598495721817
S1-426194890	S3-98186645	21.0	0.40142822265625		0.0	0.0		True	False	False	1	100.40142822265625
S1-426194890	S3-10300249	22.0	0.39700552821159363		0.0	0.0		True	False	False	1	100.3970055282116
S1-426194890	S3-937140604	23.0	0.39526209235191345	23.0	0.948160707950592	0.0		True	True	False	2	201.3434228003025
S1-426194890	S3-389830698	24.0	0.39340972900390625	13.0	0.9603790044784546	0.0		True	True	False	2	201.35378873348236
S1-426194890	S3-695502221	25.0	0.3866308927536011		0.0	0.0		True	False	False	1	100.3866308927536
S1-426194890	S3-22088661	26.0	0.386112242937088	6.0	0.9665133357048035	0.0		True	True	False	2	201.3526255786419
S1-426194890	S3-760959067	27.0	0.38434386253356934	3.0	0.9709793329238892	0.0		True	True	False	2	201.35532319545746
S1-426194890	S3-961421742	28.0	0.38195955753326416		0.0	0.0		True	False	False	1	100.38195955753326
S1-426194890	S3-895598264	29.0	0.3817897439002991		0.0	0.0		True	False	False	1	100.3817897439003
S1-426194890	S3-289567021	30.0	0.3774944543838501	10.0	0.9646549224853516	0.0		True	True	False	2	201.3421493768692
S1-426194890	S2-823489243		0.0	1.0	0.9783762097358704	0.0		False	True	False	1	100.97837620973587
S1-426194890	S2-400190057		0.0	2.0	0.9743605256080627	0.0		False	True	False	1	100.97436052560806
S1-426194890	S2-258890831		0.0	3.0	0.9723111987113953	0.0		False	True	False	1	100.9723111987114
S1-426194890	S2-809665812		0.0	6.0	0.9687695503234863	0.0		False	True	False	1	100.96876955032349
S1-426194890	S2-744098365		0.0	8.0	0.9677795171737671	0.0		False	True	False	1	100.96777951717377
S1-426194890	S2-784442772		0.0	13.0	0.9623940587043762	0.0		False	True	False	1	100.96239405870438
S1-426194890	S2-884102769		0.0	14.0	0.9623734951019287	0.0		False	True	False	1	100.96237349510193
S1-426194890	S2-576201028		0.0	16.0	0.9576457738876343	0.0		False	True	False	1	100.95764577388763
S1-426194890	S2-638268338		0.0	17.0	0.9561859369277954	0.0		False	True	False	1	100.9561859369278
S1-426194890	S2-779040268		0.0	18.0	0.9553092122077942	0.0		False	True	False	1	100.9553092122078
S1-426194890	S2-934716922		0.0	20.0	0.9521822333335876	0.0		False	True	False	1	100.95218223333359
S1-426194890	S2-481572644		0.0	22.0	0.9506129622459412	0.0		False	True	False	1	100.95061296224594
S1-426194890	S2-917258438		0.0	28.0	0.9479122161865234	0.0		False	True	False	1	100.94791221618652
S1-426194890	S3-75604340		0.0	7.0	0.966445803642273	0.0		False	True	False	1	100.96644580364227
S1-426194890	S3-150632472		0.0	14.0	0.9594428539276123	0.0		False	True	False	1	100.95944285392761
S1-426194890	S3-227725397		0.0	15.0	0.9582326412200928	0.0		False	True	False	1	100.95823264122009
S1-426194890	S3-797381132		0.0	21.0	0.9513306617736816	0.0		False	True	False	1	100.95133066177368
S1-426194890	S3-469272577		0.0	22.0	0.9506406784057617	0.0		False	True	False	1	100.95064067840576
S1-426194890	S3-416247723		0.0	24.0	0.9472548961639404	0.0		False	True	False	1	100.94725489616394
S1-426194890	S3-610536355		0.0	25.0	0.9428898096084595	0.0		False	True	False	1	100.94288980960846
S1-426194890	S3-276427681		0.0	26.0	0.9419255256652832	0.0		False	True	False	1	100.94192552566528
S1-426194890	S3-170975522		0.0	28.0	0.9353881478309631	0.0		False	True	False	1	100.93538814783096
S1-426194890	S3-340374288		0.0	29.0	0.9327200651168823	0.0		False	True	False	1	100.93272006511688
S1-426194890	S3-374810425		0.0	30.0	0.932417094707489	0.0		False	True	False	1	100.93241709470749
S1-122385784	S2-434748052	1.0	0.5174482464790344		0.0	0.0		True	False	False	1	100.51744824647903
S1-122385784	S2-412565852	2.0	0.5041645765304565	30.0	0.925454318523407	0.0		True	True	False	2	201.42961889505386
S1-122385784	S2-956479781	3.0	0.4839044213294983		0.0	0.0		True	False	False	1	100.4839044213295
S1-122385784	S2-485885002	4.0	0.4764646291732788		0.0	0.0		True	False	False	1	100.47646462917328
S1-122385784	S2-258890831	5.0	0.4744552969932556	15.0	0.9411482810974121	0.0		True	True	False	2	201.41560357809067
S1-122385784	S2-884102769	6.0	0.47221624851226807	3.0	0.9576796293258667	0.0		True	True	False	2	201.42989587783813
S1-122385784	S2-875724478	7.0	0.46907728910446167		0.0	0.0		True	False	False	1	100.46907728910446
S1-122385784	S2-84473557	8.0	0.4666183590888977	26.0	0.9272727370262146	0.0		True	True	False	2	201.3938910961151
S1-122385784	S2-292567038	9.0	0.466011106967926		0.0	0.0		True	False	False	1	100.46601110696793
S1-122385784	S2-463756409	10.0	0.45603233575820923		0.0	0.0		True	False	False	1	100.45603233575821
S1-122385784	S2-119647643	11.0	0.4556598663330078	19.0	0.9368069171905518	0.0		True	True	False	2	201.39246678352356
S1-122385784	S2-375151053	12.0	0.4508090615272522	6.0	0.9562150835990906	0.0		True	True	False	2	201.40702414512634
S1-122385784	S2-913930320	13.0	0.4494214355945587		0.0	0.0		True	False	False	1	100.44942143559456
S1-122385784	S2-210791875	14.0	0.44795310497283936	22.0	0.9322644472122192	0.0		True	True	False	2	201.38021755218506
S1-122385784	S2-786671109	15.0	0.44288986921310425		0.0	0.0		True	False	False	1	100.4428898692131
S1-122385784	S2-809665812	16.0	0.43747034668922424	1.0	0.9633110165596008	0.0		True	True	False	2	201.40078136324883
S1-122385784	S2-560710588	17.0	0.43416035175323486		0.0	0.0		True	False	False	1	100.43416035175323
S1-122385784	S2-229677112	18.0	0.4333822727203369		0.0	0.0		True	False	False	1	100.43338227272034
S1-122385784	S2-744098365	19.0	0.4322642683982849	8.0	0.9530625939369202	0.0		True	True	False	2	201.3853268623352
S1-122385784	S2-449438476	20.0	0.43212890625	25.0	0.9286082983016968	0.0		True	True	False	2	201.3607372045517
S1-122385784	S2-537184954	21.0	0.4308634102344513		0.0	0.0		True	False	False	1	100.43086341023445
S1-122385784	S2-193013091	22.0	0.4251413643360138	28.0	0.9270575642585754	0.0		True	True	False	2	201.3521989285946
S1-122385784	S2-37424835	23.0	0.42248740792274475	24.0	0.9289297461509705	0.0		True	True	False	2	201.35141715407372
S1-122385784	S2-495604525	24.0	0.4221416115760803	20.0	0.9364640712738037	0.0		True	True	False	2	201.35860568284988
S1-122385784	S2-17102176	25.0	0.42132699489593506		0.0	0.0		True	False	False	1	100.42132699489594
S1-122385784	S2-550697952	26.0	0.41342782974243164	21.0	0.9356861114501953	0.0		True	True	False	2	201.34911394119263
S1-122385784	S2-578484139	27.0	0.41341862082481384		0.0	0.0		True	False	False	1	100.41341862082481
S1-122385784	S2-340420883	28.0	0.4116464853286743	2.0	0.959665834903717	0.0		True	True	False	2	201.3713123202324
S1-122385784	S2-583840796	29.0	0.4040946960449219	4.0	0.9569087624549866	0.0		True	True	False	2	201.3610034584999
S1-122385784	S2-578788567	30.0	0.4037526249885559		0.0	0.0		True	False	False	1	100.40375262498856
S1-122385784	S3-185659081	1.0	0.513412356376648	1.0	0.9617217779159546	0.0		True	True	False	2	201.4751341342926
S1-122385784	S3-819001322	2.0	0.476998895406723		0.0	0.0		True	False	False	1	100.47699889540672
S1-122385784	S3-159233685	3.0	0.47598016262054443		0.0	0.0		True	False	False	1	100.47598016262054
S1-122385784	S3-367901084	4.0	0.46467652916908264	18.0	0.9297047257423401	0.0		True	True	False	2	201.39438125491142
S1-122385784	S3-960416326	5.0	0.4519675672054291		0.0	0.0		True	False	False	1	100.45196756720543
S1-122385784	S3-760959067	6.0	0.4399140477180481	2.0	0.9611845016479492	0.0		True	True	False	2	201.401098549366
S1-122385784	S3-526709055	7.0	0.4395769536495209	30.0	0.918352484703064	0.0		True	True	False	2	201.35792943835258
S1-122385784	S3-573605691	8.0	0.43854784965515137	16.0	0.93473219871521	0.0		True	True	False	2	201.37328004837036
S1-122385784	S3-695502221	9.0	0.4358358383178711		0.0	0.0		True	False	False	1	100.43583583831787
S1-122385784	S3-380741339	10.0	0.4337606728076935	3.0	0.9581087231636047	0.0		True	True	False	2	201.3918693959713
S1-122385784	S3-389830698	11.0	0.4260110557079315		0.0	0.0		True	False	False	1	100.42601105570793
S1-122385784	S3-668629842	12.0	0.42457085847854614	4.0	0.9550201892852783	0.0		True	True	False	2	201.37959104776382
S1-122385784	S3-604980231	13.0	0.42110997438430786		0.0	0.0		True	False	False	1	100.42110997438431
S1-122385784	S3-811459169	14.0	0.4189852476119995		0.0	0.0		True	False	False	1	100.418985247612
S1-122385784	S3-436480804	15.0	0.4186697006225586		0.0	0.0		True	False	False	1	100.41866970062256
S1-122385784	S3-173398261	16.0	0.4148068428039551		0.0	0.0		True	False	False	1	100.41480684280396
S1-122385784	S3-825495383	17.0	0.41217052936553955		0.0	0.0		True	False	False	1	100.41217052936554
S1-122385784	S3-170975522	18.0	0.4056503474712372		0.0	0.0		True	False	False	1	100.40565034747124
S1-122385784	S3-162993152	19.0	0.40123018622398376		0.0	0.0		True	False	False	1	100.40123018622398
S1-122385784	S3-125349995	20.0	0.399092435836792		0.0	0.0		True	False	False	1	100.39909243583679
S1-122385784	S3-98186645	21.0	0.3987664580345154		0.0	0.0		True	False	False	1	100.39876645803452
S1-122385784	S3-184174096	22.0	0.3984604477882385	21.0	0.9268457889556885	0.0		True	True	False	2	201.32530623674393
S1-122385784	S3-227725397	23.0	0.3937649428844452	9.0	0.9477683305740356	0.0		True	True	False	2	201.34153327345848
S1-122385784	S3-250324284	24.0	0.3905412554740906		0.0	0.0		True	False	False	1	100.39054125547409
S1-122385784	S3-961421742	25.0	0.39047670364379883		0.0	0.0		True	False	False	1	100.3904767036438
S1-122385784	S3-323904182	26.0	0.3900603652000427		0.0	0.0		True	False	False	1	100.39006036520004
S1-122385784	S3-895598264	27.0	0.38754838705062866		0.0	0.0		True	False	False	1	100.38754838705063
S1-122385784	S3-521783865	28.0	0.38487809896469116	7.0	0.950145423412323	0.0		True	True	False	2	201.335023522377
S1-122385784	S3-937140604	29.0	0.3839125633239746		0.0	0.0		True	False	False	1	100.38391256332397
S1-122385784	S3-221443476	30.0	0.3835535943508148	10.0	0.9462538957595825	0.0		True	True	False	2	201.3298074901104
S1-122385784	S2-729157829		0.0	5.0	0.9566311836242676	0.0		False	True	False	1	100.95663118362427
S1-122385784	S2-400190057		0.0	7.0	0.9556485414505005	0.0		False	True	False	1	100.9556485414505
S1-122385784	S2-476476786		0.0	9.0	0.9512022733688354	0.0		False	True	False	1	100.95120227336884
S1-122385784	S2-715460557		0.0	10.0	0.9494648575782776	0.0		False	True	False	1	100.94946485757828
S1-122385784	S2-222871632		0.0	11.0	0.9491251707077026	0.0		False	True	False	1	100.9491251707077
S1-122385784	S2-440948455		0.0	12.0	0.9489843249320984	0.0		False	True	False	1	100.9489843249321
S1-122385784	S2-823489243		0.0	13.0	0.9456954598426819	0.0		False	True	False	1	100.94569545984268
S1-122385784	S2-89663826		0.0	14.0	0.9415558576583862	0.0		False	True	False	1	100.94155585765839
S1-122385784	S2-559669701		0.0	16.0	0.9405501484870911	0.0		False	True	False	1	100.94055014848709
S1-122385784	S2-594115095		0.0	17.0	0.937806248664856	0.0		False	True	False	1	100.93780624866486
S1-122385784	S2-784442772		0.0	18.0	0.9375025033950806	0.0		False	True	False	1	100.93750250339508
S1-122385784	S2-638268338		0.0	23.0	0.9298393726348877	0.0		False	True	False	1	100.92983937263489
S1-122385784	S2-378846408		0.0	27.0	0.9270714521408081	0.0		False	True	False	1	100.92707145214081
S1-122385784	S2-934716922		0.0	29.0	0.9268049001693726	0.0		False	True	False	1	100.92680490016937
S1-122385784	S3-340374288		0.0	5.0	0.9549001455307007	0.0		False	True	False	1	100.9549001455307
S1-122385784	S3-469272577		0.0	6.0	0.9520713090896606	0.0		False	True	False	1	100.95207130908966
S1-122385784	S3-22088661		0.0	8.0	0.9493057727813721	0.0		False	True	False	1	100.94930577278137
S1-122385784	S3-289567021		0.0	11.0	0.9462260007858276	0.0		False	True	False	1	100.94622600078583
S1-122385784	S3-75604340		0.0	12.0	0.94113689661026	0.0		False	True	False	1	100.94113689661026
S1-122385784	S3-995796854		0.0	13.0	0.9411338567733765	0.0		False	True	False	1	100.94113385677338
S1-122385784	S3-416247723		0.0	14.0	0.9367033243179321	0.0		False	True	False	1	100.93670332431793
S1-122385784	S3-265204232		0.0	15.0	0.9359973669052124	0.0		False	True	False	1	100.93599736690521
S1-122385784	S3-150632472		0.0	17.0	0.934640645980835	0.0		False	True	False	1	100.93464064598083
S1-122385784	S3-797337828		0.0	19.0	0.9275639057159424	0.0		False	True	False	1	100.92756390571594
S1-122385784	S3-797381132		0.0	20.0	0.9271170496940613	0.0		False	True	False	1	100.92711704969406
S1-122385784	S3-768772995		0.0	22.0	0.9263617992401123	0.0		False	True	False	1	100.92636179924011
S1-122385784	S3-652287374		0.0	23.0	0.9249743223190308	0.0		False	True	False	1	100.92497432231903
S1-122385784	S3-610536355		0.0	24.0	0.9247312545776367	0.0		False	True	False	1	100.92473125457764
S1-122385784	S3-835032939		0.0	25.0	0.9239083528518677	0.0		False	True	False	1	100.92390835285187
S1-122385784	S3-468731115		0.0	26.0	0.9221954345703125	0.0		False	True	False	1	100.92219543457031
S1-122385784	S3-92755938		0.0	27.0	0.9204490184783936	0.0		False	True	False	1	100.9204490184784
S1-122385784	S3-22321512		0.0	28.0	0.9198838472366333	0.0		False	True	False	1	100.91988384723663
S1-122385784	S3-715117209		0.0	29.0	0.9186506271362305	0.0		False	True	False	1	100.91865062713623
S1-540642140	S2-744098365	1.0	0.5712652206420898	10.0	0.9593828320503235	0.22000000000000003	K1+K2	True	True	True	3	301.75064805269244
S1-540642140	S2-193013091	2.0	0.5283414125442505	22.0	0.9503014087677002	0.0		True	True	False	2	201.47864282131195
S1-540642140	S2-504393659	3.0	0.5212668180465698		0.0	0.0		True	False	False	1	100.52126681804657
S1-540642140	S2-119647643	4.0	0.5104053616523743	4.0	0.9668567776679993	0.0		True	True	False	2	201.47726213932037
S1-540642140	S2-84473557	5.0	0.4844263195991516	21.0	0.9511247873306274	0.0		True	True	False	2	201.43555110692978
S1-540642140	S2-823489243	6.0	0.4786335527896881	6.0	0.9618955850601196	0.0		True	True	False	2	201.4405291378498
S1-540642140	S2-258890831	7.0	0.4686848521232605	19.0	0.9530420303344727	0.0		True	True	False	2	201.42172688245773
S1-540642140	S2-701289183	8.0	0.4647078514099121		0.0	0.0		True	False	False	1	100.46470785140991
S1-540642140	S2-559669701	9.0	0.4623667299747467	16.0	0.9564713835716248	0.0		True	True	False	2	201.41883811354637
S1-540642140	S2-375151053	10.0	0.45576462149620056	18.0	0.9530575275421143	0.0		True	True	False	2	201.40882214903831
S1-540642140	S2-416136682	11.0	0.4473516345024109	1.0	0.970970869064331	0.0		True	True	False	2	201.41832250356674
S1-540642140	S2-434748052	12.0	0.440735399723053		0.0	0.0		True	False	False	1	100.44073539972305
S1-540642140	S2-786671109	13.0	0.43414202332496643		0.0	0.0		True	False	False	1	100.43414202332497
S1-540642140	S2-223826524	14.0	0.4322155714035034		0.0	0.0		True	False	False	1	100.4322155714035
S1-540642140	S2-938316135	15.0	0.42922019958496094	26.0	0.9480118751525879	0.0		True	True	False	2	201.37723207473755
S1-540642140	S2-956479781	16.0	0.4288330078125		0.0	0.0		True	False	False	1	100.4288330078125
S1-540642140	S2-560710588	17.0	0.4280913472175598	24.0	0.9489771723747253	0.0		True	True	False	2	201.37706851959229
S1-540642140	S2-268861424	18.0	0.4251754879951477		0.0	0.0		True	False	False	1	100.42517548799515
S1-540642140	S2-222871632	19.0	0.4202844500541687		0.0	0.0		True	False	False	1	100.42028445005417
S1-540642140	S2-654270940	20.0	0.4192144274711609		0.0	0.0		True	False	False	1	100.41921442747116
S1-540642140	S2-400190057	21.0	0.4189606308937073	7.0	0.9618195295333862	0.0		True	True	False	2	201.3807801604271
S1-540642140	S2-537184954	22.0	0.41701650619506836		0.0	0.0		True	False	False	1	100.41701650619507
S1-540642140	S2-192345572	23.0	0.41447797417640686		0.0	0.0		True	False	False	1	100.4144779741764
S1-540642140	S2-495604525	24.0	0.4131457507610321	14.0	0.9570033550262451	0.0		True	True	False	2	201.37014910578728
S1-540642140	S2-485885002	25.0	0.4130289554595947		0.0	0.0		True	False	False	1	100.4130289554596
S1-540642140	S2-378846408	26.0	0.4128657281398773	17.0	0.9563254714012146	0.0		True	True	False	2	201.3691911995411
S1-540642140	S2-767997013	27.0	0.4003170132637024		0.0	0.0		True	False	False	1	100.4003170132637
S1-540642140	S2-638268338	28.0	0.397672176361084	27.0	0.9471037983894348	0.0		True	True	False	2	201.34477597475052
S1-540642140	S2-726058757	29.0	0.39713042974472046	2.0	0.9679204225540161	0.0		True	True	False	2	201.36505085229874
S1-540642140	S2-905827553	30.0	0.39519059658050537		0.0	0.0		True	False	False	1	100.3951905965805
S1-540642140	S3-380741339	1.0	0.4972381591796875	2.0	0.9617611169815063	0.0		True	True	False	2	201.4589992761612
S1-540642140	S3-937140604	2.0	0.49472177028656006	30.0	0.9345736503601074	0.0		True	True	False	2	201.42929542064667
S1-540642140	S3-389830698	3.0	0.4843783378601074	12.0	0.9472413063049316	0.0		True	True	False	2	201.43161964416504
S1-540642140	S3-150632472	4.0	0.47632133960723877	19.0	0.9426490068435669	0.0		True	True	False	2	201.4189703464508
S1-540642140	S3-536202929	5.0	0.42948058247566223		0.0	0.0		True	False	False	1	100.42948058247566
S1-540642140	S3-521783865	6.0	0.4200119376182556		0.0	0.0		True	False	False	1	100.42001193761826
S1-540642140	S3-227725397	7.0	0.4141765832901001	1.0	0.9641914367675781	0.0		True	True	False	2	201.37836802005768
S1-540642140	S3-185659081	8.0	0.4094463586807251	3.0	0.959842324256897	0.0		True	True	False	2	201.36928868293762
S1-540642140	S3-184174096	9.0	0.406818151473999		0.0	0.0		True	False	False	1	100.406818151474
S1-540642140	S3-265204232	10.0	0.40611183643341064		0.0	0.0		True	False	False	1	100.40611183643341
S1-540642140	S3-877919199	11.0	0.4033527672290802		0.0	0.0		True	False	False	1	100.40335276722908
S1-540642140	S3-768772995	12.0	0.39732348918914795	8.0	0.9506494998931885	0.0		True	True	False	2	201.34797298908234
S1-540642140	S3-797337828	13.0	0.396405428647995	21.0	0.9411758184432983	0.0		True	True	False	2	201.3375812470913
S1-540642140	S3-159233685	14.0	0.39592933654785156		0.0	0.0		True	False	False	1	100.39592933654785
S1-540642140	S3-10300249	15.0	0.39500170946121216		0.0	0.0		True	False	False	1	100.39500170946121
S1-540642140	S3-125349995	16.0	0.39426693320274353		0.0	0.0		True	False	False	1	100.39426693320274
S1-540642140	S3-264170444	17.0	0.3932550549507141		0.0	0.0		True	False	False	1	100.39325505495071
S1-540642140	S3-22088661	18.0	0.39028462767601013	9.0	0.9502625465393066	0.0		True	True	False	2	201.34054717421532
S1-540642140	S3-75604340	19.0	0.3899642825126648	14.0	0.9451496601104736	0.0		True	True	False	2	201.33511394262314
S1-540642140	S3-367901084	20.0	0.38323473930358887	5.0	0.9562010765075684	0.0		True	True	False	2	201.33943581581116
S1-540642140	S3-288440193	21.0	0.3809169828891754		0.0	0.0		True	False	False	1	100.38091698288918
S1-540642140	S3-577972146	22.0	0.37928318977355957	11.0	0.9485875368118286	0.0		True	True	False	2	201.3278707265854
S1-540642140	S3-662721327	23.0	0.376012921333313		0.0	0.0		True	False	False	1	100.37601292133331
S1-540642140	S3-219041197	24.0	0.37489956617355347		0.0	0.0		True	False	False	1	100.37489956617355
S1-540642140	S3-961421742	25.0	0.37401846051216125		0.0	0.0		True	False	False	1	100.37401846051216
S1-540642140	S3-517069981	26.0	0.3714647889137268		0.0	0.0		True	False	False	1	100.37146478891373
S1-540642140	S3-610536355	27.0	0.37021398544311523	23.0	0.9391500353813171	0.0		True	True	False	2	201.30936402082443
S1-540642140	S3-170975522	28.0	0.36840152740478516		0.0	0.0		True	False	False	1	100.36840152740479
S1-540642140	S3-464265492	29.0	0.3630165457725525		0.0	0.0		True	False	False	1	100.36301654577255
S1-540642140	S3-250324284	30.0	0.3627977967262268		0.0	0.0		True	False	False	1	100.36279779672623
S1-540642140	S2-809665812		0.0	3.0	0.96737140417099	0.0		False	True	False	1	100.96737140417099
S1-540642140	S2-715460557		0.0	5.0	0.9641615748405457	0.0		False	True	False	1	100.96416157484055
S1-540642140	S2-89663826		0.0	8.0	0.9606459140777588	0.0		False	True	False	1	100.96064591407776
S1-540642140	S2-476476786		0.0	9.0	0.9603323936462402	0.0		False	True	False	1	100.96033239364624
S1-540642140	S2-37424835		0.0	11.0	0.9592514038085938	0.0		False	True	False	1	100.9592514038086
S1-540642140	S2-884102769		0.0	12.0	0.9590392708778381	0.0		False	True	False	1	100.95903927087784
S1-540642140	S2-340420883		0.0	13.0	0.9571542739868164	0.0		False	True	False	1	100.95715427398682
S1-540642140	S2-583840796		0.0	15.0	0.9567989110946655	0.0		False	True	False	1	100.95679891109467
S1-540642140	S2-647447093		0.0	20.0	0.9525672197341919	0.0		False	True	False	1	100.95256721973419
S1-540642140	S2-550697952		0.0	23.0	0.9495081305503845	0.0		False	True	False	1	100.94950813055038
S1-540642140	S2-449438476		0.0	25.0	0.9489352703094482	0.0		False	True	False	1	100.94893527030945
S1-540642140	S2-933865098		0.0	28.0	0.9470996260643005	0.0		False	True	False	1	100.9470996260643
S1-540642140	S2-412565852		0.0	29.0	0.9470323324203491	0.0		False	True	False	1	100.94703233242035
S1-540642140	S2-160823657		0.0	30.0	0.9462698101997375	0.0		False	True	False	1	100.94626981019974
S1-540642140	S3-289567021		0.0	4.0	0.9595819115638733	0.0		False	True	False	1	100.95958191156387
S1-540642140	S3-760959067		0.0	6.0	0.9532146453857422	0.0		False	True	False	1	100.95321464538574
S1-540642140	S3-995796854		0.0	7.0	0.9529473781585693	0.0		False	True	False	1	100.95294737815857
S1-540642140	S3-668629842		0.0	10.0	0.9498474597930908	0.0		False	True	False	1	100.94984745979309
S1-540642140	S3-374810425		0.0	13.0	0.9455093145370483	0.0		False	True	False	1	100.94550931453705
S1-540642140	S3-715117209		0.0	15.0	0.9451130628585815	0.0		False	True	False	1	100.94511306285858
S1-540642140	S3-556228627		0.0	16.0	0.9448370337486267	0.0		False	True	False	1	100.94483703374863
S1-540642140	S3-416247723		0.0	17.0	0.9434614777565002	0.0		False	True	False	1	100.9434614777565
S1-540642140	S3-221443476		0.0	18.0	0.9426783323287964	0.0		False	True	False	1	100.9426783323288
S1-540642140	S3-543902884		0.0	20.0	0.9423633813858032	0.0		False	True	False	1	100.9423633813858
S1-540642140	S3-469272577		0.0	22.0	0.9405914545059204	0.0		False	True	False	1	100.94059145450592
S1-540642140	S3-573605691		0.0	24.0	0.938917338848114	0.0		False	True	False	1	100.93891733884811
S1-540642140	S3-340374288		0.0	25.0	0.938691258430481	0.0		False	True	False	1	100.93869125843048
S1-540642140	S3-22321512		0.0	26.0	0.9373071193695068	0.0		False	True	False	1	100.9373071193695
S1-540642140	S3-92755938		0.0	27.0	0.9372859597206116	0.0		False	True	False	1	100.93728595972061
S1-540642140	S3-652287374		0.0	28.0	0.9366790056228638	0.0		False	True	False	1	100.93667900562286
S1-540642140	S3-276427681		0.0	29.0	0.9366321563720703	0.0		False	True	False	1	100.93663215637207
S1-123475953	S2-956479781	1.0	0.6044005155563354	6.0	0.9410606622695923	0.0		True	True	False	2	201.54546117782593
S1-123475953	S2-787861634	2.0	0.6024943590164185	1.0	0.957600474357605	0.0		True	True	False	2	201.56009483337402
S1-123475953	S2-292567038	3.0	0.5921947956085205		0.0	0.0		True	False	False	1	100.59219479560852
S1-123475953	S2-223826524	4.0	0.5800491571426392	9.0	0.9384192824363708	0.0		True	True	False	2	201.518468439579
S1-123475953	S2-905827553	5.0	0.5714316368103027		0.0	0.0		True	False	False	1	100.5714316368103
S1-123475953	S2-634571997	6.0	0.5610604286193848	12.0	0.9340823292732239	0.0		True	True	False	2	201.4951427578926
S1-123475953	S2-591078525	7.0	0.5602551102638245		0.0	0.0		True	False	False	1	100.56025511026382
S1-123475953	S2-785042722	8.0	0.553124189376831	8.0	0.9392609596252441	0.0		True	True	False	2	201.49238514900208
S1-123475953	S2-786671109	9.0	0.5395069122314453		0.0	0.0		True	False	False	1	100.53950691223145
S1-123475953	S2-910351373	10.0	0.5383519530296326		0.0	0.0		True	False	False	1	100.53835195302963
S1-123475953	S2-495461061	11.0	0.5368989706039429		0.0	0.0		True	False	False	1	100.53689897060394
S1-123475953	S2-875724478	12.0	0.5366343259811401	29.0	0.9184597730636597	0.0		True	True	False	2	201.4550940990448
S1-123475953	S2-357438552	13.0	0.5359636545181274	10.0	0.9372501969337463	0.0		True	True	False	2	201.47321385145187
S1-123475953	S2-537184954	14.0	0.5316410064697266		0.0	0.0		True	False	False	1	100.53164100646973
S1-123475953	S2-485885002	15.0	0.5302343964576721		0.0	0.0		True	False	False	1	100.53023439645767
S1-123475953	S2-530685908	16.0	0.5237724781036377	27.0	0.9189952611923218	0.0		True	True	False	2	201.44276773929596
S1-123475953	S2-578788567	17.0	0.5233744382858276		0.0	0.0		True	False	False	1	100.52337443828583
S1-123475953	S2-317480348	18.0	0.5200272798538208		0.0	0.0		True	False	False	1	100.52002727985382
S1-123475953	S2-779040268	19.0	0.5195296406745911		0.0	0.0		True	False	False	1	100.51952964067459
S1-123475953	S2-600460285	20.0	0.5142799019813538	3.0	0.9472954273223877	0.0		True	True	False	2	201.46157532930374
S1-123475953	S2-77137709	21.0	0.5125710964202881		0.0	0.0		True	False	False	1	100.51257109642029
S1-123475953	S2-4583532	22.0	0.5061237812042236		0.0	0.0		True	False	False	1	100.50612378120422
S1-123475953	S2-434748052	23.0	0.5018150806427002		0.0	0.0		True	False	False	1	100.5018150806427
S1-123475953	S2-576201028	24.0	0.49896177649497986		0.0	0.0		True	False	False	1	100.49896177649498
S1-123475953	S2-999853272	25.0	0.49790456891059875		0.0	0.0		True	False	False	1	100.4979045689106
S1-123475953	S2-210791875	26.0	0.49478310346603394	13.0	0.9326217770576477	0.0		True	True	False	2	201.42740488052368
S1-123475953	S2-592412285	27.0	0.49140387773513794	22.0	0.9238125085830688	0.0		True	True	False	2	201.4152163863182
S1-123475953	S2-562037907	28.0	0.4896940588951111		0.0	0.0		True	False	False	1	100.48969405889511
S1-123475953	S2-742077842	29.0	0.47773370146751404		0.0	0.0		True	False	False	1	100.47773370146751
S1-123475953	S2-501534718	30.0	0.4776669442653656	2.0	0.9506633877754211	0.0		True	True	False	2	201.4283303320408
S1-123475953	S3-127741306	1.0	0.6152579188346863	18.0	0.9267550706863403	0.0		True	True	False	2	201.54201298952103
S1-123475953	S3-288440193	2.0	0.6095600724220276	4.0	0.9450826048851013	0.0		True	True	False	2	201.55464267730713
S1-123475953	S3-580736465	3.0	0.5718356370925903		0.0	0.0		True	False	False	1	100.57183563709259
S1-123475953	S3-536202929	4.0	0.5639802813529968	8.0	0.9354038238525391	0.0		True	True	False	2	201.49938410520554
S1-123475953	S3-227725397	5.0	0.5611429214477539		0.0	0.0		True	False	False	1	100.56114292144775
S1-123475953	S3-170975522	6.0	0.5500732660293579	3.0	0.9498563408851624	0.0		True	True	False	2	201.49992960691452
S1-123475953	S3-662721327	7.0	0.5500032901763916	10.0	0.9348645210266113	0.0		True	True	False	2	201.484867811203
S1-123475953	S3-877919199	8.0	0.5490819811820984		0.0	0.0		True	False	False	1	100.5490819811821
S1-123475953	S3-125349995	9.0	0.5478421449661255	28.0	0.9193661212921143	0.0		True	True	False	2	201.46720826625824
S1-123475953	S3-464265492	10.0	0.5373120307922363	29.0	0.9191775321960449	0.0		True	True	False	2	201.45648956298828
S1-123475953	S3-159233685	11.0	0.5360057353973389	1.0	0.9538450837135315	0.0		True	True	False	2	201.48985081911087
S1-123475953	S3-611681699	12.0	0.5340213775634766		0.0	0.0		True	False	False	1	100.53402137756348
S1-123475953	S3-517069981	13.0	0.5285147428512573	20.0	0.9245079159736633	0.0		True	True	False	2	201.45302265882492
S1-123475953	S3-811459169	14.0	0.5278005599975586		0.0	0.0		True	False	False	1	100.52780055999756
S1-123475953	S3-158901285	15.0	0.5270791053771973	16.0	0.9289991855621338	0.0		True	True	False	2	201.45607829093933
S1-123475953	S3-264170444	16.0	0.5261819362640381		0.0	0.0		True	False	False	1	100.52618193626404
S1-123475953	S3-825495383	17.0	0.5245363712310791	14.0	0.9316723942756653	0.0		True	True	False	2	201.45620876550674
S1-123475953	S3-374810425	18.0	0.5245174765586853	6.0	0.9374071955680847	0.0		True	True	False	2	201.46192467212677
S1-123475953	S3-289697426	19.0	0.521271824836731		0.0	0.0		True	False	False	1	100.52127182483673
S1-123475953	S3-610536355	20.0	0.5188141465187073	7.0	0.9356372356414795	0.0		True	True	False	2	201.4544513821602
S1-123475953	S3-18976400	21.0	0.5188111066818237		0.0	0.0		True	False	False	1	100.51881110668182
S1-123475953	S3-604980231	22.0	0.5171269178390503	23.0	0.9235242009162903	0.0		True	True	False	2	201.44065111875534
S1-123475953	S3-867263634	23.0	0.5151752233505249		0.0	0.0		True	False	False	1	100.51517522335052
S1-123475953	S3-250853646	24.0	0.5149760246276855		0.0	0.0		True	False	False	1	100.51497602462769
S1-123475953	S3-688194826	25.0	0.5063576698303223	27.0	0.9205176830291748	0.0		True	True	False	2	201.4268753528595
S1-123475953	S3-173398261	26.0	0.5028548836708069	2.0	0.9521986246109009	0.0		True	True	False	2	201.4550535082817
S1-123475953	S3-652287374	27.0	0.5024147629737854		0.0	0.0		True	False	False	1	100.50241476297379
S1-123475953	S3-219041197	28.0	0.500085711479187		0.0	0.0		True	False	False	1	100.50008571147919
S1-123475953	S3-462677478	29.0	0.4995957016944885		0.0	0.0		True	False	False	1	100.49959570169449
S1-123475953	S3-10300249	30.0	0.49878525733947754		0.0	0.0		True	False	False	1	100.49878525733948
S1-123475953	S2-891600450		0.0	4.0	0.9424501061439514	0.0		False	True	False	1	100.94245010614395
S1-123475953	S2-938316135		0.0	5.0	0.9417049884796143	0.0		False	True	False	1	100.94170498847961
S1-123475953	S2-784442772		0.0	7.0	0.940824031829834	0.0		False	True	False	1	100.94082403182983
S1-123475953	S2-84473557		0.0	11.0	0.9350247383117676	0.0		False	True	False	1	100.93502473831177
S1-123475953	S2-504393659		0.0	14.0	0.9324331879615784	0.0		False	True	False	1	100.93243318796158
S1-123475953	S2-701289183		0.0	15.0	0.9323109984397888	0.0		False	True	False	1	100.93231099843979
S1-123475953	S2-560710588		0.0	16.0	0.929417610168457	0.0		False	True	False	1	100.92941761016846
S1-123475953	S2-412565852		0.0	17.0	0.9285959601402283	0.0		False	True	False	1	100.92859596014023
S1-123475953	S2-495604525		0.0	18.0	0.9279516339302063	0.0		False	True	False	1	100.9279516339302
S1-123475953	S2-917258438		0.0	19.0	0.9269951581954956	0.0		False	True	False	1	100.9269951581955
S1-123475953	S2-638268338		0.0	20.0	0.9269325733184814	0.0		False	True	False	1	100.92693257331848
S1-123475953	S2-742018880		0.0	21.0	0.925263524055481	0.0		False	True	False	1	100.92526352405548
S1-123475953	S2-229677112		0.0	23.0	0.9237024188041687	0.0		False	True	False	1	100.92370241880417
S1-123475953	S2-726058757		0.0	24.0	0.9229300618171692	0.0		False	True	False	1	100.92293006181717
S1-123475953	S2-744098365		0.0	25.0	0.9201717972755432	0.0		False	True	False	1	100.92017179727554
S1-123475953	S2-566025912		0.0	26.0	0.9193330407142639	0.0		False	True	False	1	100.91933304071426
S1-123475953	S2-647447093		0.0	28.0	0.918780505657196	0.0		False	True	False	1	100.9187805056572
S1-123475953	S2-481572644		0.0	30.0	0.9184502959251404	0.0		False	True	False	1	100.91845029592514
S1-123475953	S3-162993152		0.0	5.0	0.9449724555015564	0.0		False	True	False	1	100.94497245550156
S1-123475953	S3-960416326		0.0	9.0	0.9353147149085999	0.0		False	True	False	1	100.9353147149086
S1-123475953	S3-961421742		0.0	11.0	0.9345739483833313	0.0		False	True	False	1	100.93457394838333
S1-123475953	S3-895598264		0.0	12.0	0.9325813055038452	0.0		False	True	False	1	100.93258130550385
S1-123475953	S3-218566871		0.0	13.0	0.9316880702972412	0.0		False	True	False	1	100.93168807029724
S1-123475953	S3-819001322		0.0	15.0	0.9290995597839355	0.0		False	True	False	1	100.92909955978394
S1-123475953	S3-468731115		0.0	17.0	0.9268494844436646	0.0		False	True	False	1	100.92684948444366
S1-123475953	S3-323904182		0.0	19.0	0.9261754751205444	0.0		False	True	False	1	100.92617547512054
S1-123475953	S3-560657213		0.0	21.0	0.9243972301483154	0.0		False	True	False	1	100.92439723014832
S1-123475953	S3-768772995		0.0	22.0	0.9236032366752625	0.0		False	True	False	1	100.92360323667526
S1-123475953	S3-250324284		0.0	24.0	0.921074628829956	0.0		False	True	False	1	100.92107462882996
S1-123475953	S3-937140604		0.0	25.0	0.9207580089569092	0.0		False	True	False	1	100.92075800895691
S1-123475953	S3-483958914		0.0	26.0	0.9205309152603149	0.0		False	True	False	1	100.92053091526031
S1-123475953	S3-577972146		0.0	30.0	0.9180772304534912	0.0		False	True	False	1	100.91807723045349
S1-444801830	S2-785042722	1.0	0.6805241107940674	2.0	0.9691286087036133	0.0		True	True	False	2	201.64965271949768
S1-444801830	S2-229677112	2.0	0.6395095586776733		0.0	0.0		True	False	False	1	100.63950955867767
S1-444801830	S2-485885002	3.0	0.6237697005271912		0.0	0.0		True	False	False	1	100.62376970052719
S1-444801830	S2-317480348	4.0	0.6201920509338379		0.0	0.0		True	False	False	1	100.62019205093384
S1-444801830	S2-875724478	5.0	0.609168529510498		0.0	0.0		True	False	False	1	100.6091685295105
S1-444801830	S2-537184954	6.0	0.6090413331985474		0.0	0.0		True	False	False	1	100.60904133319855
S1-444801830	S2-787861634	7.0	0.6064809560775757		0.0	0.0		True	False	False	1	100.60648095607758
S1-444801830	S2-786671109	8.0	0.6041476130485535		0.0	0.0		True	False	False	1	100.60414761304855
S1-444801830	S2-910351373	9.0	0.600318193435669	24.0	0.9527384042739868	0.0		True	True	False	2	201.55305659770966
S1-444801830	S2-913930320	10.0	0.5968848466873169		0.0	0.0		True	False	False	1	100.59688484668732
S1-444801830	S2-578788567	11.0	0.5931748151779175		0.0	0.0		True	False	False	1	100.59317481517792
S1-444801830	S2-223826524	12.0	0.5896914005279541	15.0	0.9563206434249878	0.0		True	True	False	2	201.54601204395294
S1-444801830	S2-434748052	13.0	0.5829100608825684		0.0	0.0		True	False	False	1	100.58291006088257
S1-444801830	S2-77137709	14.0	0.5827744007110596		0.0	0.0		True	False	False	1	100.58277440071106
S1-444801830	S2-742077842	15.0	0.57993084192276	29.0	0.9506136178970337	0.0		True	True	False	2	201.5305444598198
S1-444801830	S2-304177076	16.0	0.5756961107254028		0.0	0.0		True	False	False	1	100.5756961107254
S1-444801830	S2-600460285	17.0	0.5737236738204956	4.0	0.9659927487373352	0.0		True	True	False	2	201.53971642255783
S1-444801830	S2-905827553	18.0	0.5697166919708252		0.0	0.0		True	False	False	1	100.56971669197083
S1-444801830	S2-292567038	19.0	0.5659277439117432		0.0	0.0		True	False	False	1	100.56592774391174
S1-444801830	S2-357438552	20.0	0.5645813345909119		0.0	0.0		True	False	False	1	100.56458133459091
S1-444801830	S2-501534718	21.0	0.5631299018859863		0.0	0.0		True	False	False	1	100.56312990188599
S1-444801830	S2-591078525	22.0	0.5583371520042419		0.0	0.0		True	False	False	1	100.55833715200424
S1-444801830	S2-784442772	23.0	0.5510455369949341	1.0	0.9756894111633301	0.0		True	True	False	2	201.52673494815826
S1-444801830	S2-634571997	24.0	0.5498363971710205	19.0	0.954668402671814	0.0		True	True	False	2	201.50450479984283
S1-444801830	S2-956479781	25.0	0.5343645811080933		0.0	0.0		True	False	False	1	100.5343645811081
S1-444801830	S2-210791875	26.0	0.5291705131530762	12.0	0.9594684839248657	0.0		True	True	False	2	201.48863899707794
S1-444801830	S2-495461061	27.0	0.5286874771118164		0.0	0.0		True	False	False	1	100.52868747711182
S1-444801830	S2-654270940	28.0	0.5246295928955078		0.0	0.0		True	False	False	1	100.52462959289551
S1-444801830	S2-767997013	29.0	0.5228099822998047	6.0	0.962486207485199	0.0		True	True	False	2	201.485296189785
S1-444801830	S2-530685908	30.0	0.5175735354423523		0.0	0.0		True	False	False	1	100.51757353544235
S1-444801830	S3-464265492	1.0	0.6536256074905396		0.0	0.0		True	False	False	1	100.65362560749054
S1-444801830	S3-219041197	2.0	0.640120267868042		0.0	0.0		True	False	False	1	100.64012026786804
S1-444801830	S3-610536355	3.0	0.6382330656051636	2.0	0.9699668884277344	0.0		True	True	False	2	201.6081999540329
S1-444801830	S3-288440193	4.0	0.6347943544387817	8.0	0.9577874541282654	0.0		True	True	False	2	201.59258180856705
S1-444801830	S3-825495383	5.0	0.6235572695732117		0.0	0.0		True	False	False	1	100.62355726957321
S1-444801830	S3-264170444	6.0	0.6141935586929321		0.0	0.0		True	False	False	1	100.61419355869293
S1-444801830	S3-895598264	7.0	0.6076303720474243	6.0	0.9590160250663757	0.0		True	True	False	2	201.5666463971138
S1-444801830	S3-536202929	8.0	0.6008986234664917	11.0	0.9556449055671692	0.0		True	True	False	2	201.55654352903366
S1-444801830	S3-18976400	9.0	0.6003903150558472		0.0	0.0		True	False	False	1	100.60039031505585
S1-444801830	S3-580736465	10.0	0.5999791622161865		0.0	0.0		True	False	False	1	100.59997916221619
S1-444801830	S3-662721327	11.0	0.5983576774597168	18.0	0.9492721557617188	0.0		True	True	False	2	201.54762983322144
S1-444801830	S3-867263634	12.0	0.5975123643875122		0.0	0.0		True	False	False	1	100.59751236438751
S1-444801830	S3-483958914	13.0	0.5925994515419006	22.0	0.9484388828277588	0.0		True	True	False	2	201.54103833436966
S1-444801830	S3-159233685	14.0	0.5904228687286377	24.0	0.9481571912765503	0.0		True	True	False	2	201.5385800600052
S1-444801830	S3-436480804	15.0	0.5892946720123291		0.0	0.0		True	False	False	1	100.58929467201233
S1-444801830	S3-250324284	16.0	0.5858849883079529		0.0	0.0		True	False	False	1	100.58588498830795
S1-444801830	S3-191842349	17.0	0.5857354402542114		0.0	0.0		True	False	False	1	100.58573544025421
S1-444801830	S3-289697426	18.0	0.5839825868606567		0.0	0.0		True	False	False	1	100.58398258686066
S1-444801830	S3-125349995	19.0	0.5817708969116211	30.0	0.9427281618118286	0.0		True	True	False	2	201.52449905872345
S1-444801830	S3-652287374	20.0	0.5800043344497681	15.0	0.9530611634254456	0.0		True	True	False	2	201.5330654978752
S1-444801830	S3-10300249	21.0	0.5745972394943237		0.0	0.0		True	False	False	1	100.57459723949432
S1-444801830	S3-853414998	22.0	0.5723192691802979		0.0	0.0		True	False	False	1	100.5723192691803
S1-444801830	S3-323904182	23.0	0.5721848011016846		0.0	0.0		True	False	False	1	100.57218480110168
S1-444801830	S3-961421742	24.0	0.5703998804092407		0.0	0.0		True	False	False	1	100.57039988040924
S1-444801830	S3-158901285	25.0	0.5694639682769775		0.0	0.0		True	False	False	1	100.56946396827698
S1-444801830	S3-98186645	26.0	0.56928551197052		0.0	0.0		True	False	False	1	100.56928551197052
S1-444801830	S3-173398261	27.0	0.5688350200653076	3.0	0.9657863974571228	0.0		True	True	False	2	201.53462141752243
S1-444801830	S3-577972146	28.0	0.5676541328430176	1.0	0.9704332947731018	0.0		True	True	False	2	201.53808742761612
S1-444801830	S3-227725397	29.0	0.5655885934829712	14.0	0.9531607627868652	0.0		True	True	False	2	201.51874935626984
S1-444801830	S3-218566871	30.0	0.5629279613494873		0.0	0.0		True	False	False	1	100.56292796134949
S1-444801830	S2-412565852		0.0	3.0	0.9668264985084534	0.0		False	True	False	1	100.96682649850845
S1-444801830	S2-400190057		0.0	5.0	0.9635188579559326	0.0		False	True	False	1	100.96351885795593
S1-444801830	S2-119647643		0.0	7.0	0.9614603519439697	0.0		False	True	False	1	100.96146035194397
S1-444801830	S2-550697952		0.0	8.0	0.9614487886428833	0.0		False	True	False	1	100.96144878864288
S1-444801830	S2-193013091		0.0	9.0	0.9610193371772766	0.0		False	True	False	1	100.96101933717728
S1-444801830	S2-576201028		0.0	10.0	0.9610053300857544	0.0		False	True	False	1	100.96100533008575
S1-444801830	S2-378846408		0.0	11.0	0.9601064324378967	0.0		False	True	False	1	100.9601064324379
S1-444801830	S2-744098365		0.0	13.0	0.9587361812591553	0.0		False	True	False	1	100.95873618125916
S1-444801830	S2-933865098		0.0	14.0	0.9564458131790161	0.0		False	True	False	1	100.95644581317902
S1-444801830	S2-638268338		0.0	16.0	0.9554257392883301	0.0		False	True	False	1	100.95542573928833
S1-444801830	S2-258890831		0.0	17.0	0.955068826675415	0.0		False	True	False	1	100.95506882667542
S1-444801830	S2-647447093		0.0	18.0	0.9546777606010437	0.0		False	True	False	1	100.95467776060104
S1-444801830	S2-779040268		0.0	20.0	0.9546312689781189	0.0		False	True	False	1	100.95463126897812
S1-444801830	S2-742018880		0.0	21.0	0.9545074105262756	0.0		False	True	False	1	100.95450741052628
S1-444801830	S2-583840796		0.0	22.0	0.954302191734314	0.0		False	True	False	1	100.95430219173431
S1-444801830	S2-715460557		0.0	23.0	0.9532032012939453	0.0		False	True	False	1	100.95320320129395
S1-444801830	S2-566025912		0.0	25.0	0.9515774250030518	0.0		False	True	False	1	100.95157742500305
S1-444801830	S2-823489243		0.0	26.0	0.9515148401260376	0.0		False	True	False	1	100.95151484012604
S1-444801830	S2-809665812		0.0	27.0	0.9512114524841309	0.0		False	True	False	1	100.95121145248413
S1-444801830	S2-416136682		0.0	28.0	0.9506646394729614	0.0		False	True	False	1	100.95066463947296
S1-444801830	S2-726058757		0.0	30.0	0.9499942064285278	0.0		False	True	False	1	100.94999420642853
S1-444801830	S3-768772995		0.0	4.0	0.9647770524024963	0.0		False	True	False	1	100.9647770524025
S1-444801830	S3-170975522		0.0	5.0	0.9640991687774658	0.0		False	True	False	1	100.96409916877747
S1-444801830	S3-367901084		0.0	7.0	0.9587856531143188	0.0		False	True	False	1	100.95878565311432
S1-444801830	S3-468731115		0.0	9.0	0.9567571878433228	0.0		False	True	False	1	100.95675718784332
S1-444801830	S3-760959067		0.0	10.0	0.9564861059188843	0.0		False	True	False	1	100.95648610591888
S1-444801830	S3-150632472		0.0	12.0	0.9549756050109863	0.0		False	True	False	1	100.95497560501099
S1-444801830	S3-937140604		0.0	13.0	0.9546875953674316	0.0		False	True	False	1	100.95468759536743
S1-444801830	S3-185659081		0.0	16.0	0.952793300151825	0.0		False	True	False	1	100.95279330015182
S1-444801830	S3-960416326		0.0	17.0	0.9510684013366699	0.0		False	True	False	1	100.95106840133667
S1-444801830	S3-276427681		0.0	19.0	0.9490598440170288	0.0		False	True	False	1	100.94905984401703
S1-444801830	S3-517069981		0.0	20.0	0.9487695693969727	0.0		False	True	False	1	100.94876956939697
S1-444801830	S3-995796854		0.0	21.0	0.9487649202346802	0.0		False	True	False	1	100.94876492023468
S1-444801830	S3-389830698		0.0	23.0	0.9483507871627808	0.0		False	True	False	1	100.94835078716278
S1-444801830	S3-573605691		0.0	25.0	0.9478344321250916	0.0		False	True	False	1	100.94783443212509
S1-444801830	S3-695502221		0.0	26.0	0.9470583200454712	0.0		False	True	False	1	100.94705832004547
S1-444801830	S3-526709055		0.0	27.0	0.9457072615623474	0.0		False	True	False	1	100.94570726156235
S1-444801830	S3-265204232		0.0	28.0	0.9452273845672607	0.0		False	True	False	1	100.94522738456726
S1-444801830	S3-819001322		0.0	29.0	0.9428028464317322	0.0		False	True	False	1	100.94280284643173
S1-502376041	S2-786671109	1.0	0.6449136734008789	3.0	0.9699017405509949	0.0		True	True	False	2	201.61481541395187
S1-502376041	S2-292567038	2.0	0.6338356733322144		0.0	0.0		True	False	False	1	100.63383567333221
S1-502376041	S2-317480348	3.0	0.6289205551147461		0.0	0.0		True	False	False	1	100.62892055511475
S1-502376041	S2-956479781	4.0	0.6125196218490601		0.0	0.0		True	False	False	1	100.61251962184906
S1-502376041	S2-913930320	5.0	0.607511043548584	4.0	0.9652395248413086	0.0		True	True	False	2	201.5727505683899
S1-502376041	S2-434748052	6.0	0.6019816398620605		0.0	0.0		True	False	False	1	100.60198163986206
S1-502376041	S2-485885002	7.0	0.5962000489234924	11.0	0.9531855583190918	0.0		True	True	False	2	201.54938560724258
S1-502376041	S2-742077842	8.0	0.5945558547973633		0.0	0.0		True	False	False	1	100.59455585479736
S1-502376041	S2-304177076	9.0	0.5864124298095703		0.0	0.0		True	False	False	1	100.58641242980957
S1-502376041	S2-910351373	10.0	0.5764907598495483	8.0	0.9571918249130249	0.0		True	True	False	2	201.53368258476257
S1-502376041	S2-784442772	11.0	0.5661046504974365	18.0	0.9483818411827087	0.0		True	True	False	2	201.51448649168015
S1-502376041	S2-654270940	12.0	0.5657637119293213		0.0	0.0		True	False	False	1	100.56576371192932
S1-502376041	S2-77137709	13.0	0.5653775930404663	2.0	0.9733884334564209	0.0		True	True	False	2	201.5387660264969
S1-502376041	S2-537184954	14.0	0.5535261631011963		0.0	0.0		True	False	False	1	100.5535261631012
S1-502376041	S2-905827553	15.0	0.5488994121551514		0.0	0.0		True	False	False	1	100.54889941215515
S1-502376041	S2-785042722	16.0	0.5466721057891846	5.0	0.9612653255462646	0.0		True	True	False	2	201.50793743133545
S1-502376041	S2-229677112	17.0	0.545322597026825		0.0	0.0		True	False	False	1	100.54532259702682
S1-502376041	S2-192345572	18.0	0.5404404401779175	20.0	0.9461695551872253	0.0		True	True	False	2	201.48660999536514
S1-502376041	S2-210791875	19.0	0.538572371006012	10.0	0.954505443572998	0.0		True	True	False	2	201.493077814579
S1-502376041	S2-550697952	20.0	0.5262435078620911		0.0	0.0		True	False	False	1	100.52624350786209
S1-502376041	S2-223826524	21.0	0.5262012481689453	16.0	0.9487161636352539	0.0		True	True	False	2	201.4749174118042
S1-502376041	S2-495461061	22.0	0.5079269409179688		0.0	0.0		True	False	False	1	100.50792694091797
S1-502376041	S2-501534718	23.0	0.5075236558914185	9.0	0.9549008011817932	0.0		True	True	False	2	201.4624244570732
S1-502376041	S2-600460285	24.0	0.505695104598999	12.0	0.9513360261917114	0.0		True	True	False	2	201.4570311307907
S1-502376041	S2-578788567	25.0	0.5015243291854858	14.0	0.9497624635696411	0.0		True	True	False	2	201.45128679275513
S1-502376041	S2-999853272	26.0	0.5010942816734314		0.0	0.0		True	False	False	1	100.50109428167343
S1-502376041	S2-634571997	27.0	0.494623064994812		0.0	0.0		True	False	False	1	100.49462306499481
S1-502376041	S2-357438552	28.0	0.49333035945892334	15.0	0.9495599865913391	0.0		True	True	False	2	201.44289034605026
S1-502376041	S2-440948455	29.0	0.4865955412387848		0.0	0.0		True	False	False	1	100.48659554123878
S1-502376041	S2-891600450	30.0	0.48178422451019287		0.0	0.0		True	False	False	1	100.48178422451019
S1-502376041	S3-323904182	1.0	0.6702169179916382	28.0	0.9407690763473511	0.0		True	True	False	2	201.610985994339
S1-502376041	S3-227725397	2.0	0.620028555393219		0.0	0.0		True	False	False	1	100.62002855539322
S1-502376041	S3-604980231	3.0	0.6198314428329468		0.0	0.0		True	False	False	1	100.61983144283295
S1-502376041	S3-577972146	4.0	0.61211758852005	20.0	0.9553379416465759	0.0		True	True	False	2	201.56745553016663
S1-502376041	S3-10300249	5.0	0.5999507904052734		0.0	0.0		True	False	False	1	100.59995079040527
S1-502376041	S3-276427681	6.0	0.5998733043670654	10.0	0.9665623903274536	0.0		True	True	False	2	201.56643569469452
S1-502376041	S3-536202929	7.0	0.5958315134048462	22.0	0.9531452655792236	0.0		True	True	False	2	201.54897677898407
S1-502376041	S3-191842349	8.0	0.590772271156311		0.0	0.0		True	False	False	1	100.59077227115631
S1-502376041	S3-127741306	9.0	0.5898940563201904	21.0	0.9538276195526123	0.0		True	True	False	2	201.5437216758728
S1-502376041	S3-125349995	10.0	0.5883163213729858	15.0	0.9596482515335083	0.0		True	True	False	2	201.5479645729065
S1-502376041	S3-580736465	11.0	0.5862431526184082	30.0	0.9368754625320435	0.0		True	True	False	2	201.52311861515045
S1-502376041	S3-264170444	12.0	0.5852662324905396		0.0	0.0		True	False	False	1	100.58526623249054
S1-502376041	S3-288440193	13.0	0.5782468914985657	12.0	0.9633890986442566	0.0		True	True	False	2	201.54163599014282
S1-502376041	S3-462677478	14.0	0.5765749216079712		0.0	0.0		True	False	False	1	100.57657492160797
S1-502376041	S3-219041197	15.0	0.5736943483352661		0.0	0.0		True	False	False	1	100.57369434833527
S1-502376041	S3-115653125	16.0	0.5700879096984863		0.0	0.0		True	False	False	1	100.57008790969849
S1-502376041	S3-867263634	17.0	0.5664926767349243		0.0	0.0		True	False	False	1	100.56649267673492
S1-502376041	S3-695502221	18.0	0.5586772561073303	7.0	0.9716534614562988	0.0		True	True	False	2	201.53033071756363
S1-502376041	S3-825495383	19.0	0.5559591054916382	16.0	0.9587485194206238	0.0		True	True	False	2	201.51470762491226
S1-502376041	S3-688194826	20.0	0.5524958372116089	3.0	0.9751245975494385	0.0		True	True	False	2	201.52762043476105
S1-502376041	S3-436480804	21.0	0.5448907613754272	6.0	0.9723497629165649	0.0		True	True	False	2	201.517240524292
S1-502376041	S3-526709055	22.0	0.5364229083061218	17.0	0.9583662748336792	0.0		True	True	False	2	201.4947891831398
S1-502376041	S3-18976400	23.0	0.5356854200363159	9.0	0.966899573802948	0.0		True	True	False	2	201.50258499383926
S1-502376041	S3-289697426	24.0	0.5349414348602295		0.0	0.0		True	False	False	1	100.53494143486023
S1-502376041	S3-560657213	25.0	0.5342127084732056		0.0	0.0		True	False	False	1	100.5342127084732
S1-502376041	S3-250324284	26.0	0.5338517427444458	23.0	0.9525488018989563	0.0		True	True	False	2	201.4864005446434
S1-502376041	S3-895598264	27.0	0.5310014486312866	25.0	0.9506287574768066	0.0		True	True	False	2	201.4816302061081
S1-502376041	S3-170975522	28.0	0.5300002098083496	24.0	0.9518853425979614	0.0		True	True	False	2	201.4818855524063
S1-502376041	S3-611681699	29.0	0.5286948680877686		0.0	0.0		True	False	False	1	100.52869486808777
S1-502376041	S3-173398261	30.0	0.528188169002533	26.0	0.9456467628479004	0.0		True	True	False	2	201.47383493185043
S1-502376041	S2-530685908		0.0	1.0	0.9777640700340271	0.0		False	True	False	1	100.97776407003403
S1-502376041	S2-767997013		0.0	6.0	0.958659827709198	0.0		False	True	False	1	100.9586598277092
S1-502376041	S2-4583532		0.0	7.0	0.9579592943191528	0.0		False	True	False	1	100.95795929431915
S1-502376041	S2-592412285		0.0	13.0	0.9502416849136353	0.0		False	True	False	1	100.95024168491364
S1-502376041	S2-933865098		0.0	17.0	0.9486042261123657	0.0		False	True	False	1	100.94860422611237
S1-502376041	S2-787861634		0.0	19.0	0.9475888013839722	0.0		False	True	False	1	100.94758880138397
S1-502376041	S2-875724478		0.0	21.0	0.9458984136581421	0.0		False	True	False	1	100.94589841365814
S1-502376041	S2-578484139		0.0	22.0	0.9455795884132385	0.0		False	True	False	1	100.94557958841324
S1-502376041	S2-638268338		0.0	23.0	0.9450384378433228	0.0		False	True	False	1	100.94503843784332
S1-502376041	S2-742018880		0.0	24.0	0.9444642066955566	0.0		False	True	False	1	100.94446420669556
S1-502376041	S2-779040268		0.0	25.0	0.9389739036560059	0.0		False	True	False	1	100.938973903656
S1-502376041	S2-412565852		0.0	26.0	0.9387059807777405	0.0		False	True	False	1	100.93870598077774
S1-502376041	S2-576201028		0.0	27.0	0.9382359981536865	0.0		False	True	False	1	100.93823599815369
S1-502376041	S2-258890831		0.0	28.0	0.9378023743629456	0.0		False	True	False	1	100.93780237436295
S1-502376041	S2-193013091		0.0	29.0	0.9373621940612793	0.0		False	True	False	1	100.93736219406128
S1-502376041	S2-305637735		0.0	30.0	0.9337828755378723	0.0		False	True	False	1	100.93378287553787
S1-502376041	S3-98186645		0.0	1.0	0.9824872016906738	0.0		False	True	False	1	100.98248720169067
S1-502376041	S3-819001322		0.0	2.0	0.9770548939704895	0.0		False	True	False	1	100.97705489397049
S1-502376041	S3-218566871		0.0	4.0	0.9732561707496643	0.0		False	True	False	1	100.97325617074966
S1-502376041	S3-662721327		0.0	5.0	0.9725568890571594	0.0		False	True	False	1	100.97255688905716
S1-502376041	S3-219844340		0.0	8.0	0.9680259823799133	0.0		False	True	False	1	100.96802598237991
S1-502376041	S3-158901285		0.0	11.0	0.9648101329803467	0.0		False	True	False	1	100.96481013298035
S1-502376041	S3-961421742		0.0	13.0	0.9601427316665649	0.0		False	True	False	1	100.96014273166656
S1-502376041	S3-797381132		0.0	14.0	0.9601375460624695	0.0		False	True	False	1	100.96013754606247
S1-502376041	S3-464265492		0.0	18.0	0.956183910369873	0.0		False	True	False	1	100.95618391036987
S1-502376041	S3-960416326		0.0	19.0	0.9561667442321777	0.0		False	True	False	1	100.95616674423218
S1-502376041	S3-482581656		0.0	27.0	0.9438895583152771	0.0		False	True	False	1	100.94388955831528
S1-502376041	S3-159233685		0.0	29.0	0.937868595123291	0.0		False	True	False	1	100.93786859512329
S1-594021398	S2-600460285	1.0	0.6389878988265991	29.0	0.9290903210639954	0.0		True	True	False	2	201.5680782198906
S1-594021398	S2-786671109	2.0	0.6354503631591797	11.0	0.9448894262313843	0.0		True	True	False	2	201.58033978939056
S1-594021398	S2-913930320	3.0	0.6339457035064697	23.0	0.9316794872283936	0.0		True	True	False	2	201.56562519073486
S1-594021398	S2-530685908	4.0	0.6225997805595398	3.0	0.9647072553634644	0.0		True	True	False	2	201.587307035923
S1-594021398	S2-910351373	5.0	0.600142776966095	1.0	0.9684324264526367	0.0		True	True	False	2	201.56857520341873
S1-594021398	S2-537184954	6.0	0.5811116695404053		0.0	0.0		True	False	False	1	100.5811116695404
S1-594021398	S2-292567038	7.0	0.5792973041534424		0.0	0.0		True	False	False	1	100.57929730415344
S1-594021398	S2-192345572	8.0	0.5691105723381042		0.0	0.0		True	False	False	1	100.5691105723381
S1-594021398	S2-304177076	9.0	0.5667560696601868		0.0	0.0		True	False	False	1	100.56675606966019
S1-594021398	S2-317480348	10.0	0.5662494897842407		0.0	0.0		True	False	False	1	100.56624948978424
S1-594021398	S2-434748052	11.0	0.5617061853408813	17.0	0.9361680150032043	0.0		True	True	False	2	201.49787420034409
S1-594021398	S2-485885002	12.0	0.5556634664535522		0.0	0.0		True	False	False	1	100.55566346645355
S1-594021398	S2-210791875	13.0	0.5472606420516968	4.0	0.9626595973968506	0.0		True	True	False	2	201.50992023944855
S1-594021398	S2-578788567	14.0	0.5439821481704712	26.0	0.930961012840271	0.0		True	True	False	2	201.47494316101074
S1-594021398	S2-166809876	15.0	0.5423208475112915		0.0	0.0		True	False	False	1	100.54232084751129
S1-594021398	S2-229677112	16.0	0.5420545935630798		0.0	0.0		True	False	False	1	100.54205459356308
S1-594021398	S2-495461061	17.0	0.5397993326187134		0.0	0.0		True	False	False	1	100.53979933261871
S1-594021398	S2-779040268	18.0	0.5320640802383423		0.0	0.0		True	False	False	1	100.53206408023834
S1-594021398	S2-905827553	19.0	0.5316548347473145		0.0	0.0		True	False	False	1	100.53165483474731
S1-594021398	S2-875724478	20.0	0.5307422280311584		0.0	0.0		True	False	False	1	100.53074222803116
S1-594021398	S2-742077842	21.0	0.530343234539032		0.0	0.0		True	False	False	1	100.53034323453903
S1-594021398	S2-956479781	22.0	0.5222485661506653		0.0	0.0		True	False	False	1	100.52224856615067
S1-594021398	S2-591078525	23.0	0.5210350751876831		0.0	0.0		True	False	False	1	100.52103507518768
S1-594021398	S2-550697952	24.0	0.5190485119819641	7.0	0.9545853734016418	0.0		True	True	False	2	201.4736338853836
S1-594021398	S2-785042722	25.0	0.5175577998161316	6.0	0.956234872341156	0.0		True	True	False	2	201.4737926721573
S1-594021398	S2-501534718	26.0	0.5175002217292786	20.0	0.9331992864608765	0.0		True	True	False	2	201.45069950819016
S1-594021398	S2-77137709	27.0	0.5115976333618164	12.0	0.9433056712150574	0.0		True	True	False	2	201.45490330457687
S1-594021398	S2-634571997	28.0	0.5095717310905457	14.0	0.9411524534225464	0.0		True	True	False	2	201.4507241845131
S1-594021398	S2-576201028	29.0	0.5087824463844299	16.0	0.9372060298919678	0.0		True	True	False	2	201.4459884762764
S1-594021398	S2-357438552	30.0	0.5050640106201172		0.0	0.0		True	False	False	1	100.50506401062012
S1-594021398	S3-877919199	1.0	0.5891025066375732		0.0	0.0		True	False	False	1	100.58910250663757
S1-594021398	S3-464265492	2.0	0.5811632871627808	25.0	0.9369010925292969	0.0		True	True	False	2	201.51806437969208
S1-594021398	S3-604980231	3.0	0.5751481056213379		0.0	0.0		True	False	False	1	100.57514810562134
S1-594021398	S3-688194826	4.0	0.5723259449005127	5.0	0.9591528177261353	0.0		True	True	False	2	201.53147876262665
S1-594021398	S3-227725397	5.0	0.5719971060752869		0.0	0.0		True	False	False	1	100.57199710607529
S1-594021398	S3-895598264	6.0	0.5692214965820312	1.0	0.9721579551696777	0.0		True	True	False	2	201.5413794517517
S1-594021398	S3-374810425	7.0	0.5667910575866699		0.0	0.0		True	False	False	1	100.56679105758667
S1-594021398	S3-580736465	8.0	0.5646489858627319		0.0	0.0		True	False	False	1	100.56464898586273
S1-594021398	S3-158901285	9.0	0.5643828511238098	19.0	0.9460473656654358	0.0		True	True	False	2	201.51043021678925
S1-594021398	S3-652287374	10.0	0.5640726685523987	13.0	0.9504614472389221	0.0		True	True	False	2	201.51453411579132
S1-594021398	S3-536202929	11.0	0.5634617805480957	11.0	0.950981080532074	0.0		True	True	False	2	201.51444286108017
S1-594021398	S3-361863410	12.0	0.5593785047531128		0.0	0.0		True	False	False	1	100.55937850475311
S1-594021398	S3-162993152	13.0	0.5590159893035889		0.0	0.0		True	False	False	1	100.55901598930359
S1-594021398	S3-115653125	14.0	0.5577094554901123		0.0	0.0		True	False	False	1	100.55770945549011
S1-594021398	S3-219041197	15.0	0.5559579133987427		0.0	0.0		True	False	False	1	100.55595791339874
S1-594021398	S3-170975522	16.0	0.5553324818611145	18.0	0.9462909698486328	0.0		True	True	False	2	201.50162345170975
S1-594021398	S3-191842349	17.0	0.5527576804161072		0.0	0.0		True	False	False	1	100.55275768041611
S1-594021398	S3-611681699	18.0	0.5504468679428101		0.0	0.0		True	False	False	1	100.55044686794281
S1-594021398	S3-819001322	19.0	0.548925518989563	12.0	0.950554609298706	0.0		True	True	False	2	201.49948012828827
S1-594021398	S3-289697426	20.0	0.5398935079574585		0.0	0.0		True	False	False	1	100.53989350795746
S1-594021398	S3-610536355	21.0	0.5396857857704163	16.0	0.948011040687561	0.0		True	True	False	2	201.48769682645798
S1-594021398	S3-18976400	22.0	0.5284035801887512	21.0	0.9451335668563843	0.0		True	True	False	2	201.47353714704514
S1-594021398	S3-695502221	23.0	0.5268274545669556	17.0	0.94661545753479	0.0		True	True	False	2	201.47344291210175
S1-594021398	S3-811459169	24.0	0.5254167318344116		0.0	0.0		True	False	False	1	100.52541673183441
S1-594021398	S3-264170444	25.0	0.5186481475830078		0.0	0.0		True	False	False	1	100.51864814758301
S1-594021398	S3-483958914	26.0	0.51847243309021	7.0	0.9555671215057373	0.0		True	True	False	2	201.47403955459595
S1-594021398	S3-853414998	27.0	0.5183892250061035		0.0	0.0		True	False	False	1	100.5183892250061
S1-594021398	S3-288440193	28.0	0.5170770883560181	23.0	0.9426833987236023	0.0		True	True	False	2	201.45976048707962
S1-594021398	S3-482581656	29.0	0.5159716010093689	14.0	0.94879549741745	0.0		True	True	False	2	201.46476709842682
S1-594021398	S3-961421742	30.0	0.5144253373146057		0.0	0.0		True	False	False	1	100.5144253373146
S1-594021398	S2-658886344		0.0	2.0	0.9655048847198486	0.0		False	True	False	1	100.96550488471985
S1-594021398	S2-592412285		0.0	5.0	0.9616143703460693	0.0		False	True	False	1	100.96161437034607
S1-594021398	S2-784442772		0.0	8.0	0.9543195962905884	0.0		False	True	False	1	100.95431959629059
S1-594021398	S2-767997013		0.0	9.0	0.9537026882171631	0.0		False	True	False	1	100.95370268821716
S1-594021398	S2-223826524		0.0	10.0	0.9474233984947205	0.0		False	True	False	1	100.94742339849472
S1-594021398	S2-594115095		0.0	13.0	0.9428475499153137	0.0		False	True	False	1	100.94284754991531
S1-594021398	S2-999853272		0.0	15.0	0.9378213286399841	0.0		False	True	False	1	100.93782132863998
S1-594021398	S2-934716922		0.0	18.0	0.9334985017776489	0.0		False	True	False	1	100.93349850177765
S1-594021398	S2-583840796		0.0	19.0	0.9332625865936279	0.0		False	True	False	1	100.93326258659363
S1-594021398	S2-262646344		0.0	21.0	0.9318619966506958	0.0		False	True	False	1	100.9318619966507
S1-594021398	S2-744098365		0.0	22.0	0.9317079782485962	0.0		False	True	False	1	100.9317079782486
S1-594021398	S2-170244057		0.0	24.0	0.931401252746582	0.0		False	True	False	1	100.93140125274658
S1-594021398	S2-193013091		0.0	25.0	0.9310188889503479	0.0		False	True	False	1	100.93101888895035
S1-594021398	S2-440948455		0.0	27.0	0.9301885366439819	0.0		False	True	False	1	100.93018853664398
S1-594021398	S2-715460557		0.0	28.0	0.9294415712356567	0.0		False	True	False	1	100.92944157123566
S1-594021398	S2-809665812		0.0	30.0	0.9288034439086914	0.0		False	True	False	1	100.92880344390869
S1-594021398	S3-825495383		0.0	2.0	0.9675401449203491	0.0		False	True	False	1	100.96754014492035
S1-594021398	S3-526709055		0.0	3.0	0.9624090194702148	0.0		False	True	False	1	100.96240901947021
S1-594021398	S3-662721327		0.0	4.0	0.9608045816421509	0.0		False	True	False	1	100.96080458164215
S1-594021398	S3-98186645		0.0	6.0	0.9575273394584656	0.0		False	True	False	1	100.95752733945847
S1-594021398	S3-218566871		0.0	8.0	0.9532532095909119	0.0		False	True	False	1	100.95325320959091
S1-594021398	S3-276427681		0.0	9.0	0.9520363807678223	0.0		False	True	False	1	100.95203638076782
S1-594021398	S3-74786614		0.0	10.0	0.9518769979476929	0.0		False	True	False	1	100.95187699794769
S1-594021398	S3-577972146		0.0	15.0	0.9480944871902466	0.0		False	True	False	1	100.94809448719025
S1-594021398	S3-797381132		0.0	20.0	0.9455973505973816	0.0		False	True	False	1	100.94559735059738
S1-594021398	S3-219844340		0.0	22.0	0.9430277347564697	0.0		False	True	False	1	100.94302773475647
S1-594021398	S3-960416326		0.0	24.0	0.93963623046875	0.0		False	True	False	1	100.93963623046875
S1-594021398	S3-436480804		0.0	26.0	0.9320992231369019	0.0		False	True	False	1	100.9320992231369
S1-594021398	S3-173398261		0.0	27.0	0.9312188625335693	0.0		False	True	False	1	100.93121886253357
S1-594021398	S3-92755938		0.0	28.0	0.9309936761856079	0.0		False	True	False	1	100.93099367618561
S1-594021398	S3-125349995		0.0	29.0	0.9285890460014343	0.0		False	True	False	1	100.92858904600143
S1-594021398	S3-305215419		0.0	30.0	0.9285475015640259	0.0		False	True	False	1	100.92854750156403
S1-261170522	S2-729157829	1.0	0.49036914110183716	27.0	0.9454435110092163	0.0		True	True	False	2	201.43581265211105
S1-261170522	S2-375151053	2.0	0.48411670327186584	12.0	0.9599884748458862	0.0		True	True	False	2	201.44410517811775
S1-261170522	S2-193013091	3.0	0.45289888978004456	24.0	0.9473074078559875	0.0		True	True	False	2	201.40020629763603
S1-261170522	S2-412565852	4.0	0.449550986289978	6.0	0.9648048877716064	0.0		True	True	False	2	201.41435587406158
S1-261170522	S2-416136682	5.0	0.4266289174556732		0.0	0.0		True	False	False	1	100.42662891745567
S1-261170522	S2-583840796	6.0	0.42213135957717896	23.0	0.9474166631698608	0.0		True	True	False	2	201.36954802274704
S1-261170522	S2-84473557	7.0	0.4134220480918884	10.0	0.9605141878128052	0.0		True	True	False	2	201.3739362359047
S1-261170522	S2-476476786	8.0	0.41309475898742676	17.0	0.9514405727386475	0.0		True	True	False	2	201.36453533172607
S1-261170522	S2-340420883	9.0	0.40898165106773376	22.0	0.9476006031036377	0.0		True	True	False	2	201.35658225417137
S1-261170522	S2-463756409	10.0	0.40319928526878357		0.0	0.0		True	False	False	1	100.40319928526878
S1-261170522	S2-17102176	11.0	0.40157341957092285		0.0	0.0		True	False	False	1	100.40157341957092
S1-261170522	S2-485885002	12.0	0.3981466293334961		0.0	0.0		True	False	False	1	100.3981466293335
S1-261170522	S2-560710588	13.0	0.39228877425193787		0.0	0.0		True	False	False	1	100.39228877425194
S1-261170522	S2-785042722	14.0	0.3876512050628662		0.0	0.0		True	False	False	1	100.38765120506287
S1-261170522	S2-268861424	15.0	0.38635891675949097	7.0	0.9630873799324036	0.0		True	True	False	2	201.3494462966919
S1-261170522	S2-158121477	16.0	0.3842643201351166		0.0	0.0		True	False	False	1	100.38426432013512
S1-261170522	S2-378851466	17.0	0.3838142454624176		0.0	0.0		True	False	False	1	100.38381424546242
S1-261170522	S2-229677112	18.0	0.383685827255249		0.0	0.0		True	False	False	1	100.38368582725525
S1-261170522	S2-786671109	19.0	0.3835224509239197		0.0	0.0		True	False	False	1	100.38352245092392
S1-261170522	S2-726058757	20.0	0.38171204924583435	21.0	0.9482041597366333	0.0		True	True	False	2	201.32991620898247
S1-261170522	S2-504393659	21.0	0.3770151138305664		0.0	0.0		True	False	False	1	100.37701511383057
S1-261170522	S2-537184954	22.0	0.3727554976940155		0.0	0.0		True	False	False	1	100.37275549769402
S1-261170522	S2-638268338	23.0	0.3686659336090088		0.0	0.0		True	False	False	1	100.36866593360901
S1-261170522	S2-434748052	24.0	0.3680264949798584		0.0	0.0		True	False	False	1	100.36802649497986
S1-261170522	S2-744098365	25.0	0.36684346199035645	3.0	0.9680532813072205	0.0		True	True	False	2	201.33489674329758
S1-261170522	S2-910351373	26.0	0.36497774720191956		0.0	0.0		True	False	False	1	100.36497774720192
S1-261170522	S2-89663826	27.0	0.362419992685318	5.0	0.9665055871009827	0.0		True	True	False	2	201.3289255797863
S1-261170522	S2-550697952	28.0	0.36210018396377563		0.0	0.0		True	False	False	1	100.36210018396378
S1-261170522	S2-449438476	29.0	0.35779258608818054	1.0	0.9790627360343933	0.0		True	True	False	2	201.33685532212257
S1-261170522	S2-119647643	30.0	0.35702866315841675	11.0	0.9602025747299194	0.0		True	True	False	2	201.31723123788834
S1-261170522	S3-184174096	1.0	0.5008300542831421	9.0	0.9594062566757202	0.0		True	True	False	2	201.46023631095886
S1-261170522	S3-380741339	2.0	0.4623798727989197	7.0	0.9623254537582397	0.0		True	True	False	2	201.42470532655716
S1-261170522	S3-468731115	3.0	0.448363333940506	19.0	0.9504746794700623	0.0		True	True	False	2	201.39883801341057
S1-261170522	S3-221443476	4.0	0.4353998303413391	16.0	0.9537180662155151	0.0		True	True	False	2	201.38911789655685
S1-261170522	S3-995796854	5.0	0.4316525459289551	1.0	0.9755971431732178	0.0		True	True	False	2	201.40724968910217
S1-261170522	S3-159233685	6.0	0.4077497124671936	30.0	0.9258126616477966	0.0		True	True	False	2	201.333562374115
S1-261170522	S3-10300249	7.0	0.399852991104126		0.0	0.0		True	False	False	1	100.39985299110413
S1-261170522	S3-162993152	8.0	0.3964994251728058		0.0	0.0		True	False	False	1	100.3964994251728
S1-261170522	S3-340374288	9.0	0.39619386196136475	27.0	0.9281209707260132	0.0		True	True	False	2	201.32431483268738
S1-261170522	S3-797337828	10.0	0.3900187611579895		0.0	0.0		True	False	False	1	100.39001876115799
S1-261170522	S3-185659081	11.0	0.3849848210811615	3.0	0.9701008796691895	0.0		True	True	False	2	201.35508570075035
S1-261170522	S3-18976400	12.0	0.38293159008026123		0.0	0.0		True	False	False	1	100.38293159008026
S1-261170522	S3-250324284	13.0	0.36482754349708557		0.0	0.0		True	False	False	1	100.36482754349709
S1-261170522	S3-150632472	14.0	0.3638984262943268	4.0	0.9664586782455444	0.0		True	True	False	2	201.33035710453987
S1-261170522	S3-760959067	15.0	0.3637886941432953	5.0	0.9642305374145508	0.0		True	True	False	2	201.32801923155785
S1-261170522	S3-573605691	16.0	0.362252801656723	18.0	0.9516370296478271	0.0		True	True	False	2	201.31388983130455
S1-261170522	S3-937140604	17.0	0.36115503311157227	24.0	0.9343168139457703	0.0		True	True	False	2	201.29547184705734
S1-261170522	S3-276427681	18.0	0.3606681227684021		0.0	0.0		True	False	False	1	100.3606681227684
S1-261170522	S3-389830698	19.0	0.3596930503845215	14.0	0.9560895562171936	0.0		True	True	False	2	201.31578260660172
S1-261170522	S3-227725397	20.0	0.3580673038959503	15.0	0.9547690749168396	0.0		True	True	False	2	201.3128363788128
S1-261170522	S3-825495383	21.0	0.35481059551239014		0.0	0.0		True	False	False	1	100.35481059551239
S1-261170522	S3-560657213	22.0	0.3510231375694275		0.0	0.0		True	False	False	1	100.35102313756943
S1-261170522	S3-934627663	23.0	0.3423154056072235		0.0	0.0		True	False	False	1	100.34231540560722
S1-261170522	S3-668629842	24.0	0.3421446681022644	10.0	0.9591265320777893	0.0		True	True	False	2	201.30127120018005
S1-261170522	S3-264170444	25.0	0.33809739351272583		0.0	0.0		True	False	False	1	100.33809739351273
S1-261170522	S3-436480804	26.0	0.3377690315246582		0.0	0.0		True	False	False	1	100.33776903152466
S1-261170522	S3-611681699	27.0	0.33774206042289734		0.0	0.0		True	False	False	1	100.3377420604229
S1-261170522	S3-125349995	28.0	0.3361589014530182		0.0	0.0		True	False	False	1	100.33615890145302
S1-261170522	S3-482581656	29.0	0.32947224378585815		0.0	0.0		True	False	False	1	100.32947224378586
S1-261170522	S3-610536355	30.0	0.32508233189582825	25.0	0.9332082867622375	0.0		True	True	False	2	201.25829061865807
S1-261170522	S2-823489243		0.0	2.0	0.9721216559410095	0.0		False	True	False	1	100.97212165594101
S1-261170522	S2-258890831		0.0	4.0	0.9678138494491577	0.0		False	True	False	1	100.96781384944916
S1-261170522	S2-481572644		0.0	8.0	0.9626121520996094	0.0		False	True	False	1	100.96261215209961
S1-261170522	S2-884102769		0.0	9.0	0.9617892503738403	0.0		False	True	False	1	100.96178925037384
S1-261170522	S2-917258438		0.0	13.0	0.9546164274215698	0.0		False	True	False	1	100.95461642742157
S1-261170522	S2-378846408		0.0	14.0	0.9545571208000183	0.0		False	True	False	1	100.95455712080002
S1-261170522	S2-809665812		0.0	15.0	0.9529091119766235	0.0		False	True	False	1	100.95290911197662
S1-261170522	S2-400190057		0.0	16.0	0.9524903297424316	0.0		False	True	False	1	100.95249032974243
S1-261170522	S2-495604525		0.0	18.0	0.9504406452178955	0.0		False	True	False	1	100.9504406452179
S1-261170522	S2-37424835		0.0	19.0	0.9494731426239014	0.0		False	True	False	1	100.9494731426239
S1-261170522	S2-938316135		0.0	20.0	0.9487576484680176	0.0		False	True	False	1	100.94875764846802
S1-261170522	S2-222871632		0.0	25.0	0.9465160369873047	0.0		False	True	False	1	100.9465160369873
S1-261170522	S2-715460557		0.0	26.0	0.9455701112747192	0.0		False	True	False	1	100.94557011127472
S1-261170522	S2-784442772		0.0	28.0	0.9450948238372803	0.0		False	True	False	1	100.94509482383728
S1-261170522	S2-559669701		0.0	29.0	0.9440407752990723	0.0		False	True	False	1	100.94404077529907
S1-261170522	S2-933865098		0.0	30.0	0.9434894919395447	0.0		False	True	False	1	100.94348949193954
S1-261170522	S3-75604340		0.0	2.0	0.9755877256393433	0.0		False	True	False	1	100.97558772563934
S1-261170522	S3-289567021		0.0	6.0	0.9630588293075562	0.0		False	True	False	1	100.96305882930756
S1-261170522	S3-367901084		0.0	8.0	0.9611991047859192	0.0		False	True	False	1	100.96119910478592
S1-261170522	S3-265204232		0.0	11.0	0.959026575088501	0.0		False	True	False	1	100.9590265750885
S1-261170522	S3-469272577		0.0	12.0	0.9577047228813171	0.0		False	True	False	1	100.95770472288132
S1-261170522	S3-768772995		0.0	13.0	0.9576688408851624	0.0		False	True	False	1	100.95766884088516
S1-261170522	S3-22088661		0.0	17.0	0.9530898332595825	0.0		False	True	False	1	100.95308983325958
S1-261170522	S3-416247723		0.0	20.0	0.9494436979293823	0.0		False	True	False	1	100.94944369792938
S1-261170522	S3-521783865		0.0	21.0	0.94196617603302	0.0		False	True	False	1	100.94196617603302
S1-261170522	S3-374810425		0.0	22.0	0.9371441006660461	0.0		False	True	False	1	100.93714410066605
S1-261170522	S3-577972146		0.0	23.0	0.9356259107589722	0.0		False	True	False	1	100.93562591075897
S1-261170522	S3-170975522		0.0	26.0	0.9307856559753418	0.0		False	True	False	1	100.93078565597534
S1-261170522	S3-797381132		0.0	28.0	0.9274859428405762	0.0		False	True	False	1	100.92748594284058
S1-261170522	S3-173398261		0.0	29.0	0.9269673228263855	0.0		False	True	False	1	100.92696732282639
S1-466641145	S2-933724724	1.0	0.5597322583198547	17.0	0.9415989518165588	0.0		True	True	False	2	201.5013312101364
S1-466641145	S2-262646344	2.0	0.4784618616104126		0.0	0.0		True	False	False	1	100.47846186161041
S1-466641145	S2-158121477	3.0	0.4783545136451721	22.0	0.937016487121582	0.0		True	True	False	2	201.41537100076675
S1-466641145	S2-770341988	4.0	0.4732634425163269	3.0	0.9541000127792358	0.0		True	True	False	2	201.42736345529556
S1-466641145	S2-575142052	5.0	0.4454439878463745	7.0	0.9529029726982117	0.0		True	True	False	2	201.3983469605446
S1-466641145	S2-112287031	6.0	0.44284194707870483	1.0	0.9592229127883911	0.0		True	True	False	2	201.4020648598671
S1-466641145	S2-647447093	7.0	0.44249412417411804	14.0	0.9439937472343445	0.0		True	True	False	2	201.38648787140846
S1-466641145	S2-170244057	8.0	0.43953245878219604	21.0	0.9372036457061768	0.0		True	True	False	2	201.37673610448837
S1-466641145	S2-566025912	9.0	0.42323166131973267	13.0	0.9448340535163879	0.0		True	True	False	2	201.36806571483612
S1-466641145	S2-416136682	10.0	0.42319539189338684	18.0	0.9407795071601868	0.0		True	True	False	2	201.36397489905357
S1-466641145	S2-878037834	11.0	0.42147013545036316	5.0	0.9534366130828857	0.0		True	True	False	2	201.37490674853325
S1-466641145	S2-459485143	12.0	0.42054373025894165		0.0	0.0		True	False	False	1	100.42054373025894
S1-466641145	S2-767997013	13.0	0.40125155448913574		0.0	0.0		True	False	False	1	100.40125155448914
S1-466641145	S2-800542765	14.0	0.3901252746582031	8.0	0.9528054594993591	0.0		True	True	False	2	201.34293073415756
S1-466641145	S2-412565852	15.0	0.3818556070327759		0.0	0.0		True	False	False	1	100.38185560703278
S1-466641145	S2-537184954	16.0	0.38123905658721924		0.0	0.0		True	False	False	1	100.38123905658722
S1-466641145	S2-742018880	17.0	0.37977325916290283		0.0	0.0		True	False	False	1	100.3797732591629
S1-466641145	S2-160823657	18.0	0.3752511739730835	9.0	0.9492313861846924	0.0		True	True	False	2	201.32448256015778
S1-466641145	S2-913930320	19.0	0.3727206885814667		0.0	0.0		True	False	False	1	100.37272068858147
S1-466641145	S2-223826524	20.0	0.37024497985839844		0.0	0.0		True	False	False	1	100.3702449798584
S1-466641145	S2-77137709	21.0	0.36250391602516174		0.0	0.0		True	False	False	1	100.36250391602516
S1-466641145	S2-560710588	22.0	0.3611062169075012		0.0	0.0		True	False	False	1	100.3611062169075
S1-466641145	S2-192345572	23.0	0.36039841175079346		0.0	0.0		True	False	False	1	100.3603984117508
S1-466641145	S2-305637735	24.0	0.3590582311153412		0.0	0.0		True	False	False	1	100.35905823111534
S1-466641145	S2-229677112	25.0	0.35780346393585205		0.0	0.0		True	False	False	1	100.35780346393585
S1-466641145	S2-785042722	26.0	0.3577960729598999		0.0	0.0		True	False	False	1	100.3577960729599
S1-466641145	S2-434748052	27.0	0.3513885736465454		0.0	0.0		True	False	False	1	100.35138857364655
S1-466641145	S2-742077842	28.0	0.35086843371391296		0.0	0.0		True	False	False	1	100.35086843371391
S1-466641145	S2-956479781	29.0	0.34337371587753296		0.0	0.0		True	False	False	1	100.34337371587753
S1-466641145	S2-449438476	30.0	0.3400237560272217		0.0	0.0		True	False	False	1	100.34002375602722
S1-466641145	S3-200532536	1.0	0.5820342302322388	13.0	0.9366656541824341	0.0		True	True	False	2	201.51869988441467
S1-466641145	S3-22321512	2.0	0.5783282518386841	2.0	0.9667561054229736	0.0		True	True	False	2	201.54508435726166
S1-466641145	S3-934627663	3.0	0.4886814057826996		0.0	0.0		True	False	False	1	100.4886814057827
S1-466641145	S3-198586129	4.0	0.479706346988678		0.0	0.0		True	False	False	1	100.47970634698868
S1-466641145	S3-712130770	5.0	0.4700179100036621	30.0	0.9166403412818909	0.0		True	True	False	2	201.38665825128555
S1-466641145	S3-971111671	6.0	0.46815499663352966	7.0	0.9426199197769165	0.0		True	True	False	2	201.41077491641045
S1-466641145	S3-92755938	7.0	0.46656501293182373	5.0	0.9464107155799866	0.0		True	True	False	2	201.4129757285118
S1-466641145	S3-543902884	8.0	0.4584628939628601	4.0	0.9549812078475952	0.0		True	True	False	2	201.41344410181046
S1-466641145	S3-305215419	9.0	0.44473326206207275	22.0	0.925967276096344	0.0		True	True	False	2	201.37070053815842
S1-466641145	S3-556228627	10.0	0.4442233443260193	8.0	0.9414845705032349	0.0		True	True	False	2	201.38570791482925
S1-466641145	S3-643284918	11.0	0.4215177595615387		0.0	0.0		True	False	False	1	100.42151775956154
S1-466641145	S3-715117209	12.0	0.4197618067264557	1.0	0.968984067440033	0.0		True	True	False	2	201.3887458741665
S1-466641145	S3-1062100	13.0	0.41757696866989136	15.0	0.9314872622489929	0.0		True	True	False	2	201.34906423091888
S1-466641145	S3-162993152	14.0	0.4117622375488281		0.0	0.0		True	False	False	1	100.41176223754883
S1-466641145	S3-811459169	15.0	0.4009733200073242		0.0	0.0		True	False	False	1	100.40097332000732
S1-466641145	S3-64079929	16.0	0.397346168756485	6.0	0.9446312785148621	0.0		True	True	False	2	201.34197744727135
S1-466641145	S3-191842349	17.0	0.392048180103302		0.0	0.0		True	False	False	1	100.3920481801033
S1-466641145	S3-203608044	18.0	0.3911153972148895	29.0	0.920098066329956	0.0		True	True	False	2	201.31121346354485
S1-466641145	S3-819001322	19.0	0.38311466574668884		0.0	0.0		True	False	False	1	100.38311466574669
S1-466641145	S3-577972146	20.0	0.38063278794288635	23.0	0.9226876497268677	0.0		True	True	False	2	201.30332043766975
S1-466641145	S3-250324284	21.0	0.378268837928772		0.0	0.0		True	False	False	1	100.37826883792877
S1-466641145	S3-218566871	22.0	0.37782466411590576		0.0	0.0		True	False	False	1	100.3778246641159
S1-466641145	S3-895598264	23.0	0.37465572357177734		0.0	0.0		True	False	False	1	100.37465572357178
S1-466641145	S3-227725397	24.0	0.36964151263237	10.0	0.9390389919281006	0.0		True	True	False	2	201.30868050456047
S1-466641145	S3-170975522	25.0	0.36926764249801636		0.0	0.0		True	False	False	1	100.36926764249802
S1-466641145	S3-688194826	26.0	0.3690067529678345		0.0	0.0		True	False	False	1	100.36900675296783
S1-466641145	S3-695502221	27.0	0.3688551187515259		0.0	0.0		True	False	False	1	100.36885511875153
S1-466641145	S3-159233685	28.0	0.36354681849479675		0.0	0.0		True	False	False	1	100.3635468184948
S1-466641145	S3-469272577	29.0	0.3634152412414551	18.0	0.9293816685676575	0.0		True	True	False	2	201.2927969098091
S1-466641145	S3-369430171	30.0	0.36274608969688416		0.0	0.0		True	False	False	1	100.36274608969688
S1-466641145	S2-440948455		0.0	2.0	0.9556101560592651	0.0		False	True	False	1	100.95561015605927
S1-466641145	S2-583840796		0.0	4.0	0.9538116455078125	0.0		False	True	False	1	100.95381164550781
S1-466641145	S2-594115095		0.0	6.0	0.9533733129501343	0.0		False	True	False	1	100.95337331295013
S1-466641145	S2-550697952		0.0	10.0	0.9488080143928528	0.0		False	True	False	1	100.94880801439285
S1-466641145	S2-809665812		0.0	11.0	0.9481163024902344	0.0		False	True	False	1	100.94811630249023
S1-466641145	S2-592412285		0.0	12.0	0.9452904462814331	0.0		False	True	False	1	100.94529044628143
S1-466641145	S2-715460557		0.0	15.0	0.9437798261642456	0.0		False	True	False	1	100.94377982616425
S1-466641145	S2-476476786		0.0	16.0	0.9419854879379272	0.0		False	True	False	1	100.94198548793793
S1-466641145	S2-108012128		0.0	19.0	0.9400789737701416	0.0		False	True	False	1	100.94007897377014
S1-466641145	S2-884102769		0.0	20.0	0.9375725984573364	0.0		False	True	False	1	100.93757259845734
S1-466641145	S2-340420883		0.0	23.0	0.9352295398712158	0.0		False	True	False	1	100.93522953987122
S1-466641145	S2-400190057		0.0	24.0	0.9348617792129517	0.0		False	True	False	1	100.93486177921295
S1-466641145	S2-744098365		0.0	25.0	0.9336977005004883	0.0		False	True	False	1	100.93369770050049
S1-466641145	S2-559669701		0.0	26.0	0.9332437515258789	0.0		False	True	False	1	100.93324375152588
S1-466641145	S2-934716922		0.0	27.0	0.9318512082099915	0.0		False	True	False	1	100.93185120820999
S1-466641145	S2-37424835		0.0	28.0	0.9311106204986572	0.0		False	True	False	1	100.93111062049866
S1-466641145	S2-89663826		0.0	29.0	0.9309715032577515	0.0		False	True	False	1	100.93097150325775
S1-466641145	S2-726058757		0.0	30.0	0.9299559593200684	0.0		False	True	False	1	100.92995595932007
S1-466641145	S3-835032939		0.0	3.0	0.9621248841285706	0.0		False	True	False	1	100.96212488412857
S1-466641145	S3-340374288		0.0	9.0	0.9391729831695557	0.0		False	True	False	1	100.93917298316956
S1-466641145	S3-185659081		0.0	11.0	0.9387601017951965	0.0		False	True	False	1	100.9387601017952
S1-466641145	S3-22088661		0.0	12.0	0.9367873072624207	0.0		False	True	False	1	100.93678730726242
S1-466641145	S3-760959067		0.0	14.0	0.9340569972991943	0.0		False	True	False	1	100.9340569972992
S1-466641145	S3-668629842		0.0	16.0	0.931328535079956	0.0		False	True	False	1	100.93132853507996
S1-466641145	S3-289567021		0.0	17.0	0.9306331872940063	0.0		False	True	False	1	100.930633187294
S1-466641145	S3-526709055		0.0	19.0	0.9291778802871704	0.0		False	True	False	1	100.92917788028717
S1-466641145	S3-380741339		0.0	20.0	0.9291608333587646	0.0		False	True	False	1	100.92916083335876
S1-466641145	S3-797337828		0.0	21.0	0.9267677068710327	0.0		False	True	False	1	100.92676770687103
S1-466641145	S3-768772995		0.0	24.0	0.9223431348800659	0.0		False	True	False	1	100.92234313488007
S1-466641145	S3-482581656		0.0	25.0	0.9221392869949341	0.0		False	True	False	1	100.92213928699493
S1-466641145	S3-221443476		0.0	26.0	0.9219508171081543	0.0		False	True	False	1	100.92195081710815
S1-466641145	S3-652287374		0.0	27.0	0.9214766025543213	0.0		False	True	False	1	100.92147660255432
S1-466641145	S3-536202929		0.0	28.0	0.921443521976471	0.0		False	True	False	1	100.92144352197647
S1-99245709	S2-77137709	1.0	0.6420042514801025	19.0	0.9414390325546265	0.0		True	True	False	2	201.58344328403473
S1-99245709	S2-600460285	2.0	0.580464243888855	14.0	0.9476637840270996	0.0		True	True	False	2	201.52812802791595
S1-99245709	S2-357438552	3.0	0.5512569546699524		0.0	0.0		True	False	False	1	100.55125695466995
S1-99245709	S2-786671109	4.0	0.5476837158203125		0.0	0.0		True	False	False	1	100.54768371582031
S1-99245709	S2-779040268	5.0	0.5453655123710632	15.0	0.9472179412841797	0.0		True	True	False	2	201.49258345365524
S1-99245709	S2-530685908	6.0	0.5317853093147278	10.0	0.949716329574585	0.0		True	True	False	2	201.4815016388893
S1-99245709	S2-875724478	7.0	0.5295475125312805		0.0	0.0		True	False	False	1	100.52954751253128
S1-99245709	S2-910351373	8.0	0.525745153427124	12.0	0.9484314322471619	0.0		True	True	False	2	201.4741765856743
S1-99245709	S2-787861634	9.0	0.5152597427368164	21.0	0.9409915804862976	0.0		True	True	False	2	201.4562513232231
S1-99245709	S2-434748052	10.0	0.5148820877075195	26.0	0.9401352405548096	0.0		True	True	False	2	201.45501732826233
S1-99245709	S2-634571997	11.0	0.4993084669113159	6.0	0.9571427702903748	0.0		True	True	False	2	201.4564512372017
S1-99245709	S2-956479781	12.0	0.49253004789352417		0.0	0.0		True	False	False	1	100.49253004789352
S1-99245709	S2-292567038	13.0	0.4769020080566406		0.0	0.0		True	False	False	1	100.47690200805664
S1-99245709	S2-485885002	14.0	0.47633495926856995		0.0	0.0		True	False	False	1	100.47633495926857
S1-99245709	S2-934716922	15.0	0.4742881953716278	5.0	0.9576016664505005	0.0		True	True	False	2	201.43188986182213
S1-99245709	S2-591078525	16.0	0.4718726873397827		0.0	0.0		True	False	False	1	100.47187268733978
S1-99245709	S2-501534718	17.0	0.4714832603931427		0.0	0.0		True	False	False	1	100.47148326039314
S1-99245709	S2-304177076	18.0	0.47030144929885864		0.0	0.0		True	False	False	1	100.47030144929886
S1-99245709	S2-166809876	19.0	0.4688301086425781		0.0	0.0		True	False	False	1	100.46883010864258
S1-99245709	S2-576201028	20.0	0.4682898223400116	11.0	0.9485172629356384	0.0		True	True	False	2	201.41680708527565
S1-99245709	S2-229677112	21.0	0.4667544960975647		0.0	0.0		True	False	False	1	100.46675449609756
S1-99245709	S2-913930320	22.0	0.46472224593162537		0.0	0.0		True	False	False	1	100.46472224593163
S1-99245709	S2-785042722	23.0	0.45959925651550293	18.0	0.9446898102760315	0.0		True	True	False	2	201.40428906679153
S1-99245709	S2-784442772	24.0	0.4586613178253174	2.0	0.9648222327232361	0.0		True	True	False	2	201.42348355054855
S1-99245709	S2-578788567	25.0	0.45433658361434937	1.0	0.9694987535476685	0.0		True	True	False	2	201.42383533716202
S1-99245709	S2-891600450	26.0	0.44830620288848877		0.0	0.0		True	False	False	1	100.44830620288849
S1-99245709	S2-317480348	27.0	0.4475287199020386		0.0	0.0		True	False	False	1	100.44752871990204
S1-99245709	S2-223826524	28.0	0.4453505575656891	4.0	0.9605852365493774	0.0		True	True	False	2	201.40593579411507
S1-99245709	S2-550697952	29.0	0.4443627893924713	25.0	0.9402507543563843	0.0		True	True	False	2	201.38461354374886
S1-99245709	S2-210791875	30.0	0.44064486026763916	3.0	0.9642438888549805	0.0		True	True	False	2	201.40488874912262
S1-99245709	S3-125349995	1.0	0.5761945247650146	5.0	0.9600669145584106	0.0		True	True	False	2	201.53626143932343
S1-99245709	S3-611681699	2.0	0.5715205073356628		0.0	0.0		True	False	False	1	100.57152050733566
S1-99245709	S3-436480804	3.0	0.5465951561927795		0.0	0.0		True	False	False	1	100.54659515619278
S1-99245709	S3-895598264	4.0	0.5375270843505859	20.0	0.9459985494613647	0.0		True	True	False	2	201.48352563381195
S1-99245709	S3-536202929	5.0	0.5359036326408386	9.0	0.9579930305480957	0.0		True	True	False	2	201.49389666318893
S1-99245709	S3-276427681	6.0	0.528381884098053	13.0	0.9520803689956665	0.0		True	True	False	2	201.48046225309372
S1-99245709	S3-688194826	7.0	0.5242258310317993		0.0	0.0		True	False	False	1	100.5242258310318
S1-99245709	S3-219041197	8.0	0.5234354734420776		0.0	0.0		True	False	False	1	100.52343547344208
S1-99245709	S3-580736465	9.0	0.5225521326065063		0.0	0.0		True	False	False	1	100.5225521326065
S1-99245709	S3-877919199	10.0	0.520014762878418		0.0	0.0		True	False	False	1	100.52001476287842
S1-99245709	S3-604980231	11.0	0.5162126421928406	14.0	0.9513942003250122	0.0		True	True	False	2	201.46760684251785
S1-99245709	S3-115653125	12.0	0.5056868195533752		0.0	0.0		True	False	False	1	100.50568681955338
S1-99245709	S3-288440193	13.0	0.5029282569885254	4.0	0.9603911638259888	0.0		True	True	False	2	201.4633194208145
S1-99245709	S3-374810425	14.0	0.5019903779029846		0.0	0.0		True	False	False	1	100.50199037790298
S1-99245709	S3-825495383	15.0	0.5008026361465454		0.0	0.0		True	False	False	1	100.50080263614655
S1-99245709	S3-652287374	16.0	0.49887537956237793	17.0	0.9481703042984009	0.0		True	True	False	2	201.44704568386078
S1-99245709	S3-191842349	17.0	0.49821239709854126		0.0	0.0		True	False	False	1	100.49821239709854
S1-99245709	S3-158901285	18.0	0.49343612790107727		0.0	0.0		True	False	False	1	100.49343612790108
S1-99245709	S3-159233685	19.0	0.4823029637336731		0.0	0.0		True	False	False	1	100.48230296373367
S1-99245709	S3-577972146	20.0	0.48080599308013916	1.0	0.9622738361358643	0.0		True	True	False	2	201.443079829216
S1-99245709	S3-464265492	21.0	0.4806603193283081		0.0	0.0		True	False	False	1	100.48066031932831
S1-99245709	S3-127741306	22.0	0.47864463925361633	29.0	0.9397658109664917	0.0		True	True	False	2	201.4184104502201
S1-99245709	S3-227725397	23.0	0.47701066732406616		0.0	0.0		True	False	False	1	100.47701066732407
S1-99245709	S3-483958914	24.0	0.47580021619796753	18.0	0.9469010233879089	0.0		True	True	False	2	201.42270123958588
S1-99245709	S3-526709055	25.0	0.4753207564353943	7.0	0.9582306742668152	0.0		True	True	False	2	201.4335514307022
S1-99245709	S3-462677478	26.0	0.47472327947616577		0.0	0.0		True	False	False	1	100.47472327947617
S1-99245709	S3-323904182	27.0	0.4711593985557556	22.0	0.9439852833747864	0.0		True	True	False	2	201.41514468193054
S1-99245709	S3-960416326	28.0	0.4678887724876404	6.0	0.9589986801147461	0.0		True	True	False	2	201.4268874526024
S1-99245709	S3-811459169	29.0	0.465883731842041		0.0	0.0		True	False	False	1	100.46588373184204
S1-99245709	S3-695502221	30.0	0.4632272720336914	2.0	0.9618609547615051	0.0		True	True	False	2	201.4250882267952
S1-99245709	S2-578484139		0.0	7.0	0.9512971043586731	0.0		False	True	False	1	100.95129710435867
S1-99245709	S2-767997013		0.0	8.0	0.9502705931663513	0.0		False	True	False	1	100.95027059316635
S1-99245709	S2-84473557		0.0	9.0	0.9498838186264038	0.0		False	True	False	1	100.9498838186264
S1-99245709	S2-592412285		0.0	13.0	0.947706401348114	0.0		False	True	False	1	100.94770640134811
S1-99245709	S2-495604525		0.0	16.0	0.9459970593452454	0.0		False	True	False	1	100.94599705934525
S1-99245709	S2-258890831		0.0	17.0	0.9456881284713745	0.0		False	True	False	1	100.94568812847137
S1-99245709	S2-17102176		0.0	20.0	0.9410697221755981	0.0		False	True	False	1	100.9410697221756
S1-99245709	S2-744098365		0.0	22.0	0.9407069087028503	0.0		False	True	False	1	100.94070690870285
S1-99245709	S2-193013091		0.0	23.0	0.9405664205551147	0.0		False	True	False	1	100.94056642055511
S1-99245709	S2-715460557		0.0	24.0	0.9402753710746765	0.0		False	True	False	1	100.94027537107468
S1-99245709	S2-647447093		0.0	27.0	0.9393973350524902	0.0		False	True	False	1	100.93939733505249
S1-99245709	S2-412565852		0.0	28.0	0.939224123954773	0.0		False	True	False	1	100.93922412395477
S1-99245709	S2-375151053		0.0	29.0	0.9386423230171204	0.0		False	True	False	1	100.93864232301712
S1-99245709	S2-638268338		0.0	30.0	0.9382413625717163	0.0		False	True	False	1	100.93824136257172
S1-99245709	S3-610536355		0.0	3.0	0.9612520933151245	0.0		False	True	False	1	100.96125209331512
S1-99245709	S3-173398261		0.0	8.0	0.9581220746040344	0.0		False	True	False	1	100.95812207460403
S1-99245709	S3-170975522		0.0	10.0	0.9549862742424011	0.0		False	True	False	1	100.9549862742424
S1-99245709	S3-662721327		0.0	11.0	0.954304039478302	0.0		False	True	False	1	100.9543040394783
S1-99245709	S3-819001322		0.0	12.0	0.9535220265388489	0.0		False	True	False	1	100.95352202653885
S1-99245709	S3-367901084		0.0	15.0	0.9502365589141846	0.0		False	True	False	1	100.95023655891418
S1-99245709	S3-218566871		0.0	16.0	0.9482403993606567	0.0		False	True	False	1	100.94824039936066
S1-99245709	S3-797381132		0.0	19.0	0.9461989402770996	0.0		False	True	False	1	100.9461989402771
S1-99245709	S3-98186645		0.0	21.0	0.9453877210617065	0.0		False	True	False	1	100.9453877210617
S1-99245709	S3-221443476		0.0	23.0	0.9428451061248779	0.0		False	True	False	1	100.94284510612488
S1-99245709	S3-482581656		0.0	24.0	0.9426822662353516	0.0		False	True	False	1	100.94268226623535
S1-99245709	S3-468731115		0.0	25.0	0.9426462650299072	0.0		False	True	False	1	100.94264626502991
S1-99245709	S3-150632472		0.0	26.0	0.9421619176864624	0.0		False	True	False	1	100.94216191768646
S1-99245709	S3-760959067		0.0	27.0	0.9412692785263062	0.0		False	True	False	1	100.9412692785263
S1-99245709	S3-416247723		0.0	28.0	0.9404957890510559	0.0		False	True	False	1	100.94049578905106
S1-99245709	S3-389830698		0.0	30.0	0.936583399772644	0.0		False	True	False	1	100.93658339977264
S1-339015166	S2-786671109	1.0	0.6024079918861389		0.0	0.0		True	False	False	1	100.60240799188614
S1-339015166	S2-576201028	2.0	0.5830765962600708		0.0	0.0		True	False	False	1	100.58307659626007
S1-339015166	S2-658886344	3.0	0.5387557744979858		0.0	0.0		True	False	False	1	100.53875577449799
S1-339015166	S2-913930320	4.0	0.5262151956558228		0.0	0.0		True	False	False	1	100.52621519565582
S1-339015166	S2-485885002	5.0	0.5223079919815063		0.0	0.0		True	False	False	1	100.5223079919815
S1-339015166	S2-875724478	6.0	0.5222221612930298		0.0	0.0		True	False	False	1	100.52222216129303
S1-339015166	S2-550697952	7.0	0.5148357152938843		0.0	0.0		True	False	False	1	100.51483571529388
S1-339015166	S2-530685908	8.0	0.5127637386322021		0.0	0.0		True	False	False	1	100.5127637386322
S1-339015166	S2-537184954	9.0	0.5036319494247437		0.0	0.0		True	False	False	1	100.50363194942474
S1-339015166	S2-192345572	10.0	0.49621403217315674	2.0	0.9185863733291626	0.0		True	True	False	2	201.41480040550232
S1-339015166	S2-434748052	11.0	0.4743301272392273		0.0	0.0		True	False	False	1	100.47433012723923
S1-339015166	S2-223826524	12.0	0.46809229254722595	23.0	0.8790038824081421	0.0		True	True	False	2	201.34709617495537
S1-339015166	S2-578788567	13.0	0.4678442180156708		0.0	0.0		True	False	False	1	100.46784421801567
S1-339015166	S2-229677112	14.0	0.46594905853271484		0.0	0.0		True	False	False	1	100.46594905853271
S1-339015166	S2-600460285	15.0	0.460256963968277		0.0	0.0		True	False	False	1	100.46025696396828
S1-339015166	S2-591078525	16.0	0.45978793501853943		0.0	0.0		True	False	False	1	100.45978793501854
S1-339015166	S2-905827553	17.0	0.45441657304763794		0.0	0.0		True	False	False	1	100.45441657304764
S1-339015166	S2-210791875	18.0	0.44935494661331177	7.0	0.891951322555542	0.0		True	True	False	2	201.34130626916885
S1-339015166	S2-999853272	19.0	0.4491742253303528		0.0	0.0		True	False	False	1	100.44917422533035
S1-339015166	S2-292567038	20.0	0.44257810711860657		0.0	0.0		True	False	False	1	100.4425781071186
S1-339015166	S2-317480348	21.0	0.437441885471344		0.0	0.0		True	False	False	1	100.43744188547134
S1-339015166	S2-787861634	22.0	0.4299374222755432		0.0	0.0		True	False	False	1	100.42993742227554
S1-339015166	S2-166809876	23.0	0.4280658960342407		0.0	0.0		True	False	False	1	100.42806589603424
S1-339015166	S2-119647643	24.0	0.41644740104675293		0.0	0.0		True	False	False	1	100.41644740104675
S1-339015166	S2-742077842	25.0	0.41487938165664673		0.0	0.0		True	False	False	1	100.41487938165665
S1-339015166	S2-934716922	26.0	0.414020836353302	11.0	0.8889358043670654	0.0		True	True	False	2	201.30295664072037
S1-339015166	S2-956479781	27.0	0.40712863206863403		0.0	0.0		True	False	False	1	100.40712863206863
S1-339015166	S2-84473557	28.0	0.4030892848968506	27.0	0.8739839792251587	0.0		True	True	False	2	201.277073264122
S1-339015166	S2-304177076	29.0	0.40227004885673523		0.0	0.0		True	False	False	1	100.40227004885674
S1-339015166	S2-785042722	30.0	0.40135282278060913	26.0	0.8754371404647827	0.0		True	True	False	2	201.2767899632454
S1-339015166	S3-877919199	1.0	0.5662437677383423		0.0	0.0		True	False	False	1	100.56624376773834
S1-339015166	S3-162993152	2.0	0.5625488758087158		0.0	0.0		True	False	False	1	100.56254887580872
S1-339015166	S3-170975522	3.0	0.5422911643981934	8.0	0.8804518580436707	0.0		True	True	False	2	201.42274302244186
S1-339015166	S3-811459169	4.0	0.5095010995864868		0.0	0.0		True	False	False	1	100.50950109958649
S1-339015166	S3-219041197	5.0	0.5092102289199829	15.0	0.8749644756317139	0.0		True	True	False	2	201.3841747045517
S1-339015166	S3-536202929	6.0	0.4943878948688507		0.0	0.0		True	False	False	1	100.49438789486885
S1-339015166	S3-961421742	7.0	0.4910013675689697		0.0	0.0		True	False	False	1	100.49100136756897
S1-339015166	S3-288440193	8.0	0.4885633885860443	19.0	0.8721604347229004	0.0		True	True	False	2	201.36072382330894
S1-339015166	S3-159233685	9.0	0.4868147373199463		0.0	0.0		True	False	False	1	100.48681473731995
S1-339015166	S3-895598264	10.0	0.481148362159729	27.0	0.8663188815116882	0.0		True	True	False	2	201.34746724367142
S1-339015166	S3-610536355	11.0	0.4697791337966919		0.0	0.0		True	False	False	1	100.46977913379669
S1-339015166	S3-867263634	12.0	0.4649609327316284		0.0	0.0		True	False	False	1	100.46496093273163
S1-339015166	S3-289697426	13.0	0.461383581161499	1.0	0.9335178136825562	0.0		True	True	False	2	201.39490139484406
S1-339015166	S3-10300249	14.0	0.45759445428848267		0.0	0.0		True	False	False	1	100.45759445428848
S1-339015166	S3-517069981	15.0	0.45491793751716614		0.0	0.0		True	False	False	1	100.45491793751717
S1-339015166	S3-580736465	16.0	0.4389323890209198		0.0	0.0		True	False	False	1	100.43893238902092
S1-339015166	S3-688194826	17.0	0.43758612871170044		0.0	0.0		True	False	False	1	100.4375861287117
S1-339015166	S3-560657213	18.0	0.43673765659332275	9.0	0.8802629709243774	0.0		True	True	False	2	201.3170006275177
S1-339015166	S3-264170444	19.0	0.4359334707260132		0.0	0.0		True	False	False	1	100.43593347072601
S1-339015166	S3-18976400	20.0	0.43518778681755066		0.0	0.0		True	False	False	1	100.43518778681755
S1-339015166	S3-695502221	21.0	0.430714875459671	18.0	0.872223973274231	0.0		True	True	False	2	201.3029388487339
S1-339015166	S3-184785497	22.0	0.430711567401886		0.0	0.0		True	False	False	1	100.43071156740189
S1-339015166	S3-250324284	23.0	0.4277353882789612		0.0	0.0		True	False	False	1	100.42773538827896
S1-339015166	S3-127741306	24.0	0.4182005226612091		0.0	0.0		True	False	False	1	100.41820052266121
S1-339015166	S3-86143878	25.0	0.41738325357437134		0.0	0.0		True	False	False	1	100.41738325357437
S1-339015166	S3-218566871	26.0	0.4173622727394104		0.0	0.0		True	False	False	1	100.41736227273941
S1-339015166	S3-462677478	27.0	0.41518834233283997		0.0	0.0		True	False	False	1	100.41518834233284
S1-339015166	S3-219844340	28.0	0.4141566753387451		0.0	0.0		True	False	False	1	100.41415667533875
S1-339015166	S3-276427681	29.0	0.4139763116836548	21.0	0.871222734451294	0.0		True	True	False	2	201.28519904613495
S1-339015166	S3-125349995	30.0	0.413485586643219		0.0	0.0		True	False	False	1	100.41348558664322
S1-339015166	S2-701289183		0.0	1.0	0.9194744825363159	0.0		False	True	False	1	100.91947448253632
S1-339015166	S2-638268338		0.0	3.0	0.9099059700965881	0.0		False	True	False	1	100.90990597009659
S1-339015166	S2-715460557		0.0	4.0	0.9081157445907593	0.0		False	True	False	1	100.90811574459076
S1-339015166	S2-594115095		0.0	5.0	0.9026411771774292	0.0		False	True	False	1	100.90264117717743
S1-339015166	S2-744098365		0.0	6.0	0.8924931883811951	0.0		False	True	False	1	100.8924931883812
S1-339015166	S2-340420883		0.0	8.0	0.8916294574737549	0.0		False	True	False	1	100.89162945747375
S1-339015166	S2-400190057		0.0	9.0	0.8909909129142761	0.0		False	True	False	1	100.89099091291428
S1-339015166	S2-933724724		0.0	10.0	0.8902703523635864	0.0		False	True	False	1	100.89027035236359
S1-339015166	S2-647447093		0.0	12.0	0.8868710994720459	0.0		False	True	False	1	100.88687109947205
S1-339015166	S2-779040268		0.0	13.0	0.8865785598754883	0.0		False	True	False	1	100.88657855987549
S1-339015166	S2-592412285		0.0	14.0	0.8861732482910156	0.0		False	True	False	1	100.88617324829102
S1-339015166	S2-726058757		0.0	15.0	0.8852549195289612	0.0		False	True	False	1	100.88525491952896
S1-339015166	S2-933865098		0.0	16.0	0.8850421905517578	0.0		False	True	False	1	100.88504219055176
S1-339015166	S2-170244057		0.0	17.0	0.8847140073776245	0.0		False	True	False	1	100.88471400737762
S1-339015166	S2-17102176		0.0	18.0	0.8836437463760376	0.0		False	True	False	1	100.88364374637604
S1-339015166	S2-884102769		0.0	19.0	0.8822450637817383	0.0		False	True	False	1	100.88224506378174
S1-339015166	S2-258890831		0.0	20.0	0.8811018466949463	0.0		False	True	False	1	100.88110184669495
S1-339015166	S2-89663826		0.0	21.0	0.8807336091995239	0.0		False	True	False	1	100.88073360919952
S1-339015166	S2-262646344		0.0	22.0	0.8803216814994812	0.0		False	True	False	1	100.88032168149948
S1-339015166	S2-504393659		0.0	24.0	0.8773840665817261	0.0		False	True	False	1	100.87738406658173
S1-339015166	S2-476476786		0.0	25.0	0.8765718936920166	0.0		False	True	False	1	100.87657189369202
S1-339015166	S2-742018880		0.0	28.0	0.8739362955093384	0.0		False	True	False	1	100.87393629550934
S1-339015166	S2-77137709		0.0	29.0	0.8736268877983093	0.0		False	True	False	1	100.87362688779831
S1-339015166	S2-784442772		0.0	30.0	0.872826337814331	0.0		False	True	False	1	100.87282633781433
S1-339015166	S3-556228627		0.0	2.0	0.8914835453033447	0.0		False	True	False	1	100.89148354530334
S1-339015166	S3-340374288		0.0	3.0	0.8913342952728271	0.0		False	True	False	1	100.89133429527283
S1-339015166	S3-573605691		0.0	4.0	0.891315758228302	0.0		False	True	False	1	100.8913157582283
S1-339015166	S3-92755938		0.0	5.0	0.8836004734039307	0.0		False	True	False	1	100.88360047340393
S1-339015166	S3-22321512		0.0	6.0	0.8812258839607239	0.0		False	True	False	1	100.88122588396072
S1-339015166	S3-185659081		0.0	7.0	0.8807917833328247	0.0		False	True	False	1	100.88079178333282
S1-339015166	S3-604980231		0.0	10.0	0.8796979188919067	0.0		False	True	False	1	100.8796979188919
S1-339015166	S3-521783865		0.0	11.0	0.8795931339263916	0.0		False	True	False	1	100.87959313392639
S1-339015166	S3-305215419		0.0	12.0	0.8795341849327087	0.0		False	True	False	1	100.87953418493271
S1-339015166	S3-937140604		0.0	13.0	0.8793169260025024	0.0		False	True	False	1	100.8793169260025
S1-339015166	S3-577972146		0.0	14.0	0.8774703741073608	0.0		False	True	False	1	100.87747037410736
S1-339015166	S3-361863410		0.0	16.0	0.8743593692779541	0.0		False	True	False	1	100.87435936927795
S1-339015166	S3-768772995		0.0	17.0	0.8731305599212646	0.0		False	True	False	1	100.87313055992126
S1-339015166	S3-227725397		0.0	20.0	0.8718947172164917	0.0		False	True	False	1	100.87189471721649
S1-339015166	S3-995796854		0.0	22.0	0.8711643218994141	0.0		False	True	False	1	100.87116432189941
S1-339015166	S3-797381132		0.0	23.0	0.8710352182388306	0.0		False	True	False	1	100.87103521823883
S1-339015166	S3-760959067		0.0	24.0	0.8691751956939697	0.0		False	True	False	1	100.86917519569397
S1-339015166	S3-98186645		0.0	25.0	0.8685122728347778	0.0		False	True	False	1	100.86851227283478
S1-339015166	S3-367901084		0.0	26.0	0.8682351112365723	0.0		False	True	False	1	100.86823511123657
S1-339015166	S3-221443476		0.0	28.0	0.8654329180717468	0.0		False	True	False	1	100.86543291807175
S1-339015166	S3-819001322		0.0	29.0	0.8650777339935303	0.0		False	True	False	1	100.86507773399353
S1-339015166	S3-265204232		0.0	30.0	0.8646577000617981	0.0		False	True	False	1	100.8646577000618
S1-614259237	S2-884102769	1.0	0.48132583498954773	8.0	0.9600765705108643	0.0		True	True	False	2	201.4414024055004
S1-614259237	S2-485885002	2.0	0.4804947078227997		0.0	0.0		True	False	False	1	100.4804947078228
S1-614259237	S2-229677112	3.0	0.47834497690200806		0.0	0.0		True	False	False	1	100.47834497690201
S1-614259237	S2-654270940	4.0	0.459827184677124		0.0	0.0		True	False	False	1	100.45982718467712
S1-614259237	S2-412565852	5.0	0.4568363130092621	17.0	0.9527528285980225	0.0		True	True	False	2	201.40958914160728
S1-614259237	S2-84473557	6.0	0.44868385791778564		0.0	0.0		True	False	False	1	100.44868385791779
S1-614259237	S2-726058757	7.0	0.4428744614124298	18.0	0.9524188041687012	0.0		True	True	False	2	201.39529326558113
S1-614259237	S2-119647643	8.0	0.4394889771938324	9.0	0.9593141674995422	0.0		True	True	False	2	201.39880314469337
S1-614259237	S2-463756409	9.0	0.43923601508140564		0.0	0.0		True	False	False	1	100.4392360150814
S1-614259237	S2-537184954	10.0	0.439138263463974		0.0	0.0		True	False	False	1	100.43913826346397
S1-614259237	S2-913930320	11.0	0.43084555864334106		0.0	0.0		True	False	False	1	100.43084555864334
S1-614259237	S2-193013091	12.0	0.42263901233673096	27.0	0.9469542503356934	0.0		True	True	False	2	201.36959326267242
S1-614259237	S2-938316135	13.0	0.4206097722053528		0.0	0.0		True	False	False	1	100.42060977220535
S1-614259237	S2-560710588	14.0	0.41931647062301636		0.0	0.0		True	False	False	1	100.41931647062302
S1-614259237	S2-744098365	15.0	0.4146501421928406	3.0	0.9670083522796631	0.0		True	True	False	2	201.3816584944725
S1-614259237	S2-550697952	16.0	0.4136422574520111	13.0	0.9557358622550964	0.0		True	True	False	2	201.3693781197071
S1-614259237	S2-434748052	17.0	0.41324347257614136		0.0	0.0		True	False	False	1	100.41324347257614
S1-614259237	S2-504393659	18.0	0.41131946444511414		0.0	0.0		True	False	False	1	100.41131946444511
S1-614259237	S2-37424835	19.0	0.40783044695854187		0.0	0.0		True	False	False	1	100.40783044695854
S1-614259237	S2-786671109	20.0	0.4048607647418976		0.0	0.0		True	False	False	1	100.4048607647419
S1-614259237	S2-340420883	21.0	0.3997613191604614		0.0	0.0		True	False	False	1	100.39976131916046
S1-614259237	S2-742077842	22.0	0.3992922902107239		0.0	0.0		True	False	False	1	100.39929229021072
S1-614259237	S2-905827553	23.0	0.39565515518188477		0.0	0.0		True	False	False	1	100.39565515518188
S1-614259237	S2-729157829	24.0	0.39487016201019287		0.0	0.0		True	False	False	1	100.39487016201019
S1-614259237	S2-578484139	25.0	0.3938799798488617	19.0	0.9520267248153687	0.0		True	True	False	2	201.34590670466423
S1-614259237	S2-222871632	26.0	0.39235445857048035		0.0	0.0		True	False	False	1	100.39235445857048
S1-614259237	S2-375151053	27.0	0.3904688060283661	20.0	0.9518820643424988	0.0		True	True	False	2	201.34235087037086
S1-614259237	S2-933724724	28.0	0.3885551393032074		0.0	0.0		True	False	False	1	100.38855513930321
S1-614259237	S2-956479781	29.0	0.38612884283065796		0.0	0.0		True	False	False	1	100.38612884283066
S1-614259237	S2-292567038	30.0	0.3815317749977112		0.0	0.0		True	False	False	1	100.38153177499771
S1-614259237	S3-159233685	1.0	0.5038952231407166		0.0	0.0		True	False	False	1	100.50389522314072
S1-614259237	S3-668629842	2.0	0.48949936032295227	5.0	0.9642940759658813	0.0		True	True	False	2	201.45379343628883
S1-614259237	S3-464265492	3.0	0.4774985611438751		0.0	0.0		True	False	False	1	100.47749856114388
S1-614259237	S3-604980231	4.0	0.4762745499610901		0.0	0.0		True	False	False	1	100.47627454996109
S1-614259237	S3-18976400	5.0	0.4704759120941162		0.0	0.0		True	False	False	1	100.47047591209412
S1-614259237	S3-10300249	6.0	0.45837637782096863		0.0	0.0		True	False	False	1	100.45837637782097
S1-614259237	S3-289567021	7.0	0.4491959810256958	27.0	0.9405897855758667	0.0		True	True	False	2	201.38978576660156
S1-614259237	S3-695502221	8.0	0.44644975662231445		0.0	0.0		True	False	False	1	100.44644975662231
S1-614259237	S3-185659081	9.0	0.43574774265289307	13.0	0.950273871421814	0.0		True	True	False	2	201.3860216140747
S1-614259237	S3-389830698	10.0	0.433341920375824	3.0	0.9654225707054138	0.0		True	True	False	2	201.39876449108124
S1-614259237	S3-289697426	11.0	0.4287671446800232		0.0	0.0		True	False	False	1	100.42876714468002
S1-614259237	S3-797381132	12.0	0.42296651005744934	2.0	0.968467652797699	0.0		True	True	False	2	201.39143416285515
S1-614259237	S3-611681699	13.0	0.4197395145893097		0.0	0.0		True	False	False	1	100.41973951458931
S1-614259237	S3-227725397	14.0	0.4156090319156647	16.0	0.9471834301948547	0.0		True	True	False	2	201.36279246211052
S1-614259237	S3-960416326	15.0	0.41394463181495667		0.0	0.0		True	False	False	1	100.41394463181496
S1-614259237	S3-937140604	16.0	0.4136511981487274		0.0	0.0		True	False	False	1	100.41365119814873
S1-614259237	S3-158901285	17.0	0.41336676478385925		0.0	0.0		True	False	False	1	100.41336676478386
S1-614259237	S3-797337828	18.0	0.4126080870628357		0.0	0.0		True	False	False	1	100.41260808706284
S1-614259237	S3-760959067	19.0	0.4019671082496643	4.0	0.9649291038513184	0.0		True	True	False	2	201.36689621210098
S1-614259237	S3-526709055	20.0	0.4011707901954651	15.0	0.9495312571525574	0.0		True	True	False	2	201.35070204734802
S1-614259237	S3-819001322	21.0	0.40044105052948		0.0	0.0		True	False	False	1	100.40044105052948
S1-614259237	S3-573605691	22.0	0.39916515350341797	18.0	0.9442497491836548	0.0		True	True	False	2	201.34341490268707
S1-614259237	S3-688194826	23.0	0.39807212352752686		0.0	0.0		True	False	False	1	100.39807212352753
S1-614259237	S3-895598264	24.0	0.39657819271087646		0.0	0.0		True	False	False	1	100.39657819271088
S1-614259237	S3-482581656	25.0	0.39638063311576843	14.0	0.9499887824058533	0.0		True	True	False	2	201.34636941552162
S1-614259237	S3-361863410	26.0	0.395415723323822		0.0	0.0		True	False	False	1	100.39541572332382
S1-614259237	S3-250853646	27.0	0.3839234709739685		0.0	0.0		True	False	False	1	100.38392347097397
S1-614259237	S3-250324284	28.0	0.38350909948349		0.0	0.0		True	False	False	1	100.38350909948349
S1-614259237	S3-200532536	29.0	0.38158297538757324		0.0	0.0		True	False	False	1	100.38158297538757
S1-614259237	S3-877919199	30.0	0.3806246221065521		0.0	0.0		True	False	False	1	100.38062462210655
S1-614259237	S2-583840796		0.0	1.0	0.9774031639099121	0.0		False	True	False	1	100.97740316390991
S1-614259237	S2-258890831		0.0	2.0	0.9758997559547424	0.0		False	True	False	1	100.97589975595474
S1-614259237	S2-638268338		0.0	4.0	0.9649356007575989	0.0		False	True	False	1	100.9649356007576
S1-614259237	S2-933865098		0.0	5.0	0.9645935297012329	0.0		False	True	False	1	100.96459352970123
S1-614259237	S2-809665812		0.0	6.0	0.963616132736206	0.0		False	True	False	1	100.9636161327362
S1-614259237	S2-400190057		0.0	7.0	0.9610314965248108	0.0		False	True	False	1	100.96103149652481
S1-614259237	S2-715460557		0.0	10.0	0.9585387706756592	0.0		False	True	False	1	100.95853877067566
S1-614259237	S2-784442772		0.0	11.0	0.9584660530090332	0.0		False	True	False	1	100.95846605300903
S1-614259237	S2-823489243		0.0	12.0	0.9575695991516113	0.0		False	True	False	1	100.95756959915161
S1-614259237	S2-559669701		0.0	14.0	0.9551098942756653	0.0		False	True	False	1	100.95510989427567
S1-614259237	S2-592412285		0.0	15.0	0.9544468522071838	0.0		False	True	False	1	100.95444685220718
S1-614259237	S2-647447093		0.0	16.0	0.9529401063919067	0.0		False	True	False	1	100.9529401063919
S1-614259237	S2-378846408		0.0	21.0	0.951791524887085	0.0		False	True	False	1	100.95179152488708
S1-614259237	S2-158121477		0.0	22.0	0.9504354596138	0.0		False	True	False	1	100.9504354596138
S1-614259237	S2-576201028		0.0	23.0	0.9503339529037476	0.0		False	True	False	1	100.95033395290375
S1-614259237	S2-934716922		0.0	24.0	0.9500707983970642	0.0		False	True	False	1	100.95007079839706
S1-614259237	S2-89663826		0.0	25.0	0.9491891264915466	0.0		False	True	False	1	100.94918912649155
S1-614259237	S2-594115095		0.0	26.0	0.9482467770576477	0.0		False	True	False	1	100.94824677705765
S1-614259237	S2-210791875		0.0	28.0	0.9462686777114868	0.0		False	True	False	1	100.94626867771149
S1-614259237	S2-575142052		0.0	29.0	0.9438105821609497	0.0		False	True	False	1	100.94381058216095
S1-614259237	S2-170244057		0.0	30.0	0.9437232613563538	0.0		False	True	False	1	100.94372326135635
S1-614259237	S3-380741339		0.0	1.0	0.9732530117034912	0.0		False	True	False	1	100.97325301170349
S1-614259237	S3-221443476		0.0	6.0	0.9623337984085083	0.0		False	True	False	1	100.96233379840851
S1-614259237	S3-265204232		0.0	7.0	0.961414098739624	0.0		False	True	False	1	100.96141409873962
S1-614259237	S3-276427681		0.0	8.0	0.9601618647575378	0.0		False	True	False	1	100.96016186475754
S1-614259237	S3-416247723		0.0	9.0	0.9542379379272461	0.0		False	True	False	1	100.95423793792725
S1-614259237	S3-367901084		0.0	10.0	0.9538543224334717	0.0		False	True	False	1	100.95385432243347
S1-614259237	S3-22088661		0.0	11.0	0.9537783265113831	0.0		False	True	False	1	100.95377832651138
S1-614259237	S3-577972146		0.0	12.0	0.9529772400856018	0.0		False	True	False	1	100.9529772400856
S1-614259237	S3-768772995		0.0	17.0	0.9463052749633789	0.0		False	True	False	1	100.94630527496338
S1-614259237	S3-556228627		0.0	19.0	0.9439978003501892	0.0		False	True	False	1	100.94399780035019
S1-614259237	S3-469272577		0.0	20.0	0.9433607459068298	0.0		False	True	False	1	100.94336074590683
S1-614259237	S3-75604340		0.0	21.0	0.9425732493400574	0.0		False	True	False	1	100.94257324934006
S1-614259237	S3-995796854		0.0	22.0	0.9422701597213745	0.0		False	True	False	1	100.94227015972137
S1-614259237	S3-971111671		0.0	23.0	0.9419587254524231	0.0		False	True	False	1	100.94195872545242
S1-614259237	S3-652287374		0.0	24.0	0.9413288831710815	0.0		False	True	False	1	100.94132888317108
S1-614259237	S3-305215419		0.0	25.0	0.9410495758056641	0.0		False	True	False	1	100.94104957580566
S1-614259237	S3-521783865		0.0	26.0	0.9409905672073364	0.0		False	True	False	1	100.94099056720734
S1-614259237	S3-92755938		0.0	28.0	0.9404061436653137	0.0		False	True	False	1	100.94040614366531
S1-614259237	S3-98186645		0.0	29.0	0.9401848912239075	0.0		False	True	False	1	100.94018489122391
S1-614259237	S3-543902884		0.0	30.0	0.939996600151062	0.0		False	True	False	1	100.93999660015106
S1-385801270	S2-170244057	1.0	0.575688362121582	9.0	0.9301042556762695	0.0		True	True	False	2	201.50579261779785
S1-385801270	S2-770341988	2.0	0.5727679133415222	2.0	0.9558088183403015	0.0		True	True	False	2	201.52857673168182
S1-385801270	S2-575142052	3.0	0.5577602982521057	1.0	0.9594833850860596	0.0		True	True	False	2	201.51724368333817
S1-385801270	S2-160823657	4.0	0.5113345980644226	12.0	0.9263858795166016	0.0		True	True	False	2	201.43772047758102
S1-385801270	S2-933724724	5.0	0.5023645162582397		0.0	0.0		True	False	False	1	100.50236451625824
S1-385801270	S2-800542765	6.0	0.5022664070129395	7.0	0.9380694627761841	0.0		True	True	False	2	201.44033586978912
S1-385801270	S2-112287031	7.0	0.5007913708686829	3.0	0.9550368785858154	0.0		True	True	False	2	201.4558282494545
S1-385801270	S2-262646344	8.0	0.4809154272079468	11.0	0.9266111850738525	0.0		True	True	False	2	201.4075266122818
S1-385801270	S2-566025912	9.0	0.4796082377433777	15.0	0.9224154949188232	0.0		True	True	False	2	201.4020237326622
S1-385801270	S2-158121477	10.0	0.47420012950897217	6.0	0.9440017342567444	0.0		True	True	False	2	201.41820186376572
S1-385801270	S2-878037834	11.0	0.4701840877532959	5.0	0.946148693561554	0.0		True	True	False	2	201.41633278131485
S1-385801270	S2-647447093	12.0	0.4006645679473877	13.0	0.9241238832473755	0.0		True	True	False	2	201.32478845119476
S1-385801270	S2-108012128	13.0	0.3869224190711975	4.0	0.952248215675354	0.0		True	True	False	2	201.33917063474655
S1-385801270	S2-459485143	14.0	0.38522014021873474	18.0	0.9095595479011536	0.0		True	True	False	2	201.2947796881199
S1-385801270	S2-742018880	15.0	0.36671552062034607		0.0	0.0		True	False	False	1	100.36671552062035
S1-385801270	S2-416136682	16.0	0.34071022272109985	29.0	0.8958224058151245	0.0		True	True	False	2	201.23653262853622
S1-385801270	S2-77137709	17.0	0.3167005181312561		0.0	0.0		True	False	False	1	100.31670051813126
S1-385801270	S2-767997013	18.0	0.2946394383907318		0.0	0.0		True	False	False	1	100.29463943839073
S1-385801270	S2-305637735	19.0	0.2809179425239563	10.0	0.9275922179222107	0.0		True	True	False	2	201.20851016044617
S1-385801270	S2-412565852	20.0	0.27245426177978516		0.0	0.0		True	False	False	1	100.27245426177979
S1-385801270	S2-495604525	21.0	0.2722109258174896		0.0	0.0		True	False	False	1	100.27221092581749
S1-385801270	S2-891600450	22.0	0.2692183554172516		0.0	0.0		True	False	False	1	100.26921835541725
S1-385801270	S2-729157829	23.0	0.2651444673538208		0.0	0.0		True	False	False	1	100.26514446735382
S1-385801270	S2-223826524	24.0	0.2613198161125183	22.0	0.900748610496521	0.0		True	True	False	2	201.16206842660904
S1-385801270	S2-905827553	25.0	0.2529856264591217		0.0	0.0		True	False	False	1	100.25298562645912
S1-385801270	S2-654270940	26.0	0.24981892108917236		0.0	0.0		True	False	False	1	100.24981892108917
S1-385801270	S2-785042722	27.0	0.24912868440151215	25.0	0.8998165130615234	0.0		True	True	False	2	201.14894519746304
S1-385801270	S2-304177076	28.0	0.24662065505981445		0.0	0.0		True	False	False	1	100.24662065505981
S1-385801270	S2-434748052	29.0	0.24275849759578705		0.0	0.0		True	False	False	1	100.24275849759579
S1-385801270	S2-476476786	30.0	0.2396852970123291	28.0	0.8972436785697937	0.0		True	True	False	2	201.13692897558212
S1-385801270	S3-64079929	1.0	0.5323902368545532	8.0	0.9448487758636475	0.0		True	True	False	2	201.4772390127182
S1-385801270	S3-305215419	2.0	0.521639883518219	4.0	0.9482760429382324	0.0		True	True	False	2	201.46991592645645
S1-385801270	S3-715117209	3.0	0.5169976353645325	9.0	0.9438300132751465	0.0		True	True	False	2	201.46082764863968
S1-385801270	S3-22321512	4.0	0.512661874294281	10.0	0.9380313754081726	0.0		True	True	False	2	201.45069324970245
S1-385801270	S3-543902884	5.0	0.49081793427467346	3.0	0.9496057033538818	0.0		True	True	False	2	201.44042363762856
S1-385801270	S3-643284918	6.0	0.4670545160770416		0.0	0.0		True	False	False	1	100.46705451607704
S1-385801270	S3-835032939	7.0	0.4650377929210663	5.0	0.9477149248123169	0.0		True	True	False	2	201.41275271773338
S1-385801270	S3-200532536	8.0	0.46255049109458923	19.0	0.9031857252120972	0.0		True	True	False	2	201.3657362163067
S1-385801270	S3-971111671	9.0	0.45059019327163696	7.0	0.945067286491394	0.0		True	True	False	2	201.39565747976303
S1-385801270	S3-198586129	10.0	0.4344339966773987	6.0	0.9451025128364563	0.0		True	True	False	2	201.37953650951385
S1-385801270	S3-934627663	11.0	0.43316617608070374		0.0	0.0		True	False	False	1	100.4331661760807
S1-385801270	S3-712130770	12.0	0.41613996028900146	11.0	0.9339553117752075	0.0		True	True	False	2	201.3500952720642
S1-385801270	S3-556228627	13.0	0.41244885325431824	13.0	0.927482545375824	0.0		True	True	False	2	201.33993139863014
S1-385801270	S3-203608044	14.0	0.4092102646827698	1.0	0.9597815275192261	0.0		True	True	False	2	201.368991792202
S1-385801270	S3-369430171	15.0	0.4040886163711548		0.0	0.0		True	False	False	1	100.40408861637115
S1-385801270	S3-688194826	16.0	0.359113484621048		0.0	0.0		True	False	False	1	100.35911348462105
S1-385801270	S3-92755938	17.0	0.3523983955383301	12.0	0.9299144744873047	0.0		True	True	False	2	201.28231287002563
S1-385801270	S3-170975522	18.0	0.32885289192199707		0.0	0.0		True	False	False	1	100.328852891922
S1-385801270	S3-577972146	19.0	0.327551007270813	18.0	0.9034975171089172	0.0		True	True	False	2	201.23104852437973
S1-385801270	S3-1062100	20.0	0.32535213232040405	2.0	0.9521032571792603	0.0		True	True	False	2	201.27745538949966
S1-385801270	S3-825495383	21.0	0.3025909662246704		0.0	0.0		True	False	False	1	100.30259096622467
S1-385801270	S3-219844340	22.0	0.2868231534957886		0.0	0.0		True	False	False	1	100.28682315349579
S1-385801270	S3-960416326	23.0	0.27991172671318054		0.0	0.0		True	False	False	1	100.27991172671318
S1-385801270	S3-895598264	24.0	0.27776288986206055		0.0	0.0		True	False	False	1	100.27776288986206
S1-385801270	S3-536202929	25.0	0.27734851837158203	23.0	0.8982611894607544	0.0		True	True	False	2	201.17560970783234
S1-385801270	S3-961421742	26.0	0.27565711736679077		0.0	0.0		True	False	False	1	100.27565711736679
S1-385801270	S3-191842349	27.0	0.2749587893486023		0.0	0.0		True	False	False	1	100.2749587893486
S1-385801270	S3-227725397	28.0	0.2740342915058136		0.0	0.0		True	False	False	1	100.27403429150581
S1-385801270	S3-668629842	29.0	0.27113670110702515	20.0	0.9031059145927429	0.0		True	True	False	2	201.17424261569977
S1-385801270	S3-218566871	30.0	0.2696796953678131		0.0	0.0		True	False	False	1	100.26967969536781
S1-385801270	S2-583840796		0.0	8.0	0.9317218065261841	0.0		False	True	False	1	100.93172180652618
S1-385801270	S2-550697952		0.0	14.0	0.9239451885223389	0.0		False	True	False	1	100.92394518852234
S1-385801270	S2-592412285		0.0	16.0	0.9201675057411194	0.0		False	True	False	1	100.92016750574112
S1-385801270	S2-594115095		0.0	17.0	0.9176895022392273	0.0		False	True	False	1	100.91768950223923
S1-385801270	S2-715460557		0.0	19.0	0.9046564102172852	0.0		False	True	False	1	100.90465641021729
S1-385801270	S2-530685908		0.0	20.0	0.9042537808418274	0.0		False	True	False	1	100.90425378084183
S1-385801270	S2-258890831		0.0	21.0	0.902468740940094	0.0		False	True	False	1	100.9024687409401
S1-385801270	S2-934716922		0.0	23.0	0.9000258445739746	0.0		False	True	False	1	100.90002584457397
S1-385801270	S2-440948455		0.0	24.0	0.8998542428016663	0.0		False	True	False	1	100.89985424280167
S1-385801270	S2-559669701		0.0	26.0	0.8992840647697449	0.0		False	True	False	1	100.89928406476974
S1-385801270	S2-744098365		0.0	27.0	0.898430347442627	0.0		False	True	False	1	100.89843034744263
S1-385801270	S2-576201028		0.0	30.0	0.8957920670509338	0.0		False	True	False	1	100.89579206705093
S1-385801270	S3-482581656		0.0	14.0	0.9188774824142456	0.0		False	True	False	1	100.91887748241425
S1-385801270	S3-797381132		0.0	15.0	0.9113012552261353	0.0		False	True	False	1	100.91130125522614
S1-385801270	S3-526709055		0.0	16.0	0.9109798073768616	0.0		False	True	False	1	100.91097980737686
S1-385801270	S3-221443476		0.0	17.0	0.9052500128746033	0.0		False	True	False	1	100.9052500128746
S1-385801270	S3-760959067		0.0	21.0	0.8994839191436768	0.0		False	True	False	1	100.89948391914368
S1-385801270	S3-389830698		0.0	22.0	0.8990004062652588	0.0		False	True	False	1	100.89900040626526
S1-385801270	S3-416247723		0.0	24.0	0.8970823287963867	0.0		False	True	False	1	100.89708232879639
S1-385801270	S3-652287374		0.0	25.0	0.89650559425354	0.0		False	True	False	1	100.89650559425354
S1-385801270	S3-469272577		0.0	26.0	0.8958498239517212	0.0		False	True	False	1	100.89584982395172
S1-385801270	S3-74786614		0.0	27.0	0.8947775363922119	0.0		False	True	False	1	100.89477753639221
S1-385801270	S3-98186645		0.0	28.0	0.8939962387084961	0.0		False	True	False	1	100.8939962387085
S1-385801270	S3-276427681		0.0	29.0	0.8894339203834534	0.0		False	True	False	1	100.88943392038345
S1-385801270	S3-768772995		0.0	30.0	0.8875620365142822	0.0		False	True	False	1	100.88756203651428
S1-334672926	S2-193013091	1.0	0.5466122627258301		0.0	0.0		True	False	False	1	100.54661226272583
S1-334672926	S2-84473557	2.0	0.5199906826019287		0.0	0.0		True	False	False	1	100.51999068260193
S1-334672926	S2-412565852	3.0	0.5027078986167908	21.0	0.9361528158187866	0.0		True	True	False	2	201.43886071443558
S1-334672926	S2-119647643	4.0	0.48784324526786804	16.0	0.9399922490119934	0.0		True	True	False	2	201.42783549427986
S1-334672926	S2-222871632	5.0	0.47994861006736755		0.0	0.0		True	False	False	1	100.47994861006737
S1-334672926	S2-340420883	6.0	0.4771624207496643		0.0	0.0		True	False	False	1	100.47716242074966
S1-334672926	S2-400190057	7.0	0.47142332792282104	2.0	0.9629361629486084	0.0		True	True	False	2	201.43435949087143
S1-334672926	S2-823489243	8.0	0.45365825295448303	4.0	0.9570221900939941	0.0		True	True	False	2	201.41068044304848
S1-334672926	S2-559669701	9.0	0.4405415654182434	18.0	0.9382656812667847	0.0		True	True	False	2	201.37880724668503
S1-334672926	S2-884102769	10.0	0.4242584705352783	3.0	0.958570122718811	0.0		True	True	False	2	201.3828285932541
S1-334672926	S2-449438476	11.0	0.4207150936126709	19.0	0.9375013709068298	0.0		True	True	False	2	201.3582164645195
S1-334672926	S2-638268338	12.0	0.42041662335395813	13.0	0.9457932710647583	0.0		True	True	False	2	201.36620989441872
S1-334672926	S2-744098365	13.0	0.41007938981056213	8.0	0.9523454904556274	0.0		True	True	False	2	201.3624248802662
S1-334672926	S2-375151053	14.0	0.40098050236701965	10.0	0.9481313824653625	0.0		True	True	False	2	201.34911188483238
S1-334672926	S2-463756409	15.0	0.3980858325958252		0.0	0.0		True	False	False	1	100.39808583259583
S1-334672926	S2-956479781	16.0	0.39329004287719727		0.0	0.0		True	False	False	1	100.3932900428772
S1-334672926	S2-938316135	17.0	0.39235740900039673		0.0	0.0		True	False	False	1	100.3923574090004
S1-334672926	S2-578484139	18.0	0.3919297754764557		0.0	0.0		True	False	False	1	100.39192977547646
S1-334672926	S2-485885002	19.0	0.3850253224372864		0.0	0.0		True	False	False	1	100.38502532243729
S1-334672926	S2-933865098	20.0	0.3850126266479492	7.0	0.9530173540115356	0.0		True	True	False	2	201.33802998065948
S1-334672926	S2-786671109	21.0	0.37761104106903076		0.0	0.0		True	False	False	1	100.37761104106903
S1-334672926	S2-742077842	22.0	0.3751787543296814		0.0	0.0		True	False	False	1	100.37517875432968
S1-334672926	S2-268861424	23.0	0.374131977558136	29.0	0.9276042580604553	0.0		True	True	False	2	201.3017362356186
S1-334672926	S2-913930320	24.0	0.36896464228630066		0.0	0.0		True	False	False	1	100.3689646422863
S1-334672926	S2-729157829	25.0	0.36563143134117126	22.0	0.9324125051498413	0.0		True	True	False	2	201.298043936491
S1-334672926	S2-378846408	26.0	0.3650938868522644		0.0	0.0		True	False	False	1	100.36509388685226
S1-334672926	S2-658886344	27.0	0.3645809590816498		0.0	0.0		True	False	False	1	100.36458095908165
S1-334672926	S2-504393659	28.0	0.3589169383049011		0.0	0.0		True	False	False	1	100.3589169383049
S1-334672926	S2-229677112	29.0	0.3584778606891632		0.0	0.0		True	False	False	1	100.35847786068916
S1-334672926	S2-809665812	30.0	0.3506137430667877	6.0	0.9558310508728027	0.0		True	True	False	2	201.3064447939396
S1-334672926	S3-389830698	1.0	0.5523037910461426	8.0	0.9506305456161499	0.0		True	True	False	2	201.5029343366623
S1-334672926	S3-92755938	2.0	0.5392530560493469		0.0	0.0		True	False	False	1	100.53925305604935
S1-334672926	S3-380741339	3.0	0.45041424036026	1.0	0.9674602746963501	0.0		True	True	False	2	201.4178745150566
S1-334672926	S3-521783865	4.0	0.442039430141449	3.0	0.9604103565216064	0.0		True	True	False	2	201.40244978666306
S1-334672926	S3-289567021	5.0	0.4265194535255432	16.0	0.9395860433578491	0.0		True	True	False	2	201.3661054968834
S1-334672926	S3-995796854	6.0	0.42091405391693115	15.0	0.9411237239837646	0.0		True	True	False	2	201.3620377779007
S1-334672926	S3-159233685	7.0	0.40662333369255066		0.0	0.0		True	False	False	1	100.40662333369255
S1-334672926	S3-468731115	8.0	0.4040079712867737		0.0	0.0		True	False	False	1	100.40400797128677
S1-334672926	S3-184174096	9.0	0.39736148715019226	26.0	0.9238767027854919	0.0		True	True	False	2	201.32123818993568
S1-334672926	S3-10300249	10.0	0.3965207040309906		0.0	0.0		True	False	False	1	100.39652070403099
S1-334672926	S3-22088661	11.0	0.39633652567863464	4.0	0.957573413848877	0.0		True	True	False	2	201.3539099395275
S1-334672926	S3-937140604	12.0	0.3922446370124817		0.0	0.0		True	False	False	1	100.39224463701248
S1-334672926	S3-98186645	13.0	0.3878704905509949		0.0	0.0		True	False	False	1	100.387870490551
S1-334672926	S3-760959067	14.0	0.38544586300849915	2.0	0.962567150592804	0.0		True	True	False	2	201.3480130136013
S1-334672926	S3-367901084	15.0	0.3814460039138794	19.0	0.9344391822814941	0.0		True	True	False	2	201.31588518619537
S1-334672926	S3-288440193	16.0	0.38072338700294495		0.0	0.0		True	False	False	1	100.38072338700294
S1-334672926	S3-265204232	17.0	0.38042789697647095	12.0	0.9481375813484192	0.0		True	True	False	2	201.3285654783249
S1-334672926	S3-573605691	18.0	0.3802093267440796	14.0	0.9440186619758606	0.0		True	True	False	2	201.32422798871994
S1-334672926	S3-361863410	19.0	0.37140965461730957		0.0	0.0		True	False	False	1	100.37140965461731
S1-334672926	S3-604980231	20.0	0.36981382966041565		0.0	0.0		True	False	False	1	100.36981382966042
S1-334672926	S3-652287374	21.0	0.3684849441051483	30.0	0.9195453524589539	0.0		True	True	False	2	201.2880302965641
S1-334672926	S3-536202929	22.0	0.36664289236068726		0.0	0.0		True	False	False	1	100.36664289236069
S1-334672926	S3-150632472	23.0	0.36337360739707947	29.0	0.9205136299133301	0.0		True	True	False	2	201.2838872373104
S1-334672926	S3-200532536	24.0	0.3609898090362549		0.0	0.0		True	False	False	1	100.36098980903625
S1-334672926	S3-662721327	25.0	0.35856717824935913		0.0	0.0		True	False	False	1	100.35856717824936
S1-334672926	S3-483958914	26.0	0.3540388345718384		0.0	0.0		True	False	False	1	100.35403883457184
S1-334672926	S3-323904182	27.0	0.35339584946632385		0.0	0.0		True	False	False	1	100.35339584946632
S1-334672926	S3-877919199	28.0	0.3530603051185608		0.0	0.0		True	False	False	1	100.35306030511856
S1-334672926	S3-250324284	29.0	0.34994277358055115		0.0	0.0		True	False	False	1	100.34994277358055
S1-334672926	S3-961421742	30.0	0.34756210446357727		0.0	0.0		True	False	False	1	100.34756210446358
S1-334672926	S2-258890831		0.0	1.0	0.9656622409820557	0.0		False	True	False	1	100.96566224098206
S1-334672926	S2-583840796		0.0	5.0	0.9566894173622131	0.0		False	True	False	1	100.95668941736221
S1-334672926	S2-89663826		0.0	9.0	0.9483771324157715	0.0		False	True	False	1	100.94837713241577
S1-334672926	S2-715460557		0.0	11.0	0.9470334649085999	0.0		False	True	False	1	100.9470334649086
S1-334672926	S2-550697952		0.0	12.0	0.9462981820106506	0.0		False	True	False	1	100.94629818201065
S1-334672926	S2-934716922		0.0	14.0	0.9421829581260681	0.0		False	True	False	1	100.94218295812607
S1-334672926	S2-594115095		0.0	15.0	0.941241979598999	0.0		False	True	False	1	100.941241979599
S1-334672926	S2-878037834		0.0	17.0	0.9392338395118713	0.0		False	True	False	1	100.93923383951187
S1-334672926	S2-784442772		0.0	20.0	0.9373889565467834	0.0		False	True	False	1	100.93738895654678
S1-334672926	S2-917258438		0.0	23.0	0.9309818744659424	0.0		False	True	False	1	100.93098187446594
S1-334672926	S2-592412285		0.0	24.0	0.9301974177360535	0.0		False	True	False	1	100.93019741773605
S1-334672926	S2-416136682		0.0	25.0	0.9299894571304321	0.0		False	True	False	1	100.92998945713043
S1-334672926	S2-476476786		0.0	26.0	0.9298461675643921	0.0		False	True	False	1	100.92984616756439
S1-334672926	S2-576201028		0.0	27.0	0.9292157888412476	0.0		False	True	False	1	100.92921578884125
S1-334672926	S2-158121477		0.0	28.0	0.9290177822113037	0.0		False	True	False	1	100.9290177822113
S1-334672926	S2-647447093		0.0	30.0	0.9249221682548523	0.0		False	True	False	1	100.92492216825485
S1-334672926	S3-75604340		0.0	5.0	0.9555395841598511	0.0		False	True	False	1	100.95553958415985
S1-334672926	S3-185659081		0.0	6.0	0.9519191980361938	0.0		False	True	False	1	100.9519191980362
S1-334672926	S3-221443476		0.0	7.0	0.9509390592575073	0.0		False	True	False	1	100.95093905925751
S1-334672926	S3-668629842		0.0	9.0	0.9501110315322876	0.0		False	True	False	1	100.95011103153229
S1-334672926	S3-227725397		0.0	10.0	0.9490467309951782	0.0		False	True	False	1	100.94904673099518
S1-334672926	S3-469272577		0.0	11.0	0.9485397338867188	0.0		False	True	False	1	100.94853973388672
S1-334672926	S3-797381132		0.0	13.0	0.9467426538467407	0.0		False	True	False	1	100.94674265384674
S1-334672926	S3-768772995		0.0	17.0	0.9368255734443665	0.0		False	True	False	1	100.93682557344437
S1-334672926	S3-340374288		0.0	18.0	0.9349633455276489	0.0		False	True	False	1	100.93496334552765
S1-334672926	S3-543902884		0.0	20.0	0.9303103685379028	0.0		False	True	False	1	100.9303103685379
S1-334672926	S3-276427681		0.0	21.0	0.9292246699333191	0.0		False	True	False	1	100.92922466993332
S1-334672926	S3-577972146		0.0	22.0	0.9288747310638428	0.0		False	True	False	1	100.92887473106384
S1-334672926	S3-556228627		0.0	23.0	0.9280004501342773	0.0		False	True	False	1	100.92800045013428
S1-334672926	S3-416247723		0.0	24.0	0.9279677271842957	0.0		False	True	False	1	100.9279677271843
S1-334672926	S3-797337828		0.0	25.0	0.9252065420150757	0.0		False	True	False	1	100.92520654201508
S1-334672926	S3-22321512		0.0	27.0	0.9218540191650391	0.0		False	True	False	1	100.92185401916504
S1-334672926	S3-971111671		0.0	28.0	0.9210141897201538	0.0		False	True	False	1	100.92101418972015
S1-717749279	S2-170244057	1.0	0.5656933188438416		0.0	0.0		True	False	False	1	100.56569331884384
S1-717749279	S2-566025912	2.0	0.5400241613388062	10.0	0.9118072390556335	0.0		True	True	False	2	201.45183140039444
S1-717749279	S2-160823657	3.0	0.5215915441513062	6.0	0.9166082143783569	0.0		True	True	False	2	201.43819975852966
S1-717749279	S2-575142052	4.0	0.5184263586997986		0.0	0.0		True	False	False	1	100.5184263586998
S1-717749279	S2-647447093	5.0	0.49450743198394775	24.0	0.8973555564880371	0.0		True	True	False	2	201.39186298847198
S1-717749279	S2-800542765	6.0	0.48242270946502686	9.0	0.9125394225120544	0.0		True	True	False	2	201.39496213197708
S1-717749279	S2-933724724	7.0	0.47738412022590637	1.0	0.9258029460906982	0.0		True	True	False	2	201.4031870663166
S1-717749279	S2-770341988	8.0	0.45706650614738464	2.0	0.9230504035949707	0.0		True	True	False	2	201.38011690974236
S1-717749279	S2-878037834	9.0	0.43493521213531494	7.0	0.914132833480835	0.0		True	True	False	2	201.34906804561615
S1-717749279	S2-262646344	10.0	0.4162966012954712		0.0	0.0		True	False	False	1	100.41629660129547
S1-717749279	S2-112287031	11.0	0.4087539315223694	8.0	0.912773609161377	0.0		True	True	False	2	201.32152754068375
S1-717749279	S2-158121477	12.0	0.3643266260623932		0.0	0.0		True	False	False	1	100.3643266260624
S1-717749279	S2-459485143	13.0	0.3642613887786865		0.0	0.0		True	False	False	1	100.36426138877869
S1-717749279	S2-108012128	14.0	0.3391028344631195		0.0	0.0		True	False	False	1	100.33910283446312
S1-717749279	S2-742018880	15.0	0.33665525913238525		0.0	0.0		True	False	False	1	100.33665525913239
S1-717749279	S2-305637735	16.0	0.3095594048500061		0.0	0.0		True	False	False	1	100.30955940485
S1-717749279	S2-412565852	17.0	0.29101359844207764		0.0	0.0		True	False	False	1	100.29101359844208
S1-717749279	S2-416136682	18.0	0.2765655517578125		0.0	0.0		True	False	False	1	100.27656555175781
S1-717749279	S2-999853272	19.0	0.2721604108810425		0.0	0.0		True	False	False	1	100.27216041088104
S1-717749279	S2-560710588	20.0	0.2687807083129883		0.0	0.0		True	False	False	1	100.26878070831299
S1-717749279	S2-485885002	21.0	0.26125791668891907		0.0	0.0		True	False	False	1	100.26125791668892
S1-717749279	S2-583840796	22.0	0.2537584900856018	22.0	0.8992059826850891	0.0		True	True	False	2	201.1529644727707
S1-717749279	S2-84473557	23.0	0.252169668674469		0.0	0.0		True	False	False	1	100.25216966867447
S1-717749279	S2-119647643	24.0	0.2402961254119873		0.0	0.0		True	False	False	1	100.24029612541199
S1-717749279	S2-578484139	25.0	0.2316422462463379		0.0	0.0		True	False	False	1	100.23164224624634
S1-717749279	S2-638268338	26.0	0.22627544403076172		0.0	0.0		True	False	False	1	100.22627544403076
S1-717749279	S2-726058757	27.0	0.22552622854709625		0.0	0.0		True	False	False	1	100.2255262285471
S1-717749279	S2-884102769	28.0	0.22381238639354706	21.0	0.899354875087738	0.0		True	True	False	2	201.12316726148129
S1-717749279	S2-562037907	29.0	0.22287876904010773		0.0	0.0		True	False	False	1	100.22287876904011
S1-717749279	S2-193013091	30.0	0.219923198223114		0.0	0.0		True	False	False	1	100.21992319822311
S1-717749279	S3-64079929	1.0	0.6222122311592102	1.0	0.9470834732055664	0.0		True	True	False	2	201.56929570436478
S1-717749279	S3-200532536	2.0	0.5163221955299377	8.0	0.9219942092895508	0.0		True	True	False	2	201.4383164048195
S1-717749279	S3-22321512	3.0	0.5132831931114197	7.0	0.92801433801651	0.0		True	True	False	2	201.44129753112793
S1-717749279	S3-971111671	4.0	0.5061721205711365	27.0	0.8901247382164001	0.0		True	True	False	2	201.39629685878754
S1-717749279	S3-643284918	5.0	0.4974643588066101		0.0	0.0		True	False	False	1	100.49746435880661
S1-717749279	S3-305215419	6.0	0.4502996802330017	21.0	0.8961935639381409	0.0		True	True	False	2	201.34649324417114
S1-717749279	S3-556228627	7.0	0.4405442476272583	11.0	0.9189753532409668	0.0		True	True	False	2	201.35951960086823
S1-717749279	S3-543902884	8.0	0.4186210632324219	5.0	0.9294683933258057	0.0		True	True	False	2	201.34808945655823
S1-717749279	S3-715117209	9.0	0.4098551869392395	4.0	0.931941032409668	0.0		True	True	False	2	201.3417962193489
S1-717749279	S3-835032939	10.0	0.3984886407852173	10.0	0.9190468788146973	0.0		True	True	False	2	201.31753551959991
S1-717749279	S3-198586129	11.0	0.3651677370071411		0.0	0.0		True	False	False	1	100.36516773700714
S1-717749279	S3-92755938	12.0	0.34692052006721497	12.0	0.9172735214233398	0.0		True	True	False	2	201.26419404149055
S1-717749279	S3-934627663	13.0	0.34193500876426697	2.0	0.9365150332450867	0.0		True	True	False	2	201.27845004200935
S1-717749279	S3-203608044	14.0	0.3300672173500061		0.0	0.0		True	False	False	1	100.33006721735
S1-717749279	S3-712130770	15.0	0.3260936737060547		0.0	0.0		True	False	False	1	100.32609367370605
S1-717749279	S3-1062100	16.0	0.29304513335227966		0.0	0.0		True	False	False	1	100.29304513335228
S1-717749279	S3-369430171	17.0	0.2878853976726532	6.0	0.9292793869972229	0.0		True	True	False	2	201.21716478466988
S1-717749279	S3-995796854	18.0	0.28700071573257446		0.0	0.0		True	False	False	1	100.28700071573257
S1-717749279	S3-227725397	19.0	0.28473564982414246	16.0	0.9019824266433716	0.0		True	True	False	2	201.1867180764675
S1-717749279	S3-265204232	20.0	0.258480429649353		0.0	0.0		True	False	False	1	100.25848042964935
S1-717749279	S3-170975522	21.0	0.2573491632938385		0.0	0.0		True	False	False	1	100.25734916329384
S1-717749279	S3-662721327	22.0	0.25368058681488037		0.0	0.0		True	False	False	1	100.25368058681488
S1-717749279	S3-191842349	23.0	0.24876540899276733		0.0	0.0		True	False	False	1	100.24876540899277
S1-717749279	S3-127741306	24.0	0.24674195051193237		0.0	0.0		True	False	False	1	100.24674195051193
S1-717749279	S3-115653125	25.0	0.24238064885139465		0.0	0.0		True	False	False	1	100.2423806488514
S1-717749279	S3-159233685	26.0	0.24140161275863647		0.0	0.0		True	False	False	1	100.24140161275864
S1-717749279	S3-389830698	27.0	0.2410726249217987		0.0	0.0		True	False	False	1	100.2410726249218
S1-717749279	S3-577972146	28.0	0.2395281195640564		0.0	0.0		True	False	False	1	100.23952811956406
S1-717749279	S3-819001322	29.0	0.2393621802330017		0.0	0.0		True	False	False	1	100.239362180233
S1-717749279	S3-717745791	30.0	0.23507167398929596		0.0	0.0		True	False	False	1	100.2350716739893
S1-717749279	S2-440948455		0.0	3.0	0.9219518303871155	0.0		False	True	False	1	100.92195183038712
S1-717749279	S2-476476786		0.0	4.0	0.9210214614868164	0.0		False	True	False	1	100.92102146148682
S1-717749279	S2-378851466		0.0	5.0	0.9194700717926025	0.0		False	True	False	1	100.9194700717926
S1-717749279	S2-222871632		0.0	11.0	0.9110826253890991	0.0		False	True	False	1	100.9110826253891
S1-717749279	S2-594115095		0.0	12.0	0.9098803400993347	0.0		False	True	False	1	100.90988034009933
S1-717749279	S2-550697952		0.0	13.0	0.9075014591217041	0.0		False	True	False	1	100.9075014591217
S1-717749279	S2-340420883		0.0	14.0	0.9047180414199829	0.0		False	True	False	1	100.90471804141998
S1-717749279	S2-592412285		0.0	15.0	0.9037721157073975	0.0		False	True	False	1	100.9037721157074
S1-717749279	S2-934716922		0.0	16.0	0.9037513136863708	0.0		False	True	False	1	100.90375131368637
S1-717749279	S2-375151053		0.0	17.0	0.902513861656189	0.0		False	True	False	1	100.90251386165619
S1-717749279	S2-729157829		0.0	18.0	0.9012269973754883	0.0		False	True	False	1	100.90122699737549
S1-717749279	S2-715460557		0.0	19.0	0.9012022018432617	0.0		False	True	False	1	100.90120220184326
S1-717749279	S2-37424835		0.0	20.0	0.9009743928909302	0.0		False	True	False	1	100.90097439289093
S1-717749279	S2-89663826		0.0	23.0	0.8990473747253418	0.0		False	True	False	1	100.89904737472534
S1-717749279	S2-576201028		0.0	25.0	0.896725058555603	0.0		False	True	False	1	100.8967250585556
S1-717749279	S2-809665812		0.0	26.0	0.894865870475769	0.0		False	True	False	1	100.89486587047577
S1-717749279	S2-744098365		0.0	27.0	0.8945956826210022	0.0		False	True	False	1	100.894595682621
S1-717749279	S2-784442772		0.0	28.0	0.8942160606384277	0.0		False	True	False	1	100.89421606063843
S1-717749279	S2-658886344		0.0	29.0	0.8940444588661194	0.0		False	True	False	1	100.89404445886612
S1-717749279	S2-210791875		0.0	30.0	0.8935885429382324	0.0		False	True	False	1	100.89358854293823
S1-717749279	S3-86143878		0.0	3.0	0.9342527985572815	0.0		False	True	False	1	100.93425279855728
S1-717749279	S3-760959067		0.0	9.0	0.9214159250259399	0.0		False	True	False	1	100.92141592502594
S1-717749279	S3-469272577		0.0	13.0	0.9130550622940063	0.0		False	True	False	1	100.913055062294
S1-717749279	S3-185659081		0.0	14.0	0.9103127717971802	0.0		False	True	False	1	100.91031277179718
S1-717749279	S3-221443476		0.0	15.0	0.9062165021896362	0.0		False	True	False	1	100.90621650218964
S1-717749279	S3-340374288		0.0	17.0	0.8996360301971436	0.0		False	True	False	1	100.89963603019714
S1-717749279	S3-668629842		0.0	18.0	0.8970580697059631	0.0		False	True	False	1	100.89705806970596
S1-717749279	S3-517069981		0.0	19.0	0.8964669704437256	0.0		False	True	False	1	100.89646697044373
S1-717749279	S3-289567021		0.0	20.0	0.8963444232940674	0.0		False	True	False	1	100.89634442329407
S1-717749279	S3-150632472		0.0	22.0	0.8946117162704468	0.0		False	True	False	1	100.89461171627045
S1-717749279	S3-374810425		0.0	23.0	0.8943706750869751	0.0		False	True	False	1	100.89437067508698
S1-717749279	S3-75604340		0.0	24.0	0.8935717344284058	0.0		False	True	False	1	100.8935717344284
S1-717749279	S3-797337828		0.0	25.0	0.8934165239334106	0.0		False	True	False	1	100.89341652393341
S1-717749279	S3-521783865		0.0	26.0	0.8926061391830444	0.0		False	True	False	1	100.89260613918304
S1-717749279	S3-895598264		0.0	28.0	0.888462483882904	0.0		False	True	False	1	100.8884624838829
S1-717749279	S3-184174096		0.0	29.0	0.8851165771484375	0.0		False	True	False	1	100.88511657714844
S1-717749279	S3-573605691		0.0	30.0	0.8850748538970947	0.0		False	True	False	1	100.8850748538971
S1-564662660	S2-119647643	1.0	0.47221535444259644	11.0	0.9624783992767334	0.0		True	True	False	2	201.43469375371933
S1-564662660	S2-729157829	2.0	0.46346935629844666		0.0	0.0		True	False	False	1	100.46346935629845
S1-564662660	S2-193013091	3.0	0.4568324685096741	12.0	0.9624443650245667	0.0		True	True	False	2	201.41927683353424
S1-564662660	S2-84473557	4.0	0.44834983348846436	13.0	0.9624298214912415	0.0		True	True	False	2	201.4107796549797
S1-564662660	S2-560710588	5.0	0.4434932768344879		0.0	0.0		True	False	False	1	100.44349327683449
S1-564662660	S2-583840796	6.0	0.43504369258880615	8.0	0.9642508029937744	0.0		True	True	False	2	201.39929449558258
S1-564662660	S2-594115095	7.0	0.43392735719680786		0.0	0.0		True	False	False	1	100.43392735719681
S1-564662660	S2-449438476	8.0	0.42422279715538025	22.0	0.9542396068572998	0.0		True	True	False	2	201.37846240401268
S1-564662660	S2-463756409	9.0	0.40317481756210327		0.0	0.0		True	False	False	1	100.4031748175621
S1-564662660	S2-17102176	10.0	0.4012557864189148		0.0	0.0		True	False	False	1	100.40125578641891
S1-564662660	S2-340420883	11.0	0.3968994617462158		0.0	0.0		True	False	False	1	100.39689946174622
S1-564662660	S2-268861424	12.0	0.38905203342437744	7.0	0.9660842418670654	0.0		True	True	False	2	201.35513627529144
S1-564662660	S2-229677112	13.0	0.3753701150417328		0.0	0.0		True	False	False	1	100.37537011504173
S1-564662660	S2-378846408	14.0	0.369424968957901	2.0	0.9698935747146606	0.0		True	True	False	2	201.33931854367256
S1-564662660	S2-476476786	15.0	0.36691221594810486		0.0	0.0		True	False	False	1	100.3669122159481
S1-564662660	S2-495604525	16.0	0.36568644642829895	23.0	0.9539676904678345	0.0		True	True	False	2	201.31965413689613
S1-564662660	S2-378851466	17.0	0.3613615036010742		0.0	0.0		True	False	False	1	100.36136150360107
S1-564662660	S2-823489243	18.0	0.3577462136745453	14.0	0.9623928070068359	0.0		True	True	False	2	201.32013902068138
S1-564662660	S2-933865098	19.0	0.3510090708732605	4.0	0.9694669246673584	0.0		True	True	False	2	201.32047599554062
S1-564662660	S2-917258438	20.0	0.34705227613449097	24.0	0.9529709219932556	0.0		True	True	False	2	201.30002319812775
S1-564662660	S2-638268338	21.0	0.3438991606235504	18.0	0.9576932191848755	0.0		True	True	False	2	201.30159237980843
S1-564662660	S2-412565852	22.0	0.34365755319595337	5.0	0.968547523021698	0.0		True	True	False	2	201.31220507621765
S1-564662660	S2-258890831	23.0	0.3435901403427124	1.0	0.9735538363456726	0.0		True	True	False	2	201.31714397668839
S1-564662660	S2-223826524	24.0	0.34307217597961426		0.0	0.0		True	False	False	1	100.34307217597961
S1-564662660	S2-37424835	25.0	0.34303122758865356		0.0	0.0		True	False	False	1	100.34303122758865
S1-564662660	S2-578484139	26.0	0.34262529015541077	10.0	0.9637389183044434	0.0		True	True	False	2	201.30636420845985
S1-564662660	S2-416136682	27.0	0.3402678668498993		0.0	0.0		True	False	False	1	100.3402678668499
S1-564662660	S2-504393659	28.0	0.3376045823097229		0.0	0.0		True	False	False	1	100.33760458230972
S1-564662660	S2-578788567	29.0	0.3326643705368042		0.0	0.0		True	False	False	1	100.3326643705368
S1-564662660	S2-785042722	30.0	0.328549861907959	27.0	0.9505133628845215	0.0		True	True	False	2	201.27906322479248
S1-564662660	S3-184174096	1.0	0.4555515646934509	16.0	0.9529427289962769	0.0		True	True	False	2	201.40849429368973
S1-564662660	S3-668629842	2.0	0.4037069082260132	3.0	0.9694425463676453	0.0		True	True	False	2	201.37314945459366
S1-564662660	S3-380741339	3.0	0.39321163296699524	18.0	0.9516587257385254	0.0		True	True	False	2	201.34487035870552
S1-564662660	S3-797337828	4.0	0.3880566656589508		0.0	0.0		True	False	False	1	100.38805666565895
S1-564662660	S3-521783865	5.0	0.38736656308174133		0.0	0.0		True	False	False	1	100.38736656308174
S1-564662660	S3-995796854	6.0	0.37618565559387207	11.0	0.9576583504676819	0.0		True	True	False	2	201.33384400606155
S1-564662660	S3-389830698	7.0	0.370725154876709	1.0	0.980764627456665	0.0		True	True	False	2	201.35148978233337
S1-564662660	S3-185659081	8.0	0.3678182363510132	14.0	0.9542168378829956	0.0		True	True	False	2	201.322035074234
S1-564662660	S3-416247723	9.0	0.3613911271095276	5.0	0.9688726663589478	0.0		True	True	False	2	201.33026379346848
S1-564662660	S3-464265492	10.0	0.35820138454437256		0.0	0.0		True	False	False	1	100.35820138454437
S1-564662660	S3-367901084	11.0	0.3563137948513031	4.0	0.9694228172302246	0.0		True	True	False	2	201.32573661208153
S1-564662660	S3-18976400	12.0	0.35323667526245117		0.0	0.0		True	False	False	1	100.35323667526245
S1-564662660	S3-760959067	13.0	0.35272645950317383	7.0	0.9630441069602966	0.0		True	True	False	2	201.31577056646347
S1-564662660	S3-662721327	14.0	0.3448757529258728		0.0	0.0		True	False	False	1	100.34487575292587
S1-564662660	S3-218566871	15.0	0.34097820520401		0.0	0.0		True	False	False	1	100.34097820520401
S1-564662660	S3-573605691	16.0	0.3397168517112732	21.0	0.9502849578857422	0.0		True	True	False	2	201.29000180959702
S1-564662660	S3-937140604	17.0	0.33962419629096985	26.0	0.9479626417160034	0.0		True	True	False	2	201.28758683800697
S1-564662660	S3-468731115	18.0	0.3377581834793091	17.0	0.9521448612213135	0.0		True	True	False	2	201.28990304470062
S1-564662660	S3-221443476	19.0	0.3341013789176941	2.0	0.9713342785835266	0.0		True	True	False	2	201.30543565750122
S1-564662660	S3-819001322	20.0	0.33374589681625366		0.0	0.0		True	False	False	1	100.33374589681625
S1-564662660	S3-340374288	21.0	0.3336409330368042		0.0	0.0		True	False	False	1	100.3336409330368
S1-564662660	S3-227725397	22.0	0.333418071269989	30.0	0.9462090730667114	0.0		True	True	False	2	201.2796271443367
S1-564662660	S3-74786614	23.0	0.33155620098114014		0.0	0.0		True	False	False	1	100.33155620098114
S1-564662660	S3-92755938	24.0	0.32753080129623413		0.0	0.0		True	False	False	1	100.32753080129623
S1-564662660	S3-265204232	25.0	0.3263951539993286	8.0	0.9625334739685059	0.0		True	True	False	2	201.28892862796783
S1-564662660	S3-75604340	26.0	0.32188090682029724	25.0	0.9482761025428772	0.0		True	True	False	2	201.27015700936317
S1-564662660	S3-652287374	27.0	0.3178403377532959		0.0	0.0		True	False	False	1	100.3178403377533
S1-564662660	S3-159233685	28.0	0.30120036005973816		0.0	0.0		True	False	False	1	100.30120036005974
S1-564662660	S3-98186645	29.0	0.30040138959884644		0.0	0.0		True	False	False	1	100.30040138959885
S1-564662660	S3-150632472	30.0	0.29119157791137695	19.0	0.9515485763549805	0.0		True	True	False	2	201.24274015426636
S1-564662660	S2-744098365		0.0	3.0	0.9697296619415283	0.0		False	True	False	1	100.96972966194153
S1-564662660	S2-715460557		0.0	6.0	0.9660858511924744	0.0		False	True	False	1	100.96608585119247
S1-564662660	S2-400190057		0.0	9.0	0.9641036987304688	0.0		False	True	False	1	100.96410369873047
S1-564662660	S2-809665812		0.0	15.0	0.9609147310256958	0.0		False	True	False	1	100.9609147310257
S1-564662660	S2-559669701		0.0	16.0	0.9602316617965698	0.0		False	True	False	1	100.96023166179657
S1-564662660	S2-779040268		0.0	17.0	0.9580905437469482	0.0		False	True	False	1	100.95809054374695
S1-564662660	S2-784442772		0.0	19.0	0.957339882850647	0.0		False	True	False	1	100.95733988285065
S1-564662660	S2-576201028		0.0	20.0	0.9564327001571655	0.0		False	True	False	1	100.95643270015717
S1-564662660	S2-647447093		0.0	21.0	0.9554598927497864	0.0		False	True	False	1	100.95545989274979
S1-564662660	S2-210791875		0.0	25.0	0.9514259099960327	0.0		False	True	False	1	100.95142590999603
S1-564662660	S2-634571997		0.0	26.0	0.9512792229652405	0.0		False	True	False	1	100.95127922296524
S1-564662660	S2-592412285		0.0	28.0	0.9502955675125122	0.0		False	True	False	1	100.95029556751251
S1-564662660	S2-767997013		0.0	29.0	0.9497694373130798	0.0		False	True	False	1	100.94976943731308
S1-564662660	S2-726058757		0.0	30.0	0.9483157396316528	0.0		False	True	False	1	100.94831573963165
S1-564662660	S3-797381132		0.0	6.0	0.9664543867111206	0.0		False	True	False	1	100.96645438671112
S1-564662660	S3-577972146		0.0	9.0	0.9586324691772461	0.0		False	True	False	1	100.95863246917725
S1-564662660	S3-768772995		0.0	10.0	0.9577094316482544	0.0		False	True	False	1	100.95770943164825
S1-564662660	S3-288440193		0.0	12.0	0.9568333625793457	0.0		False	True	False	1	100.95683336257935
S1-564662660	S3-276427681		0.0	13.0	0.9563395380973816	0.0		False	True	False	1	100.95633953809738
S1-564662660	S3-170975522		0.0	15.0	0.952945351600647	0.0		False	True	False	1	100.95294535160065
S1-564662660	S3-536202929		0.0	20.0	0.9509342908859253	0.0		False	True	False	1	100.95093429088593
S1-564662660	S3-482581656		0.0	22.0	0.9493291974067688	0.0		False	True	False	1	100.94932919740677
S1-564662660	S3-695502221		0.0	23.0	0.9484965801239014	0.0		False	True	False	1	100.9484965801239
S1-564662660	S3-960416326		0.0	24.0	0.9483820199966431	0.0		False	True	False	1	100.94838201999664
S1-564662660	S3-289567021		0.0	27.0	0.9474315047264099	0.0		False	True	False	1	100.94743150472641
S1-564662660	S3-22088661		0.0	28.0	0.9474210143089294	0.0		False	True	False	1	100.94742101430893
S1-564662660	S3-526709055		0.0	29.0	0.9473549127578735	0.0		False	True	False	1	100.94735491275787
S1-41643447	S2-910351373	1.0	0.6692647933959961	4.0	0.9212638139724731	0.0		True	True	False	2	201.59052860736847
S1-41643447	S2-229677112	2.0	0.665988028049469		0.0	0.0		True	False	False	1	100.66598802804947
S1-41643447	S2-786671109	3.0	0.6603336334228516		0.0	0.0		True	False	False	1	100.66033363342285
S1-41643447	S2-875724478	4.0	0.6518112421035767		0.0	0.0		True	False	False	1	100.65181124210358
S1-41643447	S2-434748052	5.0	0.6480370759963989		0.0	0.0		True	False	False	1	100.6480370759964
S1-41643447	S2-600460285	6.0	0.644682765007019	1.0	0.9289641380310059	0.0		True	True	False	2	201.57364690303802
S1-41643447	S2-485885002	7.0	0.6391010284423828		0.0	0.0		True	False	False	1	100.63910102844238
S1-41643447	S2-292567038	8.0	0.6325889229774475		0.0	0.0		True	False	False	1	100.63258892297745
S1-41643447	S2-905827553	9.0	0.6212812662124634		0.0	0.0		True	False	False	1	100.62128126621246
S1-41643447	S2-956479781	10.0	0.6106154918670654	6.0	0.9149472117424011	0.0		True	True	False	2	201.52556270360947
S1-41643447	S2-785042722	11.0	0.609534740447998	10.0	0.9086962938308716	0.0		True	True	False	2	201.51823103427887
S1-41643447	S2-913930320	12.0	0.6078600883483887		0.0	0.0		True	False	False	1	100.60786008834839
S1-41643447	S2-654270940	13.0	0.6074990034103394	7.0	0.9141497611999512	0.0		True	True	False	2	201.5216487646103
S1-41643447	S2-77137709	14.0	0.6049244999885559		0.0	0.0		True	False	False	1	100.60492449998856
S1-41643447	S2-317480348	15.0	0.6012089252471924		0.0	0.0		True	False	False	1	100.60120892524719
S1-41643447	S2-304177076	16.0	0.5911411046981812		0.0	0.0		True	False	False	1	100.59114110469818
S1-41643447	S2-787861634	17.0	0.5904325246810913	8.0	0.9107753038406372	0.0		True	True	False	2	201.50120782852173
S1-41643447	S2-210791875	18.0	0.5897358655929565	15.0	0.9049081802368164	0.0		True	True	False	2	201.49464404582977
S1-41643447	S2-578788567	19.0	0.5842869877815247	27.0	0.8960182666778564	0.0		True	True	False	2	201.48030525445938
S1-41643447	S2-742077842	20.0	0.5766983032226562		0.0	0.0		True	False	False	1	100.57669830322266
S1-41643447	S2-537184954	21.0	0.5759445428848267		0.0	0.0		True	False	False	1	100.57594454288483
S1-41643447	S2-576201028	22.0	0.5739353895187378	9.0	0.9089480042457581	0.0		True	True	False	2	201.4828833937645
S1-41643447	S2-591078525	23.0	0.5705391764640808		0.0	0.0		True	False	False	1	100.57053917646408
S1-41643447	S2-634571997	24.0	0.5568065643310547	21.0	0.9028599262237549	0.0		True	True	False	2	201.4596664905548
S1-41643447	S2-192345572	25.0	0.5556244850158691		0.0	0.0		True	False	False	1	100.55562448501587
S1-41643447	S2-223826524	26.0	0.5454365015029907	3.0	0.9221583008766174	0.0		True	True	False	2	201.4675948023796
S1-41643447	S2-784442772	27.0	0.5435539484024048	5.0	0.9178022742271423	0.0		True	True	False	2	201.46135622262955
S1-41643447	S2-530685908	28.0	0.5420070290565491		0.0	0.0		True	False	False	1	100.54200702905655
S1-41643447	S2-357438552	29.0	0.5363141298294067		0.0	0.0		True	False	False	1	100.5363141298294
S1-41643447	S2-550697952	30.0	0.535116970539093	14.0	0.905570387840271	0.0		True	True	False	2	201.44068735837936
S1-41643447	S3-877919199	1.0	0.7163873910903931	6.0	0.9225977659225464	0.0		True	True	False	2	201.63898515701294
S1-41643447	S3-219041197	2.0	0.6731941103935242		0.0	0.0		True	False	False	1	100.67319411039352
S1-41643447	S3-895598264	3.0	0.6704750657081604	2.0	0.9357212781906128	0.0		True	True	False	2	201.60619634389877
S1-41643447	S3-191842349	4.0	0.6515811681747437		0.0	0.0		True	False	False	1	100.65158116817474
S1-41643447	S3-536202929	5.0	0.6344412565231323	19.0	0.902596116065979	0.0		True	True	False	2	201.5370373725891
S1-41643447	S3-961421742	6.0	0.6341053247451782	17.0	0.9035224914550781	0.0		True	True	False	2	201.53762781620026
S1-41643447	S3-436480804	7.0	0.6311172842979431		0.0	0.0		True	False	False	1	100.63111728429794
S1-41643447	S3-577972146	8.0	0.6268423795700073	9.0	0.9156065583229065	0.0		True	True	False	2	201.5424489378929
S1-41643447	S3-288440193	9.0	0.6267442107200623	12.0	0.9064818024635315	0.0		True	True	False	2	201.5332260131836
S1-41643447	S3-580736465	10.0	0.62459397315979		0.0	0.0		True	False	False	1	100.62459397315979
S1-41643447	S3-289697426	11.0	0.6096654534339905		0.0	0.0		True	False	False	1	100.60966545343399
S1-41643447	S3-652287374	12.0	0.6054529547691345	16.0	0.9046063423156738	0.0		True	True	False	2	201.5100592970848
S1-41643447	S3-159233685	13.0	0.6049673557281494	14.0	0.9060620069503784	0.0		True	True	False	2	201.51102936267853
S1-41643447	S3-464265492	14.0	0.6013093590736389		0.0	0.0		True	False	False	1	100.60130935907364
S1-41643447	S3-170975522	15.0	0.5986537933349609	11.0	0.9081534147262573	0.0		True	True	False	2	201.50680720806122
S1-41643447	S3-264170444	16.0	0.5957597494125366		0.0	0.0		True	False	False	1	100.59575974941254
S1-41643447	S3-125349995	17.0	0.5895317792892456		0.0	0.0		True	False	False	1	100.58953177928925
S1-41643447	S3-695502221	18.0	0.5862016677856445	25.0	0.8969405889511108	0.0		True	True	False	2	201.48314225673676
S1-41643447	S3-688194826	19.0	0.585837721824646	22.0	0.8989837765693665	0.0		True	True	False	2	201.484821498394
S1-41643447	S3-610536355	20.0	0.5827230215072632	3.0	0.93243807554245	0.0		True	True	False	2	201.5151610970497
S1-41643447	S3-825495383	21.0	0.5812175869941711	10.0	0.9130218029022217	0.0		True	True	False	2	201.4942393898964
S1-41643447	S3-158901285	22.0	0.5782419443130493	26.0	0.8968393802642822	0.0		True	True	False	2	201.47508132457733
S1-41643447	S3-662721327	23.0	0.5710604190826416	30.0	0.8927471041679382	0.0		True	True	False	2	201.46380752325058
S1-41643447	S3-604980231	24.0	0.5700967907905579		0.0	0.0		True	False	False	1	100.57009679079056
S1-41643447	S3-560657213	25.0	0.5607072114944458		0.0	0.0		True	False	False	1	100.56070721149445
S1-41643447	S3-526709055	26.0	0.5603334307670593		0.0	0.0		True	False	False	1	100.56033343076706
S1-41643447	S3-276427681	27.0	0.5554442405700684		0.0	0.0		True	False	False	1	100.55544424057007
S1-41643447	S3-374810425	28.0	0.5551563501358032		0.0	0.0		True	False	False	1	100.5551563501358
S1-41643447	S3-867263634	29.0	0.554722785949707		0.0	0.0		True	False	False	1	100.5547227859497
S1-41643447	S3-10300249	30.0	0.5534483790397644		0.0	0.0		True	False	False	1	100.55344837903976
S1-41643447	S2-658886344		0.0	2.0	0.9254692196846008	0.0		False	True	False	1	100.9254692196846
S1-41643447	S2-412565852		0.0	11.0	0.9083132743835449	0.0		False	True	False	1	100.90831327438354
S1-41643447	S2-999853272		0.0	12.0	0.907870352268219	0.0		False	True	False	1	100.90787035226822
S1-41643447	S2-495604525		0.0	13.0	0.9078473448753357	0.0		False	True	False	1	100.90784734487534
S1-41643447	S2-119647643		0.0	16.0	0.904674768447876	0.0		False	True	False	1	100.90467476844788
S1-41643447	S2-917258438		0.0	17.0	0.9033175706863403	0.0		False	True	False	1	100.90331757068634
S1-41643447	S2-767997013		0.0	18.0	0.9033087491989136	0.0		False	True	False	1	100.90330874919891
S1-41643447	S2-463756409		0.0	19.0	0.9031704068183899	0.0		False	True	False	1	100.90317040681839
S1-41643447	S2-938316135		0.0	20.0	0.9030302166938782	0.0		False	True	False	1	100.90303021669388
S1-41643447	S2-375151053		0.0	22.0	0.898579478263855	0.0		False	True	False	1	100.89857947826385
S1-41643447	S2-744098365		0.0	23.0	0.8979828953742981	0.0		False	True	False	1	100.8979828953743
S1-41643447	S2-638268338		0.0	24.0	0.8974065780639648	0.0		False	True	False	1	100.89740657806396
S1-41643447	S2-481572644		0.0	25.0	0.8967244625091553	0.0		False	True	False	1	100.89672446250916
S1-41643447	S2-440948455		0.0	26.0	0.896202564239502	0.0		False	True	False	1	100.8962025642395
S1-41643447	S2-400190057		0.0	28.0	0.8954866528511047	0.0		False	True	False	1	100.8954866528511
S1-41643447	S2-416136682		0.0	29.0	0.8949725031852722	0.0		False	True	False	1	100.89497250318527
S1-41643447	S2-193013091		0.0	30.0	0.8948585391044617	0.0		False	True	False	1	100.89485853910446
S1-41643447	S3-483958914		0.0	1.0	0.9520623683929443	0.0		False	True	False	1	100.95206236839294
S1-41643447	S3-173398261		0.0	4.0	0.9241780042648315	0.0		False	True	False	1	100.92417800426483
S1-41643447	S3-86143878		0.0	5.0	0.9241033792495728	0.0		False	True	False	1	100.92410337924957
S1-41643447	S3-468731115		0.0	7.0	0.9186187982559204	0.0		False	True	False	1	100.91861879825592
S1-41643447	S3-369430171		0.0	8.0	0.9156673550605774	0.0		False	True	False	1	100.91566735506058
S1-41643447	S3-768772995		0.0	13.0	0.9062193632125854	0.0		False	True	False	1	100.90621936321259
S1-41643447	S3-517069981		0.0	15.0	0.9047404527664185	0.0		False	True	False	1	100.90474045276642
S1-41643447	S3-760959067		0.0	18.0	0.9029579758644104	0.0		False	True	False	1	100.90295797586441
S1-41643447	S3-573605691		0.0	20.0	0.902344286441803	0.0		False	True	False	1	100.9023442864418
S1-41643447	S3-150632472		0.0	21.0	0.900586724281311	0.0		False	True	False	1	100.90058672428131
S1-41643447	S3-162993152		0.0	23.0	0.8985768556594849	0.0		False	True	False	1	100.89857685565948
S1-41643447	S3-960416326		0.0	24.0	0.8971524238586426	0.0		False	True	False	1	100.89715242385864
S1-41643447	S3-937140604		0.0	27.0	0.8964162468910217	0.0		False	True	False	1	100.89641624689102
S1-41643447	S3-227725397		0.0	28.0	0.8956519365310669	0.0		False	True	False	1	100.89565193653107
S1-41643447	S3-367901084		0.0	29.0	0.8937820196151733	0.0		False	True	False	1	100.89378201961517
S1-581360597	S2-400190057	1.0	0.4950966238975525	7.0	0.9622044563293457	0.0		True	True	False	2	201.4573010802269
S1-581360597	S2-823489243	2.0	0.4808860421180725	1.0	0.9823805689811707	0.0		True	True	False	2	201.46326661109924
S1-581360597	S2-504393659	3.0	0.4743371903896332		0.0	0.0		True	False	False	1	100.47433719038963
S1-581360597	S2-84473557	4.0	0.4659114480018616	3.0	0.9643881320953369	0.0		True	True	False	2	201.4302995800972
S1-581360597	S2-933865098	5.0	0.46582695841789246	4.0	0.9626337289810181	0.0		True	True	False	2	201.4284606873989
S1-581360597	S2-193013091	6.0	0.45738399028778076	12.0	0.9580167531967163	0.0		True	True	False	2	201.4154007434845
S1-581360597	S2-340420883	7.0	0.44296860694885254		0.0	0.0		True	False	False	1	100.44296860694885
S1-581360597	S2-412565852	8.0	0.42838436365127563	9.0	0.9619952440261841	0.0		True	True	False	2	201.39037960767746
S1-581360597	S2-119647643	9.0	0.42324337363243103	13.0	0.9578403234481812	0.0		True	True	False	2	201.3810836970806
S1-581360597	S2-905827553	10.0	0.41612690687179565		0.0	0.0		True	False	False	1	100.4161269068718
S1-581360597	S2-578788567	11.0	0.39736631512641907		0.0	0.0		True	False	False	1	100.39736631512642
S1-581360597	S2-258890831	12.0	0.3950541019439697	11.0	0.961583137512207	0.0		True	True	False	2	201.35663723945618
S1-581360597	S2-658886344	13.0	0.38925302028656006		0.0	0.0		True	False	False	1	100.38925302028656
S1-581360597	S2-416136682	14.0	0.3768971264362335	25.0	0.948991060256958	0.0		True	True	False	2	201.3258881866932
S1-581360597	S2-537184954	15.0	0.3646506667137146		0.0	0.0		True	False	False	1	100.36465066671371
S1-581360597	S2-638268338	16.0	0.3603001832962036		0.0	0.0		True	False	False	1	100.3603001832962
S1-581360597	S2-485885002	17.0	0.3589767515659332		0.0	0.0		True	False	False	1	100.35897675156593
S1-581360597	S2-999853272	18.0	0.35586100816726685		0.0	0.0		True	False	False	1	100.35586100816727
S1-581360597	S2-938316135	19.0	0.353618323802948	29.0	0.946495532989502	0.0		True	True	False	2	201.30011385679245
S1-581360597	S2-268861424	20.0	0.34756168723106384	24.0	0.9494125843048096	0.0		True	True	False	2	201.29697427153587
S1-581360597	S2-378851466	21.0	0.3475005030632019		0.0	0.0		True	False	False	1	100.3475005030632
S1-581360597	S2-463756409	22.0	0.34569251537323	16.0	0.9534457325935364	0.0		True	True	False	2	201.29913824796677
S1-581360597	S2-742077842	23.0	0.3429057002067566		0.0	0.0		True	False	False	1	100.34290570020676
S1-581360597	S2-495604525	24.0	0.33693188428878784	22.0	0.9504651427268982	0.0		True	True	False	2	201.2873970270157
S1-581360597	S2-809665812	25.0	0.33130943775177	8.0	0.9621915817260742	0.0		True	True	False	2	201.29350101947784
S1-581360597	S2-550697952	26.0	0.33107829093933105		0.0	0.0		True	False	False	1	100.33107829093933
S1-581360597	S2-583840796	27.0	0.3302668333053589	17.0	0.9530671238899231	0.0		True	True	False	2	201.28333395719528
S1-581360597	S2-223826524	28.0	0.32920295000076294		0.0	0.0		True	False	False	1	100.32920295000076
S1-581360597	S2-956479781	29.0	0.3282574713230133		0.0	0.0		True	False	False	1	100.32825747132301
S1-581360597	S2-4583532	30.0	0.32315099239349365		0.0	0.0		True	False	False	1	100.3231509923935
S1-581360597	S3-380741339	1.0	0.4376281797885895	3.0	0.965618371963501	0.0		True	True	False	2	201.4032465517521
S1-581360597	S3-184174096	2.0	0.4300611615180969	22.0	0.9435819983482361	0.0		True	True	False	2	201.37364315986633
S1-581360597	S3-517069981	3.0	0.42739424109458923		0.0	0.0		True	False	False	1	100.42739424109459
S1-581360597	S3-797337828	4.0	0.425182044506073		0.0	0.0		True	False	False	1	100.42518204450607
S1-581360597	S3-521783865	5.0	0.40272337198257446	18.0	0.9456809163093567	0.0		True	True	False	2	201.34840428829193
S1-581360597	S3-265204232	6.0	0.4018833637237549	16.0	0.9530234336853027	0.0		True	True	False	2	201.35490679740906
S1-581360597	S3-389830698	7.0	0.39518117904663086	6.0	0.9590439796447754	0.0		True	True	False	2	201.3542251586914
S1-581360597	S3-937140604	8.0	0.3904602527618408	23.0	0.943087637424469	0.0		True	True	False	2	201.3335478901863
S1-581360597	S3-18976400	9.0	0.3876742422580719		0.0	0.0		True	False	False	1	100.38767424225807
S1-581360597	S3-662721327	10.0	0.37709033489227295		0.0	0.0		True	False	False	1	100.37709033489227
S1-581360597	S3-995796854	11.0	0.3644595146179199	1.0	0.9788674712181091	0.0		True	True	False	2	201.34332698583603
S1-581360597	S3-469272577	12.0	0.36267778277397156	26.0	0.9405531287193298	0.0		True	True	False	2	201.3032309114933
S1-581360597	S3-92755938	13.0	0.3538171052932739		0.0	0.0		True	False	False	1	100.35381710529327
S1-581360597	S3-185659081	14.0	0.3532112240791321	4.0	0.9620713591575623	0.0		True	True	False	2	201.3152825832367
S1-581360597	S3-668629842	15.0	0.35055166482925415	15.0	0.9531802535057068	0.0		True	True	False	2	201.30373191833496
S1-581360597	S3-867263634	16.0	0.3429354429244995		0.0	0.0		True	False	False	1	100.3429354429245
S1-581360597	S3-150632472	17.0	0.33664506673812866	12.0	0.9548121690750122	0.0		True	True	False	2	201.29145723581314
S1-581360597	S3-610536355	18.0	0.33480706810951233	17.0	0.949475884437561	0.0		True	True	False	2	201.28428295254707
S1-581360597	S3-768772995	19.0	0.3295627236366272	7.0	0.9579522609710693	0.0		True	True	False	2	201.2875149846077
S1-581360597	S3-218566871	20.0	0.329135537147522		0.0	0.0		True	False	False	1	100.32913553714752
S1-581360597	S3-482581656	21.0	0.3273525834083557		0.0	0.0		True	False	False	1	100.32735258340836
S1-581360597	S3-264170444	22.0	0.3258596956729889		0.0	0.0		True	False	False	1	100.32585969567299
S1-581360597	S3-86143878	23.0	0.3256174325942993		0.0	0.0		True	False	False	1	100.3256174325943
S1-581360597	S3-10300249	24.0	0.31606391072273254		0.0	0.0		True	False	False	1	100.31606391072273
S1-581360597	S3-877919199	25.0	0.3147928714752197		0.0	0.0		True	False	False	1	100.31479287147522
S1-581360597	S3-289697426	26.0	0.30969858169555664		0.0	0.0		True	False	False	1	100.30969858169556
S1-581360597	S3-227725397	27.0	0.3061998188495636	9.0	0.9563413858413696	0.0		True	True	False	2	201.26254120469093
S1-581360597	S3-536202929	28.0	0.3051379323005676	30.0	0.9319354295730591	0.0		True	True	False	2	201.23707336187363
S1-581360597	S3-170975522	29.0	0.30154478549957275	27.0	0.9369187951087952	0.0		True	True	False	2	201.23846358060837
S1-581360597	S3-73958887	30.0	0.29984426498413086		0.0	0.0		True	False	False	1	100.29984426498413
S1-581360597	S2-449438476		0.0	2.0	0.9710367918014526	0.0		False	True	False	1	100.97103679180145
S1-581360597	S2-744098365		0.0	5.0	0.9626070261001587	0.0		False	True	False	1	100.96260702610016
S1-581360597	S2-917258438		0.0	6.0	0.962247371673584	0.0		False	True	False	1	100.96224737167358
S1-581360597	S2-378846408		0.0	10.0	0.9616239070892334	0.0		False	True	False	1	100.96162390708923
S1-581360597	S2-375151053		0.0	14.0	0.9551078081130981	0.0		False	True	False	1	100.9551078081131
S1-581360597	S2-884102769		0.0	15.0	0.953719973564148	0.0		False	True	False	1	100.95371997356415
S1-581360597	S2-726058757		0.0	18.0	0.9525522589683533	0.0		False	True	False	1	100.95255225896835
S1-581360597	S2-481572644		0.0	19.0	0.9519335031509399	0.0		False	True	False	1	100.95193350315094
S1-581360597	S2-784442772		0.0	20.0	0.9513886570930481	0.0		False	True	False	1	100.95138865709305
S1-581360597	S2-559669701		0.0	21.0	0.9507024884223938	0.0		False	True	False	1	100.9507024884224
S1-581360597	S2-89663826		0.0	23.0	0.9503659009933472	0.0		False	True	False	1	100.95036590099335
S1-581360597	S2-578484139		0.0	26.0	0.9484967589378357	0.0		False	True	False	1	100.94849675893784
S1-581360597	S2-576201028		0.0	27.0	0.9473284482955933	0.0		False	True	False	1	100.9473284482956
S1-581360597	S2-715460557		0.0	28.0	0.9466369152069092	0.0		False	True	False	1	100.94663691520691
S1-581360597	S2-779040268		0.0	30.0	0.9438316226005554	0.0		False	True	False	1	100.94383162260056
S1-581360597	S3-367901084		0.0	2.0	0.9747271537780762	0.0		False	True	False	1	100.97472715377808
S1-581360597	S3-289567021		0.0	5.0	0.9613984823226929	0.0		False	True	False	1	100.96139848232269
S1-581360597	S3-75604340		0.0	8.0	0.956690788269043	0.0		False	True	False	1	100.95669078826904
S1-581360597	S3-577972146		0.0	10.0	0.9560443162918091	0.0		False	True	False	1	100.95604431629181
S1-581360597	S3-760959067		0.0	11.0	0.9554145932197571	0.0		False	True	False	1	100.95541459321976
S1-581360597	S3-22088661		0.0	13.0	0.9543420076370239	0.0		False	True	False	1	100.95434200763702
S1-581360597	S3-221443476		0.0	14.0	0.9536529779434204	0.0		False	True	False	1	100.95365297794342
S1-581360597	S3-573605691		0.0	19.0	0.9455995559692383	0.0		False	True	False	1	100.94559955596924
S1-581360597	S3-416247723		0.0	20.0	0.9455311298370361	0.0		False	True	False	1	100.94553112983704
S1-581360597	S3-173398261		0.0	21.0	0.9446200132369995	0.0		False	True	False	1	100.944620013237
S1-581360597	S3-468731115		0.0	24.0	0.942697286605835	0.0		False	True	False	1	100.94269728660583
S1-581360597	S3-652287374		0.0	25.0	0.9422752857208252	0.0		False	True	False	1	100.94227528572083
S1-581360597	S3-288440193		0.0	28.0	0.9355748891830444	0.0		False	True	False	1	100.93557488918304
S1-581360597	S3-374810425		0.0	29.0	0.9354157447814941	0.0		False	True	False	1	100.9354157447815
S1-946184931	S2-193013091	1.0	0.5222965478897095		0.0	0.0		True	False	False	1	100.52229654788971
S1-946184931	S2-375151053	2.0	0.483340322971344	4.0	0.9652947187423706	0.0		True	True	False	2	201.44863504171371
S1-946184931	S2-412565852	3.0	0.4727659523487091	20.0	0.9441866874694824	0.0		True	True	False	2	201.4169526398182
S1-946184931	S2-378846408	4.0	0.47209399938583374	19.0	0.9480664730072021	0.0		True	True	False	2	201.42016047239304
S1-946184931	S2-933865098	5.0	0.46910083293914795		0.0	0.0		True	False	False	1	100.46910083293915
S1-946184931	S2-89663826	6.0	0.4664524793624878	1.0	0.9743132591247559	0.0		True	True	False	2	201.44076573848724
S1-946184931	S2-578484139	7.0	0.46369636058807373		0.0	0.0		True	False	False	1	100.46369636058807
S1-946184931	S2-559669701	8.0	0.4510350525379181	24.0	0.9422289133071899	0.0		True	True	False	2	201.3932639658451
S1-946184931	S2-84473557	9.0	0.4495273232460022	26.0	0.9414476752281189	0.0		True	True	False	2	201.39097499847412
S1-946184931	S2-222871632	10.0	0.4330877661705017	6.0	0.9645034670829773	0.0		True	True	False	2	201.39759123325348
S1-946184931	S2-583840796	11.0	0.430078387260437		0.0	0.0		True	False	False	1	100.43007838726044
S1-946184931	S2-495604525	12.0	0.4293791651725769	13.0	0.9507882595062256	0.0		True	True	False	2	201.3801674246788
S1-946184931	S2-786671109	13.0	0.4274785816669464		0.0	0.0		True	False	False	1	100.42747858166695
S1-946184931	S2-729157829	14.0	0.42537206411361694	17.0	0.9494235515594482	0.0		True	True	False	2	201.37479561567307
S1-946184931	S2-634571997	15.0	0.4229971170425415	28.0	0.9396476745605469	0.0		True	True	False	2	201.3626447916031
S1-946184931	S2-767997013	16.0	0.41462308168411255		0.0	0.0		True	False	False	1	100.41462308168411
S1-946184931	S2-742077842	17.0	0.40852588415145874		0.0	0.0		True	False	False	1	100.40852588415146
S1-946184931	S2-119647643	18.0	0.40776509046554565	18.0	0.948115885257721	0.0		True	True	False	2	201.35588097572327
S1-946184931	S2-449438476	19.0	0.40480321645736694	5.0	0.9646092057228088	0.0		True	True	False	2	201.36941242218018
S1-946184931	S2-784442772	20.0	0.40272432565689087	27.0	0.9408878087997437	0.0		True	True	False	2	201.34361213445663
S1-946184931	S2-268861424	21.0	0.401099294424057	25.0	0.9414993524551392	0.0		True	True	False	2	201.3425986468792
S1-946184931	S2-229677112	22.0	0.3948778808116913		0.0	0.0		True	False	False	1	100.39487788081169
S1-946184931	S2-485885002	23.0	0.3908464312553406		0.0	0.0		True	False	False	1	100.39084643125534
S1-946184931	S2-956479781	24.0	0.38552117347717285		0.0	0.0		True	False	False	1	100.38552117347717
S1-946184931	S2-537184954	25.0	0.3771436810493469		0.0	0.0		True	False	False	1	100.37714368104935
S1-946184931	S2-913930320	26.0	0.3758441209793091		0.0	0.0		True	False	False	1	100.37584412097931
S1-946184931	S2-158121477	27.0	0.37313562631607056		0.0	0.0		True	False	False	1	100.37313562631607
S1-946184931	S2-210791875	28.0	0.3712918758392334		0.0	0.0		True	False	False	1	100.37129187583923
S1-946184931	S2-575142052	29.0	0.3676844835281372		0.0	0.0		True	False	False	1	100.36768448352814
S1-946184931	S2-560710588	30.0	0.3666757345199585	30.0	0.9387721419334412	0.0		True	True	False	2	201.3054478764534
S1-946184931	S3-185659081	1.0	0.47786247730255127	3.0	0.967232346534729	0.0		True	True	False	2	201.44509482383728
S1-946184931	S3-468731115	2.0	0.4560490548610687	19.0	0.9470920562744141	0.0		True	True	False	2	201.40314111113548
S1-946184931	S3-289567021	3.0	0.4481872320175171	1.0	0.9732027053833008	0.0		True	True	False	2	201.42138993740082
S1-946184931	S3-380741339	4.0	0.44797825813293457	15.0	0.9484506845474243	0.0		True	True	False	2	201.39642894268036
S1-946184931	S3-521783865	5.0	0.4348849952220917	23.0	0.9298902750015259	0.0		True	True	False	2	201.36477527022362
S1-946184931	S3-367901084	6.0	0.43444517254829407	18.0	0.9475761651992798	0.0		True	True	False	2	201.38202133774757
S1-946184931	S3-22088661	7.0	0.43181121349334717	2.0	0.9695793986320496	0.0		True	True	False	2	201.4013906121254
S1-946184931	S3-416247723	8.0	0.4286510646343231	20.0	0.9397027492523193	0.0		True	True	False	2	201.36835381388664
S1-946184931	S3-98186645	9.0	0.42512795329093933		0.0	0.0		True	False	False	1	100.42512795329094
S1-946184931	S3-768772995	10.0	0.424948126077652	27.0	0.927929162979126	0.0		True	True	False	2	201.35287728905678
S1-946184931	S3-995796854	11.0	0.42074054479599	9.0	0.95819491147995	0.0		True	True	False	2	201.37893545627594
S1-946184931	S3-652287374	12.0	0.4175020456314087	30.0	0.9218915104866028	0.0		True	True	False	2	201.339393556118
S1-946184931	S3-610536355	13.0	0.40923354029655457	28.0	0.9278261661529541	0.0		True	True	False	2	201.3370597064495
S1-946184931	S3-265204232	14.0	0.4038027226924896	21.0	0.9364821314811707	0.0		True	True	False	2	201.34028485417366
S1-946184931	S3-536202929	15.0	0.3993369936943054		0.0	0.0		True	False	False	1	100.3993369936943
S1-946184931	S3-483958914	16.0	0.39885762333869934		0.0	0.0		True	False	False	1	100.3988576233387
S1-946184931	S3-668629842	17.0	0.393179714679718	8.0	0.9620866179466248	0.0		True	True	False	2	201.35526633262634
S1-946184931	S3-937140604	18.0	0.39273664355278015		0.0	0.0		True	False	False	1	100.39273664355278
S1-946184931	S3-797381132	19.0	0.3895567059516907		0.0	0.0		True	False	False	1	100.38955670595169
S1-946184931	S3-250324284	20.0	0.38757210969924927		0.0	0.0		True	False	False	1	100.38757210969925
S1-946184931	S3-162993152	21.0	0.385531485080719		0.0	0.0		True	False	False	1	100.38553148508072
S1-946184931	S3-895598264	22.0	0.3852508068084717		0.0	0.0		True	False	False	1	100.38525080680847
S1-946184931	S3-961421742	23.0	0.38228970766067505		0.0	0.0		True	False	False	1	100.38228970766068
S1-946184931	S3-867263634	24.0	0.3812659978866577		0.0	0.0		True	False	False	1	100.38126599788666
S1-946184931	S3-464265492	25.0	0.37968283891677856		0.0	0.0		True	False	False	1	100.37968283891678
S1-946184931	S3-125349995	26.0	0.37289121747016907		0.0	0.0		True	False	False	1	100.37289121747017
S1-946184931	S3-150632472	27.0	0.3704884946346283	4.0	0.9671499729156494	0.0		True	True	False	2	201.33763846755028
S1-946184931	S3-288440193	28.0	0.36970919370651245		0.0	0.0		True	False	False	1	100.36970919370651
S1-946184931	S3-75604340	29.0	0.3641781210899353	6.0	0.9662438631057739	0.0		True	True	False	2	201.3304219841957
S1-946184931	S3-305215419	30.0	0.36369895935058594		0.0	0.0		True	False	False	1	100.36369895935059
S1-946184931	S2-37424835		0.0	2.0	0.9731721878051758	0.0		False	True	False	1	100.97317218780518
S1-946184931	S2-809665812		0.0	3.0	0.9653481245040894	0.0		False	True	False	1	100.96534812450409
S1-946184931	S2-340420883		0.0	7.0	0.9621849656105042	0.0		False	True	False	1	100.9621849656105
S1-946184931	S2-823489243		0.0	8.0	0.9591581225395203	0.0		False	True	False	1	100.95915812253952
S1-946184931	S2-476476786		0.0	9.0	0.955133318901062	0.0		False	True	False	1	100.95513331890106
S1-946184931	S2-744098365		0.0	10.0	0.9526570439338684	0.0		False	True	False	1	100.95265704393387
S1-946184931	S2-481572644		0.0	11.0	0.9517842531204224	0.0		False	True	False	1	100.95178425312042
S1-946184931	S2-884102769		0.0	12.0	0.9511511325836182	0.0		False	True	False	1	100.95115113258362
S1-946184931	S2-400190057		0.0	14.0	0.9506649971008301	0.0		False	True	False	1	100.95066499710083
S1-946184931	S2-726058757		0.0	15.0	0.9501789212226868	0.0		False	True	False	1	100.95017892122269
S1-946184931	S2-440948455		0.0	16.0	0.9498649835586548	0.0		False	True	False	1	100.94986498355865
S1-946184931	S2-576201028		0.0	21.0	0.9427457451820374	0.0		False	True	False	1	100.94274574518204
S1-946184931	S2-416136682		0.0	22.0	0.9426678419113159	0.0		False	True	False	1	100.94266784191132
S1-946184931	S2-715460557		0.0	23.0	0.9424096345901489	0.0		False	True	False	1	100.94240963459015
S1-946184931	S2-258890831		0.0	29.0	0.9392887353897095	0.0		False	True	False	1	100.93928873538971
S1-946184931	S3-760959067		0.0	5.0	0.9666401743888855	0.0		False	True	False	1	100.96664017438889
S1-946184931	S3-227725397		0.0	7.0	0.9640466570854187	0.0		False	True	False	1	100.96404665708542
S1-946184931	S3-184174096		0.0	10.0	0.9581557512283325	0.0		False	True	False	1	100.95815575122833
S1-946184931	S3-374810425		0.0	11.0	0.9566757678985596	0.0		False	True	False	1	100.95667576789856
S1-946184931	S3-797337828		0.0	12.0	0.9538145661354065	0.0		False	True	False	1	100.9538145661354
S1-946184931	S3-469272577		0.0	13.0	0.9522939324378967	0.0		False	True	False	1	100.9522939324379
S1-946184931	S3-573605691		0.0	14.0	0.9487719535827637	0.0		False	True	False	1	100.94877195358276
S1-946184931	S3-221443476		0.0	16.0	0.9480976462364197	0.0		False	True	False	1	100.94809764623642
S1-946184931	S3-340374288		0.0	17.0	0.9480009078979492	0.0		False	True	False	1	100.94800090789795
S1-946184931	S3-715117209		0.0	22.0	0.9344427585601807	0.0		False	True	False	1	100.93444275856018
S1-946184931	S3-517069981		0.0	24.0	0.9287728071212769	0.0		False	True	False	1	100.92877280712128
S1-946184931	S3-389830698		0.0	25.0	0.9283765554428101	0.0		False	True	False	1	100.92837655544281
S1-946184931	S3-556228627		0.0	26.0	0.9279897212982178	0.0		False	True	False	1	100.92798972129822
S1-946184931	S3-577972146		0.0	29.0	0.9231775999069214	0.0		False	True	False	1	100.92317759990692
S1-244940399	S2-600460285	1.0	0.5480098724365234		0.0	0.0		True	False	False	1	100.54800987243652
S1-244940399	S2-485885002	2.0	0.5435747504234314		0.0	0.0		True	False	False	1	100.54357475042343
S1-244940399	S2-192345572	3.0	0.5328101515769958		0.0	0.0		True	False	False	1	100.532810151577
S1-244940399	S2-292567038	4.0	0.5272301435470581		0.0	0.0		True	False	False	1	100.52723014354706
S1-244940399	S2-495461061	5.0	0.5257911682128906		0.0	0.0		True	False	False	1	100.52579116821289
S1-244940399	S2-530685908	6.0	0.5224616527557373	10.0	0.9532854557037354	0.0		True	True	False	2	201.47574710845947
S1-244940399	S2-434748052	7.0	0.5155245661735535		0.0	0.0		True	False	False	1	100.51552456617355
S1-244940399	S2-999853272	8.0	0.5138600468635559		0.0	0.0		True	False	False	1	100.51386004686356
S1-244940399	S2-913930320	9.0	0.5066572427749634		0.0	0.0		True	False	False	1	100.50665724277496
S1-244940399	S2-501534718	10.0	0.5046063661575317		0.0	0.0		True	False	False	1	100.50460636615753
S1-244940399	S2-77137709	11.0	0.49767476320266724		0.0	0.0		True	False	False	1	100.49767476320267
S1-244940399	S2-786671109	12.0	0.4922921061515808		0.0	0.0		True	False	False	1	100.49229210615158
S1-244940399	S2-654270940	13.0	0.4866218864917755		0.0	0.0		True	False	False	1	100.48662188649178
S1-244940399	S2-785042722	14.0	0.48628613352775574	23.0	0.9458214044570923	0.0		True	True	False	2	201.43210753798485
S1-244940399	S2-537184954	15.0	0.4833165407180786		0.0	0.0		True	False	False	1	100.48331654071808
S1-244940399	S2-934716922	16.0	0.48052042722702026		0.0	0.0		True	False	False	1	100.48052042722702
S1-244940399	S2-956479781	17.0	0.47845375537872314		0.0	0.0		True	False	False	1	100.47845375537872
S1-244940399	S2-229677112	18.0	0.4781547784805298		0.0	0.0		True	False	False	1	100.47815477848053
S1-244940399	S2-166809876	19.0	0.4769531488418579		0.0	0.0		True	False	False	1	100.47695314884186
S1-244940399	S2-562037907	20.0	0.47330647706985474		0.0	0.0		True	False	False	1	100.47330647706985
S1-244940399	S2-591078525	21.0	0.47227612137794495		0.0	0.0		True	False	False	1	100.47227612137794
S1-244940399	S2-905827553	22.0	0.4660803973674774		0.0	0.0		True	False	False	1	100.46608039736748
S1-244940399	S2-658886344	23.0	0.46449318528175354		0.0	0.0		True	False	False	1	100.46449318528175
S1-244940399	S2-576201028	24.0	0.46344828605651855		0.0	0.0		True	False	False	1	100.46344828605652
S1-244940399	S2-304177076	25.0	0.46092796325683594		0.0	0.0		True	False	False	1	100.46092796325684
S1-244940399	S2-787861634	26.0	0.4604671597480774		0.0	0.0		True	False	False	1	100.46046715974808
S1-244940399	S2-875724478	27.0	0.45234811305999756		0.0	0.0		True	False	False	1	100.45234811306
S1-244940399	S2-767997013	28.0	0.4481733441352844	12.0	0.9523909091949463	0.0		True	True	False	2	201.40056425333023
S1-244940399	S2-440948455	29.0	0.44784069061279297	25.0	0.9445681571960449	0.0		True	True	False	2	201.39240884780884
S1-244940399	S2-784442772	30.0	0.4424792528152466	11.0	0.9527583718299866	0.0		True	True	False	2	201.39523762464523
S1-244940399	S3-462677478	1.0	0.6019684672355652		0.0	0.0		True	False	False	1	100.60196846723557
S1-244940399	S3-289697426	2.0	0.5665173530578613		0.0	0.0		True	False	False	1	100.56651735305786
S1-244940399	S3-717745791	3.0	0.5255236029624939		0.0	0.0		True	False	False	1	100.5255236029625
S1-244940399	S3-18976400	4.0	0.5246325731277466		0.0	0.0		True	False	False	1	100.52463257312775
S1-244940399	S3-695502221	5.0	0.521224319934845	14.0	0.9504412412643433	0.0		True	True	False	2	201.4716655611992
S1-244940399	S3-218566871	6.0	0.5211696624755859	9.0	0.9585857391357422	0.0		True	True	False	2	201.47975540161133
S1-244940399	S3-688194826	7.0	0.510809063911438		0.0	0.0		True	False	False	1	100.51080906391144
S1-244940399	S3-464265492	8.0	0.5067266821861267		0.0	0.0		True	False	False	1	100.50672668218613
S1-244940399	S3-811459169	9.0	0.5052087306976318		0.0	0.0		True	False	False	1	100.50520873069763
S1-244940399	S3-264170444	10.0	0.49943557381629944		0.0	0.0		True	False	False	1	100.4994355738163
S1-244940399	S3-127741306	11.0	0.49362996220588684		0.0	0.0		True	False	False	1	100.49362996220589
S1-244940399	S3-825495383	12.0	0.4934505224227905		0.0	0.0		True	False	False	1	100.49345052242279
S1-244940399	S3-536202929	13.0	0.492827832698822	8.0	0.9588605761528015	0.0		True	True	False	2	201.45168840885162
S1-244940399	S3-580736465	14.0	0.49002280831336975		0.0	0.0		True	False	False	1	100.49002280831337
S1-244940399	S3-227725397	15.0	0.4856277108192444		0.0	0.0		True	False	False	1	100.48562771081924
S1-244940399	S3-819001322	16.0	0.47539401054382324	16.0	0.9487060308456421	0.0		True	True	False	2	201.42410004138947
S1-244940399	S3-86143878	17.0	0.4748322069644928		0.0	0.0		True	False	False	1	100.47483220696449
S1-244940399	S3-611681699	18.0	0.4738839864730835		0.0	0.0		True	False	False	1	100.47388398647308
S1-244940399	S3-895598264	19.0	0.47096049785614014	13.0	0.951171875	0.0		True	True	False	2	201.42213237285614
S1-244940399	S3-250853646	20.0	0.47072815895080566		0.0	0.0		True	False	False	1	100.4707281589508
S1-244940399	S3-170975522	21.0	0.4683508276939392	23.0	0.9443710446357727	0.0		True	True	False	2	201.4127218723297
S1-244940399	S3-10300249	22.0	0.46659761667251587		0.0	0.0		True	False	False	1	100.46659761667252
S1-244940399	S3-526709055	23.0	0.4664643406867981	2.0	0.9653170108795166	0.0		True	True	False	2	201.43178135156631
S1-244940399	S3-250324284	24.0	0.46173226833343506		0.0	0.0		True	False	False	1	100.46173226833344
S1-244940399	S3-436480804	25.0	0.4601791501045227		0.0	0.0		True	False	False	1	100.46017915010452
S1-244940399	S3-115653125	26.0	0.45914649963378906		0.0	0.0		True	False	False	1	100.45914649963379
S1-244940399	S3-482581656	27.0	0.45892390608787537	1.0	0.9745033383369446	0.0		True	True	False	2	201.43342724442482
S1-244940399	S3-604980231	28.0	0.4562593996524811		0.0	0.0		True	False	False	1	100.45625939965248
S1-244940399	S3-184785497	29.0	0.4559561014175415		0.0	0.0		True	False	False	1	100.45595610141754
S1-244940399	S3-610536355	30.0	0.45523375272750854	19.0	0.9470217227935791	0.0		True	True	False	2	201.4022554755211
S1-244940399	S2-592412285		0.0	1.0	0.9757999181747437	0.0		False	True	False	1	100.97579991817474
S1-244940399	S2-170244057		0.0	2.0	0.9664085507392883	0.0		False	True	False	1	100.96640855073929
S1-244940399	S2-262646344		0.0	3.0	0.9663376212120056	0.0		False	True	False	1	100.966337621212
S1-244940399	S2-550697952		0.0	4.0	0.9630978107452393	0.0		False	True	False	1	100.96309781074524
S1-244940399	S2-715460557		0.0	5.0	0.959918737411499	0.0		False	True	False	1	100.9599187374115
S1-244940399	S2-583840796		0.0	6.0	0.9587555527687073	0.0		False	True	False	1	100.95875555276871
S1-244940399	S2-210791875		0.0	7.0	0.9578269720077515	0.0		False	True	False	1	100.95782697200775
S1-244940399	S2-594115095		0.0	8.0	0.9552584886550903	0.0		False	True	False	1	100.95525848865509
S1-244940399	S2-223826524		0.0	9.0	0.9551384449005127	0.0		False	True	False	1	100.95513844490051
S1-244940399	S2-744098365		0.0	13.0	0.9503528475761414	0.0		False	True	False	1	100.95035284757614
S1-244940399	S2-559669701		0.0	14.0	0.949704647064209	0.0		False	True	False	1	100.94970464706421
S1-244940399	S2-158121477		0.0	15.0	0.9492681622505188	0.0		False	True	False	1	100.94926816225052
S1-244940399	S2-193013091		0.0	16.0	0.9492465257644653	0.0		False	True	False	1	100.94924652576447
S1-244940399	S2-575142052		0.0	17.0	0.9481820464134216	0.0		False	True	False	1	100.94818204641342
S1-244940399	S2-770341988		0.0	18.0	0.9481423497200012	0.0		False	True	False	1	100.94814234972
S1-244940399	S2-809665812		0.0	19.0	0.9478259682655334	0.0		False	True	False	1	100.94782596826553
S1-244940399	S2-566025912		0.0	20.0	0.947796642780304	0.0		False	True	False	1	100.9477966427803
S1-244940399	S2-647447093		0.0	21.0	0.9472134113311768	0.0		False	True	False	1	100.94721341133118
S1-244940399	S2-495604525		0.0	22.0	0.9459108114242554	0.0		False	True	False	1	100.94591081142426
S1-244940399	S2-258890831		0.0	24.0	0.9446331858634949	0.0		False	True	False	1	100.9446331858635
S1-244940399	S2-800542765		0.0	26.0	0.9440380334854126	0.0		False	True	False	1	100.94403803348541
S1-244940399	S2-459485143		0.0	27.0	0.9428544044494629	0.0		False	True	False	1	100.94285440444946
S1-244940399	S2-112287031		0.0	28.0	0.9424610137939453	0.0		False	True	False	1	100.94246101379395
S1-244940399	S2-634571997		0.0	29.0	0.941734790802002	0.0		False	True	False	1	100.941734790802
S1-244940399	S2-378846408		0.0	30.0	0.9395801424980164	0.0		False	True	False	1	100.93958014249802
S1-244940399	S3-662721327		0.0	3.0	0.9638260006904602	0.0		False	True	False	1	100.96382600069046
S1-244940399	S3-288440193		0.0	4.0	0.960616409778595	0.0		False	True	False	1	100.9606164097786
S1-244940399	S3-971111671		0.0	5.0	0.9605639576911926	0.0		False	True	False	1	100.96056395769119
S1-244940399	S3-305215419		0.0	6.0	0.9598288536071777	0.0		False	True	False	1	100.95982885360718
S1-244940399	S3-276427681		0.0	7.0	0.9588744640350342	0.0		False	True	False	1	100.95887446403503
S1-244940399	S3-797381132		0.0	10.0	0.9582359194755554	0.0		False	True	False	1	100.95823591947556
S1-244940399	S3-92755938		0.0	11.0	0.9529532790184021	0.0		False	True	False	1	100.9529532790184
S1-244940399	S3-98186645		0.0	12.0	0.9528678059577942	0.0		False	True	False	1	100.9528678059578
S1-244940399	S3-835032939		0.0	15.0	0.9489765167236328	0.0		False	True	False	1	100.94897651672363
S1-244940399	S3-652287374		0.0	17.0	0.9473320841789246	0.0		False	True	False	1	100.94733208417892
S1-244940399	S3-556228627		0.0	18.0	0.9471558928489685	0.0		False	True	False	1	100.94715589284897
S1-244940399	S3-416247723		0.0	20.0	0.9464759230613708	0.0		False	True	False	1	100.94647592306137
S1-244940399	S3-577972146		0.0	21.0	0.9452983140945435	0.0		False	True	False	1	100.94529831409454
S1-244940399	S3-768772995		0.0	22.0	0.9452124834060669	0.0		False	True	False	1	100.94521248340607
S1-244940399	S3-219844340		0.0	24.0	0.9439666867256165	0.0		False	True	False	1	100.94396668672562
S1-244940399	S3-389830698		0.0	25.0	0.943790853023529	0.0		False	True	False	1	100.94379085302353
S1-244940399	S3-543902884		0.0	26.0	0.9428027272224426	0.0		False	True	False	1	100.94280272722244
S1-244940399	S3-221443476		0.0	27.0	0.9420150518417358	0.0		False	True	False	1	100.94201505184174
S1-244940399	S3-668629842		0.0	28.0	0.9402275085449219	0.0		False	True	False	1	100.94022750854492
S1-244940399	S3-712130770		0.0	29.0	0.9378648996353149	0.0		False	True	False	1	100.93786489963531
S1-244940399	S3-715117209		0.0	30.0	0.9365372657775879	0.0		False	True	False	1	100.93653726577759
S1-616465752	S2-933724724	1.0	0.6516934633255005	10.0	0.923958420753479	0.0		True	True	False	2	201.57565188407898
S1-616465752	S2-575142052	2.0	0.5454826354980469	7.0	0.9278692007064819	0.0		True	True	False	2	201.47335183620453
S1-616465752	S2-878037834	3.0	0.5384229421615601	6.0	0.9390674233436584	0.20625000000000002	K1+K2	True	True	True	3	301.68374036550523
S1-616465752	S2-770341988	4.0	0.5273863077163696	5.0	0.9407247304916382	0.0		True	True	False	2	201.468111038208
S1-616465752	S2-647447093	5.0	0.5164473056793213	20.0	0.9067505598068237	0.0		True	True	False	2	201.42319786548615
S1-616465752	S2-566025912	6.0	0.5148239731788635	11.0	0.9230543971061707	0.0		True	True	False	2	201.43787837028503
S1-616465752	S2-170244057	7.0	0.5000663995742798	12.0	0.9119960069656372	0.0		True	True	False	2	201.41206240653992
S1-616465752	S2-158121477	8.0	0.485266774892807	21.0	0.9051344394683838	0.0		True	True	False	2	201.3904012143612
S1-616465752	S2-112287031	9.0	0.48265349864959717	2.0	0.9517499804496765	0.0		True	True	False	2	201.43440347909927
S1-616465752	S2-412565852	10.0	0.47603315114974976		0.0	0.0		True	False	False	1	100.47603315114975
S1-616465752	S2-262646344	11.0	0.4748242497444153		0.0	0.0		True	False	False	1	100.47482424974442
S1-616465752	S2-742018880	12.0	0.44199129939079285		0.0	0.0		True	False	False	1	100.44199129939079
S1-616465752	S2-800542765	13.0	0.44181084632873535	4.0	0.943779468536377	0.0		True	True	False	2	201.3855903148651
S1-616465752	S2-459485143	14.0	0.43917182087898254		0.0	0.0		True	False	False	1	100.43917182087898
S1-616465752	S2-160823657	15.0	0.42533910274505615	1.0	0.9649430513381958	0.0		True	True	False	2	201.39028215408325
S1-616465752	S2-537184954	16.0	0.41854727268218994		0.0	0.0		True	False	False	1	100.41854727268219
S1-616465752	S2-108012128	17.0	0.4108847379684448	3.0	0.9467495083808899	0.0		True	True	False	2	201.35763424634933
S1-616465752	S2-84473557	18.0	0.40941083431243896		0.0	0.0		True	False	False	1	100.40941083431244
S1-616465752	S2-550697952	19.0	0.4072248041629791	16.0	0.9091191291809082	0.0		True	True	False	2	201.3163439333439
S1-616465752	S2-416136682	20.0	0.4071207046508789	15.0	0.9104642868041992	0.0		True	True	False	2	201.31758499145508
S1-616465752	S2-463756409	21.0	0.40649864077568054		0.0	0.0		True	False	False	1	100.40649864077568
S1-616465752	S2-501534718	22.0	0.40045416355133057		0.0	0.0		True	False	False	1	100.40045416355133
S1-616465752	S2-913930320	23.0	0.3982510566711426		0.0	0.0		True	False	False	1	100.39825105667114
S1-616465752	S2-654270940	24.0	0.39530912041664124		0.0	0.0		True	False	False	1	100.39530912041664
S1-616465752	S2-119647643	25.0	0.3942953646183014		0.0	0.0		True	False	False	1	100.3942953646183
S1-616465752	S2-999853272	26.0	0.3912684917449951		0.0	0.0		True	False	False	1	100.391268491745
S1-616465752	S2-726058757	27.0	0.3898249864578247		0.0	0.0		True	False	False	1	100.38982498645782
S1-616465752	S2-495604525	28.0	0.38298359513282776		0.0	0.0		True	False	False	1	100.38298359513283
S1-616465752	S2-485885002	29.0	0.38030529022216797		0.0	0.0		True	False	False	1	100.38030529022217
S1-616465752	S2-476476786	30.0	0.3798191249370575	8.0	0.9272260069847107	0.0		True	True	False	2	201.30704513192177
S1-616465752	S3-22321512	1.0	0.708167552947998	6.0	0.9478257298469543	0.0		True	True	False	2	201.65599328279495
S1-616465752	S3-200532536	2.0	0.6445537805557251	1.0	0.96980881690979	0.0		True	True	False	2	201.61436259746552
S1-616465752	S3-971111671	3.0	0.5751067399978638	11.0	0.9126421213150024	0.0		True	True	False	2	201.48774886131287
S1-616465752	S3-305215419	4.0	0.498058944940567	25.0	0.8938571810722351	0.0		True	True	False	2	201.3919161260128
S1-616465752	S3-198586129	5.0	0.49726617336273193		0.0	0.0		True	False	False	1	100.49726617336273
S1-616465752	S3-64079929	6.0	0.47789466381073	2.0	0.9613454341888428	0.0		True	True	False	2	201.43924009799957
S1-616465752	S3-643284918	7.0	0.46963733434677124		0.0	0.0		True	False	False	1	100.46963733434677
S1-616465752	S3-1062100	8.0	0.46235039830207825	7.0	0.9331215620040894	0.0		True	True	False	2	201.39547196030617
S1-616465752	S3-715117209	9.0	0.4540342092514038	3.0	0.9583045840263367	0.0		True	True	False	2	201.41233879327774
S1-616465752	S3-92755938	10.0	0.45374220609664917	8.0	0.9281935691833496	0.0		True	True	False	2	201.38193577528
S1-616465752	S3-556228627	11.0	0.4464111328125	9.0	0.9270166754722595	0.0		True	True	False	2	201.37342780828476
S1-616465752	S3-712130770	12.0	0.4327033758163452	22.0	0.8990984559059143	0.0		True	True	False	2	201.33180183172226
S1-616465752	S3-934627663	13.0	0.42734360694885254	15.0	0.9070214033126831	0.0		True	True	False	2	201.33436501026154
S1-616465752	S3-835032939	14.0	0.4266817271709442	4.0	0.9522749185562134	0.0		True	True	False	2	201.37895664572716
S1-616465752	S3-227725397	15.0	0.41392281651496887	18.0	0.9030382037162781	0.0		True	True	False	2	201.31696102023125
S1-616465752	S3-825495383	16.0	0.41353172063827515		0.0	0.0		True	False	False	1	100.41353172063828
S1-616465752	S3-543902884	17.0	0.40514111518859863	5.0	0.9497193694114685	0.0		True	True	False	2	201.35486048460007
S1-616465752	S3-250324284	18.0	0.40366196632385254		0.0	0.0		True	False	False	1	100.40366196632385
S1-616465752	S3-960416326	19.0	0.3947238028049469		0.0	0.0		True	False	False	1	100.39472380280495
S1-616465752	S3-170975522	20.0	0.3929781913757324		0.0	0.0		True	False	False	1	100.39297819137573
S1-616465752	S3-369430171	21.0	0.39027613401412964		0.0	0.0		True	False	False	1	100.39027613401413
S1-616465752	S3-811459169	22.0	0.3808954954147339		0.0	0.0		True	False	False	1	100.38089549541473
S1-616465752	S3-662721327	23.0	0.38001883029937744		0.0	0.0		True	False	False	1	100.38001883029938
S1-616465752	S3-203608044	24.0	0.3795608878135681	14.0	0.9076943397521973	0.0		True	True	False	2	201.28725522756577
S1-616465752	S3-389830698	25.0	0.37193912267684937		0.0	0.0		True	False	False	1	100.37193912267685
S1-616465752	S3-961421742	26.0	0.36976927518844604		0.0	0.0		True	False	False	1	100.36976927518845
S1-616465752	S3-416247723	27.0	0.3687210977077484	27.0	0.8844674229621887	0.0		True	True	False	2	201.25318852066994
S1-616465752	S3-218566871	28.0	0.36575692892074585		0.0	0.0		True	False	False	1	100.36575692892075
S1-616465752	S3-18976400	29.0	0.36542248725891113		0.0	0.0		True	False	False	1	100.36542248725891
S1-616465752	S3-159233685	30.0	0.3603510856628418		0.0	0.0		True	False	False	1	100.36035108566284
S1-616465752	S2-440948455		0.0	9.0	0.9263635873794556	0.0		False	True	False	1	100.92636358737946
S1-616465752	S2-559669701		0.0	13.0	0.9111740589141846	0.0		False	True	False	1	100.91117405891418
S1-616465752	S2-583840796		0.0	14.0	0.9106923341751099	0.0		False	True	False	1	100.91069233417511
S1-616465752	S2-729157829		0.0	17.0	0.9083420038223267	0.0		False	True	False	1	100.90834200382233
S1-616465752	S2-340420883		0.0	18.0	0.9079744219779968	0.0		False	True	False	1	100.907974421978
S1-616465752	S2-222871632		0.0	19.0	0.9078607559204102	0.0		False	True	False	1	100.90786075592041
S1-616465752	S2-809665812		0.0	22.0	0.9042887687683105	0.0		False	True	False	1	100.90428876876831
S1-616465752	S2-375151053		0.0	23.0	0.904276430606842	0.0		False	True	False	1	100.90427643060684
S1-616465752	S2-594115095		0.0	24.0	0.9018205404281616	0.0		False	True	False	1	100.90182054042816
S1-616465752	S2-884102769		0.0	25.0	0.8996049761772156	0.0		False	True	False	1	100.89960497617722
S1-616465752	S2-715460557		0.0	26.0	0.8985424041748047	0.0		False	True	False	1	100.8985424041748
S1-616465752	S2-89663826		0.0	27.0	0.8943589329719543	0.0		False	True	False	1	100.89435893297195
S1-616465752	S2-37424835		0.0	28.0	0.893887996673584	0.0		False	True	False	1	100.89388799667358
S1-616465752	S2-934716922		0.0	29.0	0.8924674987792969	0.0		False	True	False	1	100.8924674987793
S1-616465752	S2-592412285		0.0	30.0	0.8884388208389282	0.0		False	True	False	1	100.88843882083893
S1-616465752	S3-797337828		0.0	10.0	0.9234457612037659	0.0		False	True	False	1	100.92344576120377
S1-616465752	S3-469272577		0.0	12.0	0.9124704599380493	0.0		False	True	False	1	100.91247045993805
S1-616465752	S3-340374288		0.0	13.0	0.9120784401893616	0.0		False	True	False	1	100.91207844018936
S1-616465752	S3-760959067		0.0	16.0	0.9044362902641296	0.0		False	True	False	1	100.90443629026413
S1-616465752	S3-185659081		0.0	17.0	0.9042668342590332	0.0		False	True	False	1	100.90426683425903
S1-616465752	S3-289567021		0.0	19.0	0.9012809991836548	0.0		False	True	False	1	100.90128099918365
S1-616465752	S3-22088661		0.0	20.0	0.8998273611068726	0.0		False	True	False	1	100.89982736110687
S1-616465752	S3-668629842		0.0	21.0	0.899825394153595	0.0		False	True	False	1	100.8998253941536
S1-616465752	S3-221443476		0.0	23.0	0.8985153436660767	0.0		False	True	False	1	100.89851534366608
S1-616465752	S3-521783865		0.0	24.0	0.8975971937179565	0.0		False	True	False	1	100.89759719371796
S1-616465752	S3-380741339		0.0	26.0	0.888139009475708	0.0		False	True	False	1	100.88813900947571
S1-616465752	S3-75604340		0.0	28.0	0.8833566904067993	0.0		False	True	False	1	100.8833566904068
S1-616465752	S3-374810425		0.0	29.0	0.8821057081222534	0.0		False	True	False	1	100.88210570812225
S1-616465752	S3-652287374		0.0	30.0	0.8769152164459229	0.0		False	True	False	1	100.87691521644592
S1-762904067	S2-600460285	1.0	0.5766539573669434	1.0	0.9779326319694519	0.0		True	True	False	2	201.5545865893364
S1-762904067	S2-229677112	2.0	0.5660691261291504	5.0	0.9612019062042236	0.0		True	True	False	2	201.52727103233337
S1-762904067	S2-742077842	3.0	0.5626201629638672		0.0	0.0		True	False	False	1	100.56262016296387
S1-762904067	S2-905827553	4.0	0.5569428205490112	25.0	0.9403178691864014	0.0		True	True	False	2	201.4972606897354
S1-762904067	S2-578788567	5.0	0.551984429359436	4.0	0.9615038633346558	0.0		True	True	False	2	201.5134882926941
S1-762904067	S2-485885002	6.0	0.5497701168060303		0.0	0.0		True	False	False	1	100.54977011680603
S1-762904067	S2-913930320	7.0	0.5479365587234497		0.0	0.0		True	False	False	1	100.54793655872345
S1-762904067	S2-317480348	8.0	0.5402086973190308		0.0	0.0		True	False	False	1	100.54020869731903
S1-762904067	S2-634571997	9.0	0.5399028658866882	23.0	0.9412834048271179	0.0		True	True	False	2	201.4811862707138
S1-762904067	S2-779040268	10.0	0.5343310236930847	22.0	0.942258358001709	0.0		True	True	False	2	201.4765893816948
S1-762904067	S2-501534718	11.0	0.5282005071640015	3.0	0.9645100235939026	0.0		True	True	False	2	201.4927105307579
S1-762904067	S2-910351373	12.0	0.5272429585456848	28.0	0.9381222724914551	0.0		True	True	False	2	201.46536523103714
S1-762904067	S2-956479781	13.0	0.5269397497177124		0.0	0.0		True	False	False	1	100.52693974971771
S1-762904067	S2-875724478	14.0	0.5265480279922485	9.0	0.9547207355499268	0.0		True	True	False	2	201.48126876354218
S1-762904067	S2-292567038	15.0	0.5260372161865234	17.0	0.9451278448104858	0.0		True	True	False	2	201.471165060997
S1-762904067	S2-786671109	16.0	0.5221707224845886		0.0	0.0		True	False	False	1	100.52217072248459
S1-762904067	S2-77137709	17.0	0.5167742967605591	15.0	0.9455245733261108	0.0		True	True	False	2	201.46229887008667
S1-762904067	S2-785042722	18.0	0.5145261287689209	7.0	0.9561309218406677	0.0		True	True	False	2	201.4706570506096
S1-762904067	S2-4583532	19.0	0.5052536129951477	14.0	0.9460757374763489	0.0		True	True	False	2	201.4513293504715
S1-762904067	S2-193013091	20.0	0.5045517683029175	24.0	0.9411225318908691	0.0		True	True	False	2	201.4456743001938
S1-762904067	S2-537184954	21.0	0.49900513887405396		0.0	0.0		True	False	False	1	100.49900513887405
S1-762904067	S2-891600450	22.0	0.4988056719303131	13.0	0.949329137802124	0.0		True	True	False	2	201.44813480973244
S1-762904067	S2-434748052	23.0	0.48197099566459656		0.0	0.0		True	False	False	1	100.4819709956646
S1-762904067	S2-550697952	24.0	0.48028767108917236		0.0	0.0		True	False	False	1	100.48028767108917
S1-762904067	S2-304177076	25.0	0.4794677793979645		0.0	0.0		True	False	False	1	100.47946777939796
S1-762904067	S2-654270940	26.0	0.47753071784973145		0.0	0.0		True	False	False	1	100.47753071784973
S1-762904067	S2-787861634	27.0	0.474753201007843	6.0	0.9576554298400879	0.0		True	True	False	2	201.43240863084793
S1-762904067	S2-999853272	28.0	0.47374171018600464		0.0	0.0		True	False	False	1	100.473741710186
S1-762904067	S2-591078525	29.0	0.47184091806411743		0.0	0.0		True	False	False	1	100.47184091806412
S1-762904067	S2-934716922	30.0	0.46527379751205444		0.0	0.0		True	False	False	1	100.46527379751205
S1-762904067	S3-536202929	1.0	0.6162655353546143	17.0	0.949690580368042	0.0		True	True	False	2	201.56595611572266
S1-762904067	S3-288440193	2.0	0.6056637763977051	4.0	0.9679850935935974	0.0		True	True	False	2	201.5736488699913
S1-762904067	S3-374810425	3.0	0.596970796585083		0.0	0.0		True	False	False	1	100.59697079658508
S1-762904067	S3-219041197	4.0	0.5961788296699524	30.0	0.9373539686203003	0.0		True	True	False	2	201.53353279829025
S1-762904067	S3-10300249	5.0	0.5805026292800903		0.0	0.0		True	False	False	1	100.58050262928009
S1-762904067	S3-159233685	6.0	0.5609046816825867	3.0	0.9719101786613464	0.0		True	True	False	2	201.53281486034393
S1-762904067	S3-18976400	7.0	0.5587408542633057		0.0	0.0		True	False	False	1	100.5587408542633
S1-762904067	S3-560657213	8.0	0.5586581230163574		0.0	0.0		True	False	False	1	100.55865812301636
S1-762904067	S3-895598264	9.0	0.558556079864502	26.0	0.9411901831626892	0.0		True	True	False	2	201.4997462630272
S1-762904067	S3-580736465	10.0	0.5532132983207703	21.0	0.9466816186904907	0.0		True	True	False	2	201.49989491701126
S1-762904067	S3-652287374	11.0	0.5516546964645386		0.0	0.0		True	False	False	1	100.55165469646454
S1-762904067	S3-695502221	12.0	0.5494394302368164	11.0	0.9617677330970764	0.0		True	True	False	2	201.5112071633339
S1-762904067	S3-289697426	13.0	0.5490504503250122		0.0	0.0		True	False	False	1	100.54905045032501
S1-762904067	S3-276427681	14.0	0.5485963821411133		0.0	0.0		True	False	False	1	100.54859638214111
S1-762904067	S3-264170444	15.0	0.5478644371032715		0.0	0.0		True	False	False	1	100.54786443710327
S1-762904067	S3-819001322	16.0	0.5453784465789795	10.0	0.9641399383544922	0.0		True	True	False	2	201.50951838493347
S1-762904067	S3-170975522	17.0	0.5449215173721313	6.0	0.9663596153259277	0.0		True	True	False	2	201.51128113269806
S1-762904067	S3-867263634	18.0	0.5422771573066711		0.0	0.0		True	False	False	1	100.54227715730667
S1-762904067	S3-227725397	19.0	0.538154125213623		0.0	0.0		True	False	False	1	100.53815412521362
S1-762904067	S3-961421742	20.0	0.5372607707977295	9.0	0.9643886089324951	0.0		True	True	False	2	201.50164937973022
S1-762904067	S3-250324284	21.0	0.5333852171897888	13.0	0.9570643901824951	0.0		True	True	False	2	201.49044960737228
S1-762904067	S3-464265492	22.0	0.5244645476341248	19.0	0.9468928575515747	0.0		True	True	False	2	201.4713574051857
S1-762904067	S3-436480804	23.0	0.5232565402984619	28.0	0.9403464794158936	0.0		True	True	False	2	201.46360301971436
S1-762904067	S3-604980231	24.0	0.5203590989112854		0.0	0.0		True	False	False	1	100.52035909891129
S1-762904067	S3-526709055	25.0	0.5200439691543579		0.0	0.0		True	False	False	1	100.52004396915436
S1-762904067	S3-960416326	26.0	0.51629638671875	7.0	0.9657525420188904	0.0		True	True	False	2	201.48204892873764
S1-762904067	S3-323904182	27.0	0.5112749338150024	8.0	0.965672492980957	0.0		True	True	False	2	201.47694742679596
S1-762904067	S3-577972146	28.0	0.5064067244529724	16.0	0.9539929032325745	0.0		True	True	False	2	201.46039962768555
S1-762904067	S3-218566871	29.0	0.5041954517364502	15.0	0.9554809927940369	0.0		True	True	False	2	201.4596764445305
S1-762904067	S3-662721327	30.0	0.5032252669334412	14.0	0.9569892883300781	0.0		True	True	False	2	201.46021455526352
S1-762904067	S2-357438552		0.0	2.0	0.970512866973877	0.0		False	True	False	1	100.97051286697388
S1-762904067	S2-784442772		0.0	8.0	0.9551020264625549	0.0		False	True	False	1	100.95510202646255
S1-762904067	S2-767997013		0.0	10.0	0.952154278755188	0.0		False	True	False	1	100.95215427875519
S1-762904067	S2-223826524		0.0	11.0	0.9511440992355347	0.0		False	True	False	1	100.95114409923553
S1-762904067	S2-412565852		0.0	12.0	0.9510982036590576	0.0		False	True	False	1	100.95109820365906
S1-762904067	S2-530685908		0.0	16.0	0.9453986287117004	0.0		False	True	False	1	100.9453986287117
S1-762904067	S2-84473557		0.0	18.0	0.9445340037345886	0.0		False	True	False	1	100.94453400373459
S1-762904067	S2-742018880		0.0	19.0	0.9439538717269897	0.0		False	True	False	1	100.94395387172699
S1-762904067	S2-933865098		0.0	20.0	0.9438619613647461	0.0		False	True	False	1	100.94386196136475
S1-762904067	S2-210791875		0.0	21.0	0.9426451921463013	0.0		False	True	False	1	100.9426451921463
S1-762904067	S2-638268338		0.0	26.0	0.9400538802146912	0.0		False	True	False	1	100.94005388021469
S1-762904067	S2-378846408		0.0	27.0	0.9385391473770142	0.0		False	True	False	1	100.93853914737701
S1-762904067	S2-576201028		0.0	29.0	0.937705397605896	0.0		False	True	False	1	100.9377053976059
S1-762904067	S2-258890831		0.0	30.0	0.9355460405349731	0.0		False	True	False	1	100.93554604053497
S1-762904067	S3-173398261		0.0	1.0	0.9820379018783569	0.0		False	True	False	1	100.98203790187836
S1-762904067	S3-162993152		0.0	2.0	0.975556492805481	0.0		False	True	False	1	100.97555649280548
S1-762904067	S3-125349995		0.0	5.0	0.9668113589286804	0.0		False	True	False	1	100.96681135892868
S1-762904067	S3-158901285		0.0	12.0	0.9596050977706909	0.0		False	True	False	1	100.95960509777069
S1-762904067	S3-367901084		0.0	18.0	0.9474073648452759	0.0		False	True	False	1	100.94740736484528
S1-762904067	S3-688194826		0.0	20.0	0.946711540222168	0.0		False	True	False	1	100.94671154022217
S1-762904067	S3-127741306		0.0	22.0	0.9465956091880798	0.0		False	True	False	1	100.94659560918808
S1-762904067	S3-610536355		0.0	23.0	0.9455482959747314	0.0		False	True	False	1	100.94554829597473
S1-762904067	S3-361863410		0.0	24.0	0.9446113109588623	0.0		False	True	False	1	100.94461131095886
S1-762904067	S3-389830698		0.0	25.0	0.9417871236801147	0.0		False	True	False	1	100.94178712368011
S1-762904067	S3-825495383		0.0	27.0	0.9406560659408569	0.0		False	True	False	1	100.94065606594086
S1-762904067	S3-483958914		0.0	29.0	0.9396781921386719	0.0		False	True	False	1	100.93967819213867
S1-261476747	S2-170244057	1.0	0.6118789315223694	5.0	0.9624751806259155	0.0		True	True	False	2	201.57435411214828
S1-261476747	S2-112287031	2.0	0.5793938636779785	1.0	0.976567268371582	0.0		True	True	False	2	201.55596113204956
S1-261476747	S2-566025912	3.0	0.5263655185699463	14.0	0.9359066486358643	0.0		True	True	False	2	201.4622721672058
S1-261476747	S2-459485143	4.0	0.5185603499412537	12.0	0.9415788650512695	0.0		True	True	False	2	201.46013921499252
S1-261476747	S2-878037834	5.0	0.5081346035003662	17.0	0.9320370554924011	0.0		True	True	False	2	201.44017165899277
S1-261476747	S2-800542765	6.0	0.49767422676086426	6.0	0.9570626616477966	0.0		True	True	False	2	201.45473688840866
S1-261476747	S2-770341988	7.0	0.4942476153373718	3.0	0.9693694710731506	0.0		True	True	False	2	201.46361708641052
S1-261476747	S2-575142052	8.0	0.49276256561279297	4.0	0.9692749977111816	0.0		True	True	False	2	201.46203756332397
S1-261476747	S2-160823657	9.0	0.478109747171402	11.0	0.9427251815795898	0.0		True	True	False	2	201.420834928751
S1-261476747	S2-647447093	10.0	0.45981526374816895	18.0	0.9313374757766724	0.0		True	True	False	2	201.39115273952484
S1-261476747	S2-262646344	11.0	0.4552057981491089	7.0	0.9456955194473267	0.0		True	True	False	2	201.40090131759644
S1-261476747	S2-158121477	12.0	0.44337379932403564	9.0	0.9437979459762573	0.0		True	True	False	2	201.3871717453003
S1-261476747	S2-742018880	13.0	0.3970712721347809		0.0	0.0		True	False	False	1	100.39707127213478
S1-261476747	S2-933724724	14.0	0.3869752287864685		0.0	0.0		True	False	False	1	100.38697522878647
S1-261476747	S2-108012128	15.0	0.36805427074432373	2.0	0.9694064855575562	0.0		True	True	False	2	201.33746075630188
S1-261476747	S2-305637735	16.0	0.34125784039497375	15.0	0.9345579743385315	0.0		True	True	False	2	201.2758158147335
S1-261476747	S2-785042722	17.0	0.3267022669315338		0.0	0.0		True	False	False	1	100.32670226693153
S1-261476747	S2-77137709	18.0	0.3185979723930359		0.0	0.0		True	False	False	1	100.31859797239304
S1-261476747	S2-223826524	19.0	0.30681002140045166	27.0	0.910003662109375	0.0		True	True	False	2	201.21681368350983
S1-261476747	S2-891600450	20.0	0.3029320240020752		0.0	0.0		True	False	False	1	100.30293202400208
S1-261476747	S2-786671109	21.0	0.2912375330924988		0.0	0.0		True	False	False	1	100.2912375330925
S1-261476747	S2-317480348	22.0	0.2833167314529419		0.0	0.0		True	False	False	1	100.28331673145294
S1-261476747	S2-166809876	23.0	0.2810311019420624		0.0	0.0		True	False	False	1	100.28103110194206
S1-261476747	S2-485885002	24.0	0.27918320894241333		0.0	0.0		True	False	False	1	100.27918320894241
S1-261476747	S2-913930320	25.0	0.2764769196510315		0.0	0.0		True	False	False	1	100.27647691965103
S1-261476747	S2-412565852	26.0	0.27612006664276123		0.0	0.0		True	False	False	1	100.27612006664276
S1-261476747	S2-434748052	27.0	0.27520227432250977	28.0	0.9084049463272095	0.0		True	True	False	2	201.18360722064972
S1-261476747	S2-787861634	28.0	0.2748003602027893		0.0	0.0		True	False	False	1	100.27480036020279
S1-261476747	S2-600460285	29.0	0.2690706253051758		0.0	0.0		True	False	False	1	100.26907062530518
S1-261476747	S2-875724478	30.0	0.2673722207546234		0.0	0.0		True	False	False	1	100.26737222075462
S1-261476747	S3-64079929	1.0	0.6691566109657288	4.0	0.9561100006103516	0.0		True	True	False	2	201.62526661157608
S1-261476747	S3-556228627	2.0	0.5783862471580505	12.0	0.944382905960083	0.0		True	True	False	2	201.52276915311813
S1-261476747	S3-305215419	3.0	0.5335383415222168	9.0	0.9484178423881531	0.0		True	True	False	2	201.48195618391037
S1-261476747	S3-934627663	4.0	0.49048635363578796		0.0	0.0		True	False	False	1	100.49048635363579
S1-261476747	S3-971111671	5.0	0.487618625164032	7.0	0.9519199728965759	0.0		True	True	False	2	201.4395385980606
S1-261476747	S3-200532536	6.0	0.48445844650268555	16.0	0.929837703704834	0.0		True	True	False	2	201.41429615020752
S1-261476747	S3-22321512	7.0	0.46395236253738403	15.0	0.9339866042137146	0.0		True	True	False	2	201.3979389667511
S1-261476747	S3-712130770	8.0	0.462191641330719	11.0	0.9477013349533081	0.0		True	True	False	2	201.40989297628403
S1-261476747	S3-715117209	9.0	0.4515703022480011	5.0	0.9542279839515686	0.0		True	True	False	2	201.40579828619957
S1-261476747	S3-643284918	10.0	0.44898301362991333		0.0	0.0		True	False	False	1	100.44898301362991
S1-261476747	S3-543902884	11.0	0.41660821437835693	8.0	0.9504565000534058	0.0		True	True	False	2	201.36706471443176
S1-261476747	S3-92755938	12.0	0.4151338040828705	3.0	0.9591234922409058	0.0		True	True	False	2	201.37425729632378
S1-261476747	S3-203608044	13.0	0.4090091586112976	6.0	0.9526774287223816	0.0		True	True	False	2	201.36168658733368
S1-261476747	S3-835032939	14.0	0.4024755656719208	2.0	0.9642579555511475	0.0		True	True	False	2	201.36673352122307
S1-261476747	S3-198586129	15.0	0.3883247375488281	10.0	0.9481812119483948	0.0		True	True	False	2	201.33650594949722
S1-261476747	S3-127741306	16.0	0.3357766270637512		0.0	0.0		True	False	False	1	100.33577662706375
S1-261476747	S3-825495383	17.0	0.31089460849761963		0.0	0.0		True	False	False	1	100.31089460849762
S1-261476747	S3-219041197	18.0	0.3024330735206604		0.0	0.0		True	False	False	1	100.30243307352066
S1-261476747	S3-159233685	19.0	0.29201817512512207		0.0	0.0		True	False	False	1	100.29201817512512
S1-261476747	S3-250324284	20.0	0.2912783622741699		0.0	0.0		True	False	False	1	100.29127836227417
S1-261476747	S3-218566871	21.0	0.29058682918548584		0.0	0.0		True	False	False	1	100.29058682918549
S1-261476747	S3-695502221	22.0	0.2898794114589691		0.0	0.0		True	False	False	1	100.28987941145897
S1-261476747	S3-961421742	23.0	0.2894473373889923		0.0	0.0		True	False	False	1	100.28944733738899
S1-261476747	S3-289697426	24.0	0.2838563323020935		0.0	0.0		True	False	False	1	100.2838563323021
S1-261476747	S3-483958914	25.0	0.2826501131057739		0.0	0.0		True	False	False	1	100.28265011310577
S1-261476747	S3-577972146	26.0	0.2805406451225281	18.0	0.916261613368988	0.0		True	True	False	2	201.19680225849152
S1-261476747	S3-536202929	27.0	0.2790568470954895	19.0	0.914773166179657	0.0		True	True	False	2	201.19383001327515
S1-261476747	S3-323904182	28.0	0.27569741010665894		0.0	0.0		True	False	False	1	100.27569741010666
S1-261476747	S3-1062100	29.0	0.27568119764328003	1.0	0.967635989189148	0.0		True	True	False	2	201.24331718683243
S1-261476747	S3-811459169	30.0	0.27401018142700195		0.0	0.0		True	False	False	1	100.274010181427
S1-261476747	S2-592412285		0.0	8.0	0.944098711013794	0.0		False	True	False	1	100.9440987110138
S1-261476747	S2-550697952		0.0	10.0	0.9432651996612549	0.0		False	True	False	1	100.94326519966125
S1-261476747	S2-583840796		0.0	13.0	0.9397833347320557	0.0		False	True	False	1	100.93978333473206
S1-261476747	S2-594115095		0.0	16.0	0.9324723482131958	0.0		False	True	False	1	100.9324723482132
S1-261476747	S2-715460557		0.0	19.0	0.9276099801063538	0.0		False	True	False	1	100.92760998010635
S1-261476747	S2-440948455		0.0	20.0	0.9274328947067261	0.0		False	True	False	1	100.92743289470673
S1-261476747	S2-210791875		0.0	21.0	0.9232824444770813	0.0		False	True	False	1	100.92328244447708
S1-261476747	S2-559669701		0.0	22.0	0.9224961996078491	0.0		False	True	False	1	100.92249619960785
S1-261476747	S2-809665812		0.0	23.0	0.919075071811676	0.0		False	True	False	1	100.91907507181168
S1-261476747	S2-934716922		0.0	24.0	0.9179719686508179	0.0		False	True	False	1	100.91797196865082
S1-261476747	S2-476476786		0.0	25.0	0.9151886701583862	0.0		False	True	False	1	100.91518867015839
S1-261476747	S2-744098365		0.0	26.0	0.9119517803192139	0.0		False	True	False	1	100.91195178031921
S1-261476747	S2-576201028		0.0	29.0	0.9071609973907471	0.0		False	True	False	1	100.90716099739075
S1-261476747	S2-530685908		0.0	30.0	0.907075047492981	0.0		False	True	False	1	100.90707504749298
S1-261476747	S3-526709055		0.0	13.0	0.9423565864562988	0.0		False	True	False	1	100.9423565864563
S1-261476747	S3-482581656		0.0	14.0	0.9401541352272034	0.0		False	True	False	1	100.9401541352272
S1-261476747	S3-652287374		0.0	17.0	0.9208949208259583	0.0		False	True	False	1	100.92089492082596
S1-261476747	S3-221443476		0.0	20.0	0.9135021567344666	0.0		False	True	False	1	100.91350215673447
S1-261476747	S3-797381132		0.0	21.0	0.9122514128684998	0.0		False	True	False	1	100.9122514128685
S1-261476747	S3-276427681		0.0	22.0	0.9115840196609497	0.0		False	True	False	1	100.91158401966095
S1-261476747	S3-74786614		0.0	23.0	0.907447874546051	0.0		False	True	False	1	100.90744787454605
S1-261476747	S3-416247723		0.0	24.0	0.9052747488021851	0.0		False	True	False	1	100.90527474880219
S1-261476747	S3-521783865		0.0	25.0	0.9046410322189331	0.0		False	True	False	1	100.90464103221893
S1-261476747	S3-98186645		0.0	26.0	0.9033329486846924	0.0		False	True	False	1	100.90333294868469
S1-261476747	S3-760959067		0.0	27.0	0.9032400846481323	0.0		False	True	False	1	100.90324008464813
S1-261476747	S3-662721327		0.0	28.0	0.9028014540672302	0.0		False	True	False	1	100.90280145406723
S1-261476747	S3-380741339		0.0	29.0	0.9013360738754272	0.0		False	True	False	1	100.90133607387543
S1-261476747	S3-668629842		0.0	30.0	0.9009642601013184	0.0		False	True	False	1	100.90096426010132
S1-874436225	S2-910351373	1.0	0.5899009108543396		0.0	0.0		True	False	False	1	100.58990091085434
S1-874436225	S2-578788567	2.0	0.5593425631523132	26.0	0.9157085418701172	0.0		True	True	False	2	201.47505110502243
S1-874436225	S2-600460285	3.0	0.5541033744812012	7.0	0.9305512309074402	0.0		True	True	False	2	201.48465460538864
S1-874436225	S2-905827553	4.0	0.551019549369812		0.0	0.0		True	False	False	1	100.55101954936981
S1-874436225	S2-786671109	5.0	0.5457866191864014		0.0	0.0		True	False	False	1	100.5457866191864
S1-874436225	S2-317480348	6.0	0.5398896932601929		0.0	0.0		True	False	False	1	100.53988969326019
S1-874436225	S2-634571997	7.0	0.5333817601203918	11.0	0.9287219047546387	0.0		True	True	False	2	201.46210366487503
S1-874436225	S2-223826524	8.0	0.5308615565299988	18.0	0.9208178520202637	0.0		True	True	False	2	201.45167940855026
S1-874436225	S2-785042722	9.0	0.5290111899375916	14.0	0.9237585663795471	0.0		True	True	False	2	201.45276975631714
S1-874436225	S2-787861634	10.0	0.5288060903549194	28.0	0.9156481027603149	0.0		True	True	False	2	201.44445419311523
S1-874436225	S2-742077842	11.0	0.5251189470291138		0.0	0.0		True	False	False	1	100.52511894702911
S1-874436225	S2-485885002	12.0	0.5232371091842651		0.0	0.0		True	False	False	1	100.52323710918427
S1-874436225	S2-654270940	13.0	0.5159835815429688		0.0	0.0		True	False	False	1	100.51598358154297
S1-874436225	S2-537184954	14.0	0.5157686471939087		0.0	0.0		True	False	False	1	100.51576864719391
S1-874436225	S2-956479781	15.0	0.5149096250534058	13.0	0.9255204796791077	0.0		True	True	False	2	201.4404301047325
S1-874436225	S2-913930320	16.0	0.49808216094970703		0.0	0.0		True	False	False	1	100.4980821609497
S1-874436225	S2-77137709	17.0	0.49072888493537903		0.0	0.0		True	False	False	1	100.49072888493538
S1-874436225	S2-229677112	18.0	0.4872986078262329		0.0	0.0		True	False	False	1	100.48729860782623
S1-874436225	S2-767997013	19.0	0.4847443103790283	6.0	0.9308912754058838	0.0		True	True	False	2	201.4156355857849
S1-874436225	S2-292567038	20.0	0.48365890979766846		0.0	0.0		True	False	False	1	100.48365890979767
S1-874436225	S2-576201028	21.0	0.48217612504959106		0.0	0.0		True	False	False	1	100.48217612504959
S1-874436225	S2-875724478	22.0	0.47748714685440063		0.0	0.0		True	False	False	1	100.4774871468544
S1-874436225	S2-891600450	23.0	0.4771002233028412		0.0	0.0		True	False	False	1	100.47710022330284
S1-874436225	S2-784442772	24.0	0.4757046103477478	10.0	0.929355263710022	0.0		True	True	False	2	201.40505987405777
S1-874436225	S2-530685908	25.0	0.472451388835907		0.0	0.0		True	False	False	1	100.4724513888359
S1-874436225	S2-779040268	26.0	0.4695463180541992		0.0	0.0		True	False	False	1	100.4695463180542
S1-874436225	S2-550697952	27.0	0.46715444326400757		0.0	0.0		True	False	False	1	100.46715444326401
S1-874436225	S2-304177076	28.0	0.4626277685165405		0.0	0.0		True	False	False	1	100.46262776851654
S1-874436225	S2-591078525	29.0	0.45736825466156006		0.0	0.0		True	False	False	1	100.45736825466156
S1-874436225	S2-357438552	30.0	0.4564559757709503		0.0	0.0		True	False	False	1	100.45645597577095
S1-874436225	S3-895598264	1.0	0.6523480415344238	6.0	0.9313159584999084	0.0		True	True	False	2	201.58366400003433
S1-874436225	S3-536202929	2.0	0.619072437286377	1.0	0.9415550231933594	0.0		True	True	False	2	201.56062746047974
S1-874436225	S3-288440193	3.0	0.6100642681121826	13.0	0.9271402955055237	0.0		True	True	False	2	201.5372045636177
S1-874436225	S3-219041197	4.0	0.5868946313858032		0.0	0.0		True	False	False	1	100.5868946313858
S1-874436225	S3-695502221	5.0	0.5603972673416138		0.0	0.0		True	False	False	1	100.56039726734161
S1-874436225	S3-374810425	6.0	0.5548325181007385	4.0	0.9341428279876709	0.0		True	True	False	2	201.4889753460884
S1-874436225	S3-10300249	7.0	0.5498313903808594		0.0	0.0		True	False	False	1	100.54983139038086
S1-874436225	S3-276427681	8.0	0.5483394861221313		0.0	0.0		True	False	False	1	100.54833948612213
S1-874436225	S3-652287374	9.0	0.5482981204986572	16.0	0.9246338605880737	0.0		True	True	False	2	201.47293198108673
S1-874436225	S3-264170444	10.0	0.5372728109359741		0.0	0.0		True	False	False	1	100.53727281093597
S1-874436225	S3-323904182	11.0	0.534756600856781		0.0	0.0		True	False	False	1	100.53475660085678
S1-874436225	S3-159233685	12.0	0.5345957279205322	14.0	0.9263325333595276	0.0		True	True	False	2	201.46092826128006
S1-874436225	S3-170975522	13.0	0.5292606353759766	7.0	0.9312206506729126	0.0		True	True	False	2	201.4604812860489
S1-874436225	S3-610536355	14.0	0.5243874788284302	2.0	0.9402637481689453	0.0		True	True	False	2	201.46465122699738
S1-874436225	S3-191842349	15.0	0.5180754065513611		0.0	0.0		True	False	False	1	100.51807540655136
S1-874436225	S3-961421742	16.0	0.5145565271377563		0.0	0.0		True	False	False	1	100.51455652713776
S1-874436225	S3-125349995	17.0	0.5086132884025574	28.0	0.9130341410636902	0.0		True	True	False	2	201.42164742946625
S1-874436225	S3-289697426	18.0	0.5075211524963379		0.0	0.0		True	False	False	1	100.50752115249634
S1-874436225	S3-560657213	19.0	0.5059125423431396		0.0	0.0		True	False	False	1	100.50591254234314
S1-874436225	S3-825495383	20.0	0.5032863616943359		0.0	0.0		True	False	False	1	100.50328636169434
S1-874436225	S3-580736465	21.0	0.5020856857299805		0.0	0.0		True	False	False	1	100.50208568572998
S1-874436225	S3-464265492	22.0	0.5010992288589478		0.0	0.0		True	False	False	1	100.50109922885895
S1-874436225	S3-115653125	23.0	0.49932700395584106		0.0	0.0		True	False	False	1	100.49932700395584
S1-874436225	S3-436480804	24.0	0.498730331659317		0.0	0.0		True	False	False	1	100.49873033165932
S1-874436225	S3-867263634	25.0	0.49658358097076416		0.0	0.0		True	False	False	1	100.49658358097076
S1-874436225	S3-819001322	26.0	0.49547260999679565		0.0	0.0		True	False	False	1	100.4954726099968
S1-874436225	S3-18976400	27.0	0.4942901134490967		0.0	0.0		True	False	False	1	100.4942901134491
S1-874436225	S3-688194826	28.0	0.4916989505290985		0.0	0.0		True	False	False	1	100.4916989505291
S1-874436225	S3-604980231	29.0	0.49121204018592834		0.0	0.0		True	False	False	1	100.49121204018593
S1-874436225	S3-162993152	30.0	0.49085813760757446	27.0	0.9140627384185791	0.0		True	True	False	2	201.40492087602615
S1-874436225	S2-495604525		0.0	1.0	0.9441614747047424	0.0		False	True	False	1	100.94416147470474
S1-874436225	S2-440948455		0.0	2.0	0.9423366189002991	0.0		False	True	False	1	100.9423366189003
S1-874436225	S2-463756409		0.0	3.0	0.9383763074874878	0.0		False	True	False	1	100.93837630748749
S1-874436225	S2-222871632		0.0	4.0	0.9369385838508606	0.0		False	True	False	1	100.93693858385086
S1-874436225	S2-268861424		0.0	5.0	0.9310469031333923	0.0		False	True	False	1	100.93104690313339
S1-874436225	S2-566025912		0.0	8.0	0.9301556944847107	0.0		False	True	False	1	100.93015569448471
S1-874436225	S2-84473557		0.0	9.0	0.9295275211334229	0.0		False	True	False	1	100.92952752113342
S1-874436225	S2-938316135		0.0	12.0	0.9256536960601807	0.0		False	True	False	1	100.92565369606018
S1-874436225	S2-378846408		0.0	15.0	0.9230035543441772	0.0		False	True	False	1	100.92300355434418
S1-874436225	S2-210791875		0.0	16.0	0.9219341278076172	0.0		False	True	False	1	100.92193412780762
S1-874436225	S2-559669701		0.0	17.0	0.9212815165519714	0.0		False	True	False	1	100.92128151655197
S1-874436225	S2-193013091		0.0	19.0	0.9203133583068848	0.0		False	True	False	1	100.92031335830688
S1-874436225	S2-449438476		0.0	20.0	0.9200602769851685	0.0		False	True	False	1	100.92006027698517
S1-874436225	S2-37424835		0.0	21.0	0.9200260639190674	0.0		False	True	False	1	100.92002606391907
S1-874436225	S2-729157829		0.0	22.0	0.9185682535171509	0.0		False	True	False	1	100.91856825351715
S1-874436225	S2-917258438		0.0	23.0	0.918520450592041	0.0		False	True	False	1	100.91852045059204
S1-874436225	S2-481572644		0.0	24.0	0.9183228015899658	0.0		False	True	False	1	100.91832280158997
S1-874436225	S2-412565852		0.0	25.0	0.9169603586196899	0.0		False	True	False	1	100.91696035861969
S1-874436225	S2-434748052		0.0	27.0	0.9156819581985474	0.0		False	True	False	1	100.91568195819855
S1-874436225	S2-809665812		0.0	29.0	0.9154829978942871	0.0		False	True	False	1	100.91548299789429
S1-874436225	S2-501534718		0.0	30.0	0.9145861268043518	0.0		False	True	False	1	100.91458612680435
S1-874436225	S3-173398261		0.0	3.0	0.9385342597961426	0.0		False	True	False	1	100.93853425979614
S1-874436225	S3-483958914		0.0	5.0	0.9326053261756897	0.0		False	True	False	1	100.93260532617569
S1-874436225	S3-960416326		0.0	8.0	0.9300328493118286	0.0		False	True	False	1	100.93003284931183
S1-874436225	S3-369430171		0.0	9.0	0.9280746579170227	0.0		False	True	False	1	100.92807465791702
S1-874436225	S3-760959067		0.0	10.0	0.9275535345077515	0.0		False	True	False	1	100.92755353450775
S1-874436225	S3-367901084		0.0	11.0	0.9273266792297363	0.0		False	True	False	1	100.92732667922974
S1-874436225	S3-150632472		0.0	12.0	0.92723149061203	0.0		False	True	False	1	100.92723149061203
S1-874436225	S3-86143878		0.0	15.0	0.9256588220596313	0.0		False	True	False	1	100.92565882205963
S1-874436225	S3-289567021		0.0	17.0	0.9232674837112427	0.0		False	True	False	1	100.92326748371124
S1-874436225	S3-416247723		0.0	18.0	0.9225786328315735	0.0		False	True	False	1	100.92257863283157
S1-874436225	S3-577972146		0.0	19.0	0.922395646572113	0.0		False	True	False	1	100.92239564657211
S1-874436225	S3-227725397		0.0	20.0	0.9216430187225342	0.0		False	True	False	1	100.92164301872253
S1-874436225	S3-221443476		0.0	21.0	0.9191564321517944	0.0		False	True	False	1	100.9191564321518
S1-874436225	S3-768772995		0.0	22.0	0.9175214171409607	0.0		False	True	False	1	100.91752141714096
S1-874436225	S3-877919199		0.0	23.0	0.9171013832092285	0.0		False	True	False	1	100.91710138320923
S1-874436225	S3-995796854		0.0	24.0	0.9166408181190491	0.0		False	True	False	1	100.91664081811905
S1-874436225	S3-668629842		0.0	25.0	0.9162708520889282	0.0		False	True	False	1	100.91627085208893
S1-874436225	S3-468731115		0.0	26.0	0.9155948758125305	0.0		False	True	False	1	100.91559487581253
S1-874436225	S3-389830698		0.0	29.0	0.9123992323875427	0.0		False	True	False	1	100.91239923238754
S1-874436225	S3-185659081		0.0	30.0	0.9104220867156982	0.0		False	True	False	1	100.9104220867157
S1-816918307	S2-485885002	1.0	0.642713189125061		0.0	0.0		True	False	False	1	100.64271318912506
S1-816918307	S2-913930320	2.0	0.6365706920623779		0.0	0.0		True	False	False	1	100.63657069206238
S1-816918307	S2-304177076	3.0	0.6309898495674133		0.0	0.0		True	False	False	1	100.63098984956741
S1-816918307	S2-591078525	4.0	0.6224590539932251		0.0	0.0		True	False	False	1	100.62245905399323
S1-816918307	S2-530685908	5.0	0.6132230758666992	27.0	0.9421985745429993	0.0		True	True	False	2	201.5554216504097
S1-816918307	S2-875724478	6.0	0.6008325815200806		0.0	0.0		True	False	False	1	100.60083258152008
S1-816918307	S2-537184954	7.0	0.5998662114143372		0.0	0.0		True	False	False	1	100.59986621141434
S1-816918307	S2-785042722	8.0	0.5980672836303711	16.0	0.949604332447052	0.0		True	True	False	2	201.54767161607742
S1-816918307	S2-292567038	9.0	0.5890148878097534		0.0	0.0		True	False	False	1	100.58901488780975
S1-816918307	S2-495461061	10.0	0.5853936076164246		0.0	0.0		True	False	False	1	100.58539360761642
S1-816918307	S2-578788567	11.0	0.5833638906478882	8.0	0.9523398876190186	0.0		True	True	False	2	201.5357037782669
S1-816918307	S2-192345572	12.0	0.5822017788887024		0.0	0.0		True	False	False	1	100.5822017788887
S1-816918307	S2-501534718	13.0	0.5801000595092773		0.0	0.0		True	False	False	1	100.58010005950928
S1-816918307	S2-786671109	14.0	0.5770371556282043		0.0	0.0		True	False	False	1	100.5770371556282
S1-816918307	S2-905827553	15.0	0.5741143226623535		0.0	0.0		True	False	False	1	100.57411432266235
S1-816918307	S2-600460285	16.0	0.5710145831108093	7.0	0.9528632760047913	0.0		True	True	False	2	201.5238778591156
S1-816918307	S2-999853272	17.0	0.5625832080841064		0.0	0.0		True	False	False	1	100.5625832080841
S1-816918307	S2-434748052	18.0	0.557641327381134		0.0	0.0		True	False	False	1	100.55764132738113
S1-816918307	S2-956479781	19.0	0.5414847135543823		0.0	0.0		True	False	False	1	100.54148471355438
S1-816918307	S2-784442772	20.0	0.5401288270950317	1.0	0.9701038599014282	0.0		True	True	False	2	201.51023268699646
S1-816918307	S2-357438552	21.0	0.5379945039749146		0.0	0.0		True	False	False	1	100.53799450397491
S1-816918307	S2-223826524	22.0	0.5265587568283081	9.0	0.952124297618866	0.0		True	True	False	2	201.47868305444717
S1-816918307	S2-779040268	23.0	0.5233339071273804		0.0	0.0		True	False	False	1	100.52333390712738
S1-816918307	S2-77137709	24.0	0.521116316318512		0.0	0.0		True	False	False	1	100.52111631631851
S1-816918307	S2-166809876	25.0	0.5207176804542542		0.0	0.0		True	False	False	1	100.52071768045425
S1-816918307	S2-550697952	26.0	0.5186014175415039		0.0	0.0		True	False	False	1	100.5186014175415
S1-816918307	S2-910351373	27.0	0.5168064832687378		0.0	0.0		True	False	False	1	100.51680648326874
S1-816918307	S2-634571997	28.0	0.515773594379425	6.0	0.9571511745452881	0.0		True	True	False	2	201.4729247689247
S1-816918307	S2-229677112	29.0	0.5148888826370239		0.0	0.0		True	False	False	1	100.51488888263702
S1-816918307	S2-767997013	30.0	0.5125654935836792	28.0	0.9419145584106445	0.0		True	True	False	2	201.45448005199432
S1-816918307	S3-662721327	1.0	0.6712173819541931	9.0	0.9550156593322754	0.0		True	True	False	2	201.62623304128647
S1-816918307	S3-374810425	2.0	0.6565428376197815	8.0	0.9555337429046631	0.0		True	True	False	2	201.61207658052444
S1-816918307	S3-811459169	3.0	0.642928957939148		0.0	0.0		True	False	False	1	100.64292895793915
S1-816918307	S3-219041197	4.0	0.6368988752365112		0.0	0.0		True	False	False	1	100.63689887523651
S1-816918307	S3-462677478	5.0	0.6356509923934937		0.0	0.0		True	False	False	1	100.6356509923935
S1-816918307	S3-867263634	6.0	0.6290098428726196		0.0	0.0		True	False	False	1	100.62900984287262
S1-816918307	S3-18976400	7.0	0.6209219098091125		0.0	0.0		True	False	False	1	100.62092190980911
S1-816918307	S3-173398261	8.0	0.6049846410751343	1.0	0.9661994576454163	0.0		True	True	False	2	201.57118409872055
S1-816918307	S3-86143878	9.0	0.5946897268295288		0.0	0.0		True	False	False	1	100.59468972682953
S1-816918307	S3-526709055	10.0	0.5925724506378174	24.0	0.9420120120048523	0.0		True	True	False	2	201.53458446264267
S1-816918307	S3-170975522	11.0	0.5855261087417603	4.0	0.9604421854019165	0.0		True	True	False	2	201.54596829414368
S1-816918307	S3-580736465	12.0	0.5855247974395752		0.0	0.0		True	False	False	1	100.58552479743958
S1-816918307	S3-960416326	13.0	0.5788916349411011	2.0	0.9641242027282715	0.0		True	True	False	2	201.54301583766937
S1-816918307	S3-184785497	14.0	0.578282356262207		0.0	0.0		True	False	False	1	100.5782823562622
S1-816918307	S3-895598264	15.0	0.5770463943481445		0.0	0.0		True	False	False	1	100.57704639434814
S1-816918307	S3-323904182	16.0	0.5738717317581177	11.0	0.9508771896362305	0.0		True	True	False	2	201.52474892139435
S1-816918307	S3-125349995	17.0	0.5722395181655884	14.0	0.9495512247085571	0.0		True	True	False	2	201.52179074287415
S1-816918307	S3-436480804	18.0	0.5717898011207581		0.0	0.0		True	False	False	1	100.57178980112076
S1-816918307	S3-276427681	19.0	0.569907546043396		0.0	0.0		True	False	False	1	100.5699075460434
S1-816918307	S3-264170444	20.0	0.5672730207443237		0.0	0.0		True	False	False	1	100.56727302074432
S1-816918307	S3-536202929	21.0	0.5667886734008789	7.0	0.957995593547821	0.0		True	True	False	2	201.5247842669487
S1-816918307	S3-10300249	22.0	0.5665522813796997		0.0	0.0		True	False	False	1	100.5665522813797
S1-816918307	S3-877919199	23.0	0.5635124444961548		0.0	0.0		True	False	False	1	100.56351244449615
S1-816918307	S3-227725397	24.0	0.5604143142700195	26.0	0.9404953122138977	0.0		True	True	False	2	201.50090962648392
S1-816918307	S3-560657213	25.0	0.5600816011428833	22.0	0.9441986083984375	0.0		True	True	False	2	201.50428020954132
S1-816918307	S3-127741306	26.0	0.5584266185760498		0.0	0.0		True	False	False	1	100.55842661857605
S1-816918307	S3-250853646	27.0	0.5528467893600464		0.0	0.0		True	False	False	1	100.55284678936005
S1-816918307	S3-250324284	28.0	0.5505996942520142		0.0	0.0		True	False	False	1	100.55059969425201
S1-816918307	S3-717745791	29.0	0.5499812364578247		0.0	0.0		True	False	False	1	100.54998123645782
S1-816918307	S3-289697426	30.0	0.5496625900268555		0.0	0.0		True	False	False	1	100.54966259002686
S1-816918307	S2-210791875		0.0	2.0	0.9603304862976074	0.0		False	True	False	1	100.96033048629761
S1-816918307	S2-495604525		0.0	3.0	0.959296464920044	0.0		False	True	False	1	100.95929646492004
S1-816918307	S2-647447093		0.0	4.0	0.9581738114356995	0.0		False	True	False	1	100.9581738114357
S1-816918307	S2-566025912		0.0	5.0	0.9578782320022583	0.0		False	True	False	1	100.95787823200226
S1-816918307	S2-592412285		0.0	10.0	0.9520593881607056	0.0		False	True	False	1	100.9520593881607
S1-816918307	S2-440948455		0.0	11.0	0.9512944221496582	0.0		False	True	False	1	100.95129442214966
S1-816918307	S2-576201028		0.0	12.0	0.9505175352096558	0.0		False	True	False	1	100.95051753520966
S1-816918307	S2-726058757		0.0	13.0	0.9502832889556885	0.0		False	True	False	1	100.95028328895569
S1-816918307	S2-258890831		0.0	14.0	0.9499907493591309	0.0		False	True	False	1	100.94999074935913
S1-816918307	S2-744098365		0.0	15.0	0.9499019384384155	0.0		False	True	False	1	100.94990193843842
S1-816918307	S2-938316135		0.0	17.0	0.9491993188858032	0.0		False	True	False	1	100.9491993188858
S1-816918307	S2-84473557		0.0	18.0	0.949134111404419	0.0		False	True	False	1	100.94913411140442
S1-816918307	S2-638268338		0.0	19.0	0.9484127759933472	0.0		False	True	False	1	100.94841277599335
S1-816918307	S2-449438476		0.0	20.0	0.9455346465110779	0.0		False	True	False	1	100.94553464651108
S1-816918307	S2-17102176		0.0	21.0	0.9447086453437805	0.0		False	True	False	1	100.94470864534378
S1-816918307	S2-378846408		0.0	22.0	0.9446389675140381	0.0		False	True	False	1	100.94463896751404
S1-816918307	S2-37424835		0.0	23.0	0.9445910453796387	0.0		False	True	False	1	100.94459104537964
S1-816918307	S2-412565852		0.0	24.0	0.9438871145248413	0.0		False	True	False	1	100.94388711452484
S1-816918307	S2-715460557		0.0	25.0	0.9433621168136597	0.0		False	True	False	1	100.94336211681366
S1-816918307	S2-463756409		0.0	26.0	0.9429930448532104	0.0		False	True	False	1	100.94299304485321
S1-816918307	S2-742018880		0.0	29.0	0.9417246580123901	0.0		False	True	False	1	100.94172465801239
S1-816918307	S2-481572644		0.0	30.0	0.9411860704421997	0.0		False	True	False	1	100.9411860704422
S1-816918307	S3-288440193		0.0	3.0	0.9638826251029968	0.0		False	True	False	1	100.963882625103
S1-816918307	S3-610536355		0.0	5.0	0.9588953256607056	0.0		False	True	False	1	100.9588953256607
S1-816918307	S3-367901084		0.0	6.0	0.9583404064178467	0.0		False	True	False	1	100.95834040641785
S1-816918307	S3-577972146		0.0	10.0	0.952056884765625	0.0		False	True	False	1	100.95205688476562
S1-816918307	S3-760959067		0.0	12.0	0.9499423503875732	0.0		False	True	False	1	100.94994235038757
S1-816918307	S3-604980231		0.0	13.0	0.949577271938324	0.0		False	True	False	1	100.94957727193832
S1-816918307	S3-150632472		0.0	15.0	0.9488445520401001	0.0		False	True	False	1	100.9488445520401
S1-816918307	S3-695502221		0.0	16.0	0.9481556415557861	0.0		False	True	False	1	100.94815564155579
S1-816918307	S3-389830698		0.0	17.0	0.9469294548034668	0.0		False	True	False	1	100.94692945480347
S1-816918307	S3-819001322		0.0	18.0	0.9467580318450928	0.0		False	True	False	1	100.94675803184509
S1-816918307	S3-468731115		0.0	19.0	0.9466714859008789	0.0		False	True	False	1	100.94667148590088
S1-816918307	S3-556228627		0.0	20.0	0.9466421604156494	0.0		False	True	False	1	100.94664216041565
S1-816918307	S3-221443476		0.0	21.0	0.945641279220581	0.0		False	True	False	1	100.94564127922058
S1-816918307	S3-218566871		0.0	23.0	0.9430875182151794	0.0		False	True	False	1	100.94308751821518
S1-816918307	S3-92755938		0.0	25.0	0.941245973110199	0.0		False	True	False	1	100.9412459731102
S1-816918307	S3-482581656		0.0	27.0	0.9404283165931702	0.0		False	True	False	1	100.94042831659317
S1-816918307	S3-995796854		0.0	28.0	0.9397473335266113	0.0		False	True	False	1	100.93974733352661
S1-816918307	S3-159233685		0.0	29.0	0.9390854239463806	0.0		False	True	False	1	100.93908542394638
S1-816918307	S3-185659081		0.0	30.0	0.9388178586959839	0.0		False	True	False	1	100.93881785869598
S1-52153457	S2-600460285	1.0	0.7095905542373657	3.0	0.9703835248947144	0.0		True	True	False	2	201.67997407913208
S1-52153457	S2-591078525	2.0	0.649172306060791		0.0	0.0		True	False	False	1	100.64917230606079
S1-52153457	S2-434748052	3.0	0.6277657151222229	29.0	0.9449073672294617	0.0		True	True	False	2	201.57267308235168
S1-52153457	S2-292567038	4.0	0.6273030638694763		0.0	0.0		True	False	False	1	100.62730306386948
S1-52153457	S2-530685908	5.0	0.5916397571563721	7.0	0.9665423631668091	0.0		True	True	False	2	201.55818212032318
S1-52153457	S2-910351373	6.0	0.5857999324798584	9.0	0.963900089263916	0.0		True	True	False	2	201.54970002174377
S1-52153457	S2-786671109	7.0	0.5794966220855713		0.0	0.0		True	False	False	1	100.57949662208557
S1-52153457	S2-77137709	8.0	0.5777256488800049	16.0	0.9573626518249512	0.0		True	True	False	2	201.53508830070496
S1-52153457	S2-495461061	9.0	0.566521942615509		0.0	0.0		True	False	False	1	100.56652194261551
S1-52153457	S2-634571997	10.0	0.5623600482940674	6.0	0.9692513346672058	0.0		True	True	False	2	201.53161138296127
S1-52153457	S2-905827553	11.0	0.5611989498138428		0.0	0.0		True	False	False	1	100.56119894981384
S1-52153457	S2-787861634	12.0	0.5585710406303406	13.0	0.9592072367668152	0.0		True	True	False	2	201.51777827739716
S1-52153457	S2-304177076	13.0	0.557453989982605		0.0	0.0		True	False	False	1	100.5574539899826
S1-52153457	S2-875724478	14.0	0.5541002154350281	24.0	0.949251115322113	0.0		True	True	False	2	201.50335133075714
S1-52153457	S2-956479781	15.0	0.5514255166053772		0.0	0.0		True	False	False	1	100.55142551660538
S1-52153457	S2-537184954	16.0	0.5500887632369995		0.0	0.0		True	False	False	1	100.550088763237
S1-52153457	S2-913930320	17.0	0.5439534187316895		0.0	0.0		True	False	False	1	100.54395341873169
S1-52153457	S2-166809876	18.0	0.5425893664360046		0.0	0.0		True	False	False	1	100.542589366436
S1-52153457	S2-192345572	19.0	0.5418816208839417		0.0	0.0		True	False	False	1	100.54188162088394
S1-52153457	S2-576201028	20.0	0.5416531562805176	11.0	0.961405873298645	0.0		True	True	False	2	201.50305902957916
S1-52153457	S2-485885002	21.0	0.541397750377655		0.0	0.0		True	False	False	1	100.54139775037766
S1-52153457	S2-317480348	22.0	0.5362439751625061		0.0	0.0		True	False	False	1	100.5362439751625
S1-52153457	S2-550697952	23.0	0.535080075263977		0.0	0.0		True	False	False	1	100.53508007526398
S1-52153457	S2-779040268	24.0	0.5341552495956421	8.0	0.9652083516120911	0.0		True	True	False	2	201.49936360120773
S1-52153457	S2-501534718	25.0	0.5314075946807861	4.0	0.9699835777282715	0.0		True	True	False	2	201.50139117240906
S1-52153457	S2-785042722	26.0	0.5311171412467957	5.0	0.9697201251983643	0.0		True	True	False	2	201.50083726644516
S1-52153457	S2-229677112	27.0	0.5197956562042236		0.0	0.0		True	False	False	1	100.51979565620422
S1-52153457	S2-223826524	28.0	0.5077675580978394	14.0	0.9585128426551819	0.0		True	True	False	2	201.46628040075302
S1-52153457	S2-4583532	29.0	0.5051901936531067	21.0	0.9501887559890747	0.0		True	True	False	2	201.45537894964218
S1-52153457	S2-767997013	30.0	0.5043050050735474	1.0	0.9736645221710205	0.0		True	True	False	2	201.47796952724457
S1-52153457	S3-219041197	1.0	0.6879001259803772		0.0	0.0		True	False	False	1	100.68790012598038
S1-52153457	S3-374810425	2.0	0.6824342608451843		0.0	0.0		True	False	False	1	100.68243426084518
S1-52153457	S3-895598264	3.0	0.6613982915878296	21.0	0.955187201499939	0.0		True	True	False	2	201.61658549308777
S1-52153457	S3-536202929	4.0	0.6501173973083496	11.0	0.9655420780181885	0.0		True	True	False	2	201.61565947532654
S1-52153457	S3-560657213	5.0	0.6413429975509644		0.0	0.0		True	False	False	1	100.64134299755096
S1-52153457	S3-288440193	6.0	0.6199549436569214	5.0	0.9730492830276489	0.0		True	True	False	2	201.59300422668457
S1-52153457	S3-960416326	7.0	0.6074419021606445	1.0	0.984552800655365	0.0		True	True	False	2	201.591994702816
S1-52153457	S3-250853646	8.0	0.5980415940284729		0.0	0.0		True	False	False	1	100.59804159402847
S1-52153457	S3-877919199	9.0	0.5944157242774963		0.0	0.0		True	False	False	1	100.5944157242775
S1-52153457	S3-604980231	10.0	0.5799035429954529		0.0	0.0		True	False	False	1	100.57990354299545
S1-52153457	S3-464265492	11.0	0.5769765377044678		0.0	0.0		True	False	False	1	100.57697653770447
S1-52153457	S3-462677478	12.0	0.5707376003265381		0.0	0.0		True	False	False	1	100.57073760032654
S1-52153457	S3-289697426	13.0	0.5659218430519104		0.0	0.0		True	False	False	1	100.56592184305191
S1-52153457	S3-227725397	14.0	0.5587595701217651		0.0	0.0		True	False	False	1	100.55875957012177
S1-52153457	S3-688194826	15.0	0.558631181716919	14.0	0.9628907442092896	0.0		True	True	False	2	201.5215219259262
S1-52153457	S3-125349995	16.0	0.5574014186859131	8.0	0.9669997692108154	0.0		True	True	False	2	201.52440118789673
S1-52153457	S3-717745791	17.0	0.557197630405426		0.0	0.0		True	False	False	1	100.55719763040543
S1-52153457	S3-611681699	18.0	0.5543755292892456		0.0	0.0		True	False	False	1	100.55437552928925
S1-52153457	S3-580736465	19.0	0.5539418458938599		0.0	0.0		True	False	False	1	100.55394184589386
S1-52153457	S3-170975522	20.0	0.5504279136657715	2.0	0.9793461561203003	0.0		True	True	False	2	201.52977406978607
S1-52153457	S3-577972146	21.0	0.5458899736404419	13.0	0.9636973142623901	0.0		True	True	False	2	201.50958728790283
S1-52153457	S3-264170444	22.0	0.5448560118675232		0.0	0.0		True	False	False	1	100.54485601186752
S1-52153457	S3-961421742	23.0	0.5436877012252808	12.0	0.9643805027008057	0.0		True	True	False	2	201.5080682039261
S1-52153457	S3-361863410	24.0	0.5398654937744141		0.0	0.0		True	False	False	1	100.53986549377441
S1-52153457	S3-811459169	25.0	0.5380756855010986		0.0	0.0		True	False	False	1	100.5380756855011
S1-52153457	S3-695502221	26.0	0.5354001522064209	10.0	0.9659895896911621	0.0		True	True	False	2	201.50138974189758
S1-52153457	S3-191842349	27.0	0.5328377485275269		0.0	0.0		True	False	False	1	100.53283774852753
S1-52153457	S3-276427681	28.0	0.5319523215293884	19.0	0.9554263353347778	0.0		True	True	False	2	201.48737865686417
S1-52153457	S3-127741306	29.0	0.5317891240119934	20.0	0.9552989602088928	0.0		True	True	False	2	201.4870880842209
S1-52153457	S3-115653125	30.0	0.5314738750457764		0.0	0.0		True	False	False	1	100.53147387504578
S1-52153457	S2-784442772		0.0	2.0	0.9720497727394104	0.0		False	True	False	1	100.97204977273941
S1-52153457	S2-210791875		0.0	10.0	0.9631907939910889	0.0		False	True	False	1	100.96319079399109
S1-52153457	S2-578788567		0.0	12.0	0.9599413871765137	0.0		False	True	False	1	100.95994138717651
S1-52153457	S2-412565852		0.0	15.0	0.9577834606170654	0.0		False	True	False	1	100.95778346061707
S1-52153457	S2-357438552		0.0	17.0	0.9545570611953735	0.0		False	True	False	1	100.95455706119537
S1-52153457	S2-193013091		0.0	18.0	0.9532859325408936	0.0		False	True	False	1	100.9532859325409
S1-52153457	S2-258890831		0.0	19.0	0.9522639513015747	0.0		False	True	False	1	100.95226395130157
S1-52153457	S2-378846408		0.0	20.0	0.9511973857879639	0.0		False	True	False	1	100.95119738578796
S1-52153457	S2-742018880		0.0	22.0	0.9501725435256958	0.0		False	True	False	1	100.9501725435257
S1-52153457	S2-933865098		0.0	23.0	0.9498875737190247	0.0		False	True	False	1	100.94988757371902
S1-52153457	S2-592412285		0.0	25.0	0.9480620622634888	0.0		False	True	False	1	100.94806206226349
S1-52153457	S2-578484139		0.0	26.0	0.9479972124099731	0.0		False	True	False	1	100.94799721240997
S1-52153457	S2-84473557		0.0	27.0	0.9471338391304016	0.0		False	True	False	1	100.9471338391304
S1-52153457	S2-744098365		0.0	28.0	0.9451311230659485	0.0		False	True	False	1	100.94513112306595
S1-52153457	S2-638268338		0.0	30.0	0.9437766671180725	0.0		False	True	False	1	100.94377666711807
S1-52153457	S3-173398261		0.0	3.0	0.9739319086074829	0.0		False	True	False	1	100.97393190860748
S1-52153457	S3-662721327		0.0	4.0	0.9735267162322998	0.0		False	True	False	1	100.9735267162323
S1-52153457	S3-819001322		0.0	6.0	0.9722521901130676	0.0		False	True	False	1	100.97225219011307
S1-52153457	S3-218566871		0.0	7.0	0.9690637588500977	0.0		False	True	False	1	100.9690637588501
S1-52153457	S3-159233685		0.0	9.0	0.9667201042175293	0.0		False	True	False	1	100.96672010421753
S1-52153457	S3-98186645		0.0	15.0	0.9610817432403564	0.0		False	True	False	1	100.96108174324036
S1-52153457	S3-158901285		0.0	16.0	0.9579136967658997	0.0		False	True	False	1	100.9579136967659
S1-52153457	S3-610536355		0.0	17.0	0.9570794105529785	0.0		False	True	False	1	100.95707941055298
S1-52153457	S3-825495383		0.0	18.0	0.9559861421585083	0.0		False	True	False	1	100.95598614215851
S1-52153457	S3-526709055		0.0	22.0	0.9545255303382874	0.0		False	True	False	1	100.95452553033829
S1-52153457	S3-367901084		0.0	23.0	0.9532721042633057	0.0		False	True	False	1	100.9532721042633
S1-52153457	S3-323904182		0.0	24.0	0.9532048106193542	0.0		False	True	False	1	100.95320481061935
S1-52153457	S3-162993152		0.0	25.0	0.9500495195388794	0.0		False	True	False	1	100.95004951953888
S1-52153457	S3-468731115		0.0	26.0	0.949563205242157	0.0		False	True	False	1	100.94956320524216
S1-52153457	S3-797381132		0.0	27.0	0.9495091438293457	0.0		False	True	False	1	100.94950914382935
S1-52153457	S3-652287374		0.0	28.0	0.9494534134864807	0.0		False	True	False	1	100.94945341348648
S1-52153457	S3-483958914		0.0	29.0	0.9487677812576294	0.0		False	True	False	1	100.94876778125763
S1-52153457	S3-219844340		0.0	30.0	0.9483481645584106	0.0		False	True	False	1	100.94834816455841
S1-867332501	S2-537184954	1.0	0.6343929767608643		0.0	0.0		True	False	False	1	100.63439297676086
S1-867332501	S2-485885002	2.0	0.6256505846977234		0.0	0.0		True	False	False	1	100.62565058469772
S1-867332501	S2-875724478	3.0	0.6115504503250122	16.0	0.9471390843391418	0.0		True	True	False	2	201.55868953466415
S1-867332501	S2-905827553	4.0	0.5995892286300659		0.0	0.0		True	False	False	1	100.59958922863007
S1-867332501	S2-786671109	5.0	0.595868706703186	10.0	0.952541172504425	0.0		True	True	False	2	201.5484098792076
S1-867332501	S2-550697952	6.0	0.5894367694854736	2.0	0.9667335748672485	0.0		True	True	False	2	201.55617034435272
S1-867332501	S2-767997013	7.0	0.581373929977417	4.0	0.9632422924041748	0.0		True	True	False	2	201.5446162223816
S1-867332501	S2-913930320	8.0	0.5793502330780029		0.0	0.0		True	False	False	1	100.579350233078
S1-867332501	S2-223826524	9.0	0.5781512260437012	9.0	0.9542257785797119	0.0		True	True	False	2	201.5323770046234
S1-867332501	S2-785042722	10.0	0.5777217149734497	5.0	0.961026668548584	0.0		True	True	False	2	201.53874838352203
S1-867332501	S2-292567038	11.0	0.5738461017608643		0.0	0.0		True	False	False	1	100.57384610176086
S1-867332501	S2-304177076	12.0	0.5511353015899658		0.0	0.0		True	False	False	1	100.55113530158997
S1-867332501	S2-229677112	13.0	0.5447611808776855		0.0	0.0		True	False	False	1	100.54476118087769
S1-867332501	S2-742077842	14.0	0.544205904006958		0.0	0.0		True	False	False	1	100.54420590400696
S1-867332501	S2-578788567	15.0	0.544194221496582	13.0	0.9501007795333862	0.0		True	True	False	2	201.49429500102997
S1-867332501	S2-999853272	16.0	0.5429340600967407		0.0	0.0		True	False	False	1	100.54293406009674
S1-867332501	S2-956479781	17.0	0.538443922996521		0.0	0.0		True	False	False	1	100.53844392299652
S1-867332501	S2-910351373	18.0	0.5377612709999084	8.0	0.9545627236366272	0.0		True	True	False	2	201.49232399463654
S1-867332501	S2-434748052	19.0	0.5359959006309509	17.0	0.9443528652191162	0.0		True	True	False	2	201.48034876585007
S1-867332501	S2-317480348	20.0	0.5340449213981628		0.0	0.0		True	False	False	1	100.53404492139816
S1-867332501	S2-576201028	21.0	0.5329858660697937	24.0	0.9411690831184387	0.0		True	True	False	2	201.47415494918823
S1-867332501	S2-784442772	22.0	0.5325531363487244	12.0	0.9509262442588806	0.0		True	True	False	2	201.4834793806076
S1-867332501	S2-166809876	23.0	0.5314256548881531		0.0	0.0		True	False	False	1	100.53142565488815
S1-867332501	S2-501534718	24.0	0.5167719721794128	19.0	0.9435738325119019	0.0		True	True	False	2	201.46034580469131
S1-867332501	S2-787861634	25.0	0.5163111686706543		0.0	0.0		True	False	False	1	100.51631116867065
S1-867332501	S2-600460285	26.0	0.5153216123580933	21.0	0.9422651529312134	0.0		True	True	False	2	201.4575867652893
S1-867332501	S2-634571997	27.0	0.5150811672210693		0.0	0.0		True	False	False	1	100.51508116722107
S1-867332501	S2-530685908	28.0	0.514397144317627	1.0	0.973638117313385	0.0		True	True	False	2	201.488035261631
S1-867332501	S2-591078525	29.0	0.5103017687797546		0.0	0.0		True	False	False	1	100.51030176877975
S1-867332501	S2-654270940	30.0	0.507871150970459		0.0	0.0		True	False	False	1	100.50787115097046
S1-867332501	S3-170975522	1.0	0.6252367496490479	25.0	0.9423385858535767	0.0		True	True	False	2	201.56757533550262
S1-867332501	S3-960416326	2.0	0.6164953708648682	16.0	0.9553197622299194	0.0		True	True	False	2	201.5718151330948
S1-867332501	S3-288440193	3.0	0.602182149887085	9.0	0.9638351202011108	0.0		True	True	False	2	201.5660172700882
S1-867332501	S3-18976400	4.0	0.5922091603279114	18.0	0.953459620475769	0.0		True	True	False	2	201.54566878080368
S1-867332501	S3-250324284	5.0	0.5823659896850586		0.0	0.0		True	False	False	1	100.58236598968506
S1-867332501	S3-219041197	6.0	0.5814975500106812		0.0	0.0		True	False	False	1	100.58149755001068
S1-867332501	S3-688194826	7.0	0.5737916231155396	19.0	0.9519301056861877	0.0		True	True	False	2	201.52572172880173
S1-867332501	S3-536202929	8.0	0.5702080726623535	4.0	0.9707057476043701	0.0		True	True	False	2	201.54091382026672
S1-867332501	S3-127741306	9.0	0.5671687126159668		0.0	0.0		True	False	False	1	100.56716871261597
S1-867332501	S3-853414998	10.0	0.5669138431549072		0.0	0.0		True	False	False	1	100.56691384315491
S1-867332501	S3-10300249	11.0	0.5661911964416504		0.0	0.0		True	False	False	1	100.56619119644165
S1-867332501	S3-662721327	12.0	0.5607905387878418	8.0	0.9662237167358398	0.0		True	True	False	2	201.52701425552368
S1-867332501	S3-159233685	13.0	0.5597620010375977		0.0	0.0		True	False	False	1	100.5597620010376
S1-867332501	S3-604980231	14.0	0.5582745671272278		0.0	0.0		True	False	False	1	100.55827456712723
S1-867332501	S3-895598264	15.0	0.5579266548156738	15.0	0.9569581747055054	0.0		True	True	False	2	201.51488482952118
S1-867332501	S3-877919199	16.0	0.5570909976959229		0.0	0.0		True	False	False	1	100.55709099769592
S1-867332501	S3-825495383	17.0	0.5540213584899902	28.0	0.9419312477111816	0.0		True	True	False	2	201.49595260620117
S1-867332501	S3-560657213	18.0	0.5535616278648376		0.0	0.0		True	False	False	1	100.55356162786484
S1-867332501	S3-580736465	19.0	0.5457500219345093		0.0	0.0		True	False	False	1	100.54575002193451
S1-867332501	S3-173398261	20.0	0.5452545881271362	24.0	0.9424006938934326	0.0		True	True	False	2	201.48765528202057
S1-867332501	S3-289697426	21.0	0.5444095134735107		0.0	0.0		True	False	False	1	100.54440951347351
S1-867332501	S3-158901285	22.0	0.5432534217834473	30.0	0.9407104253768921	0.0		True	True	False	2	201.48396384716034
S1-867332501	S3-436480804	23.0	0.5390362739562988		0.0	0.0		True	False	False	1	100.5390362739563
S1-867332501	S3-264170444	24.0	0.5372714996337891		0.0	0.0		True	False	False	1	100.53727149963379
S1-867332501	S3-98186645	25.0	0.5369938611984253	5.0	0.9694156050682068	0.0		True	True	False	2	201.50640946626663
S1-867332501	S3-526709055	26.0	0.5343650579452515	3.0	0.9723915457725525	0.0		True	True	False	2	201.5067566037178
S1-867332501	S3-323904182	27.0	0.5305190086364746		0.0	0.0		True	False	False	1	100.53051900863647
S1-867332501	S3-462677478	28.0	0.5299258828163147		0.0	0.0		True	False	False	1	100.52992588281631
S1-867332501	S3-695502221	29.0	0.5287013649940491	14.0	0.9585015177726746	0.0		True	True	False	2	201.48720288276672
S1-867332501	S3-374810425	30.0	0.5272202491760254		0.0	0.0		True	False	False	1	100.52722024917603
S1-867332501	S2-592412285		0.0	3.0	0.9658671617507935	0.0		False	True	False	1	100.9658671617508
S1-867332501	S2-210791875		0.0	6.0	0.9589594006538391	0.0		False	True	False	1	100.95895940065384
S1-867332501	S2-193013091		0.0	7.0	0.9557672142982483	0.0		False	True	False	1	100.95576721429825
S1-867332501	S2-170244057		0.0	11.0	0.9513869881629944	0.0		False	True	False	1	100.951386988163
S1-867332501	S2-262646344		0.0	14.0	0.9492615461349487	0.0		False	True	False	1	100.94926154613495
S1-867332501	S2-594115095		0.0	15.0	0.9485596418380737	0.0		False	True	False	1	100.94855964183807
S1-867332501	S2-715460557		0.0	18.0	0.9438791275024414	0.0		False	True	False	1	100.94387912750244
S1-867332501	S2-158121477		0.0	20.0	0.9435426592826843	0.0		False	True	False	1	100.94354265928268
S1-867332501	S2-809665812		0.0	22.0	0.9419489502906799	0.0		False	True	False	1	100.94194895029068
S1-867332501	S2-583840796		0.0	23.0	0.9415404796600342	0.0		False	True	False	1	100.94154047966003
S1-867332501	S2-578484139		0.0	25.0	0.940965473651886	0.0		False	True	False	1	100.94096547365189
S1-867332501	S2-575142052		0.0	26.0	0.9405673742294312	0.0		False	True	False	1	100.94056737422943
S1-867332501	S2-258890831		0.0	27.0	0.9399553537368774	0.0		False	True	False	1	100.93995535373688
S1-867332501	S2-566025912		0.0	28.0	0.939537763595581	0.0		False	True	False	1	100.93953776359558
S1-867332501	S2-744098365		0.0	29.0	0.9392465949058533	0.0		False	True	False	1	100.93924659490585
S1-867332501	S2-412565852		0.0	30.0	0.9384257793426514	0.0		False	True	False	1	100.93842577934265
S1-867332501	S3-652287374		0.0	1.0	0.9736420512199402	0.0		False	True	False	1	100.97364205121994
S1-867332501	S3-482581656		0.0	2.0	0.9733249545097351	0.0		False	True	False	1	100.97332495450974
S1-867332501	S3-276427681		0.0	6.0	0.9676789045333862	0.0		False	True	False	1	100.96767890453339
S1-867332501	S3-577972146		0.0	7.0	0.9669405221939087	0.0		False	True	False	1	100.96694052219391
S1-867332501	S3-218566871		0.0	10.0	0.9622094631195068	0.0		False	True	False	1	100.9622094631195
S1-867332501	S3-819001322		0.0	11.0	0.961396336555481	0.0		False	True	False	1	100.96139633655548
S1-867332501	S3-797381132		0.0	12.0	0.958581268787384	0.0		False	True	False	1	100.95858126878738
S1-867332501	S3-125349995		0.0	13.0	0.9585763216018677	0.0		False	True	False	1	100.95857632160187
S1-867332501	S3-219844340		0.0	17.0	0.9545919895172119	0.0		False	True	False	1	100.95459198951721
S1-867332501	S3-610536355		0.0	20.0	0.9517533779144287	0.0		False	True	False	1	100.95175337791443
S1-867332501	S3-464265492		0.0	21.0	0.948711633682251	0.0		False	True	False	1	100.94871163368225
S1-867332501	S3-971111671		0.0	22.0	0.9474653601646423	0.0		False	True	False	1	100.94746536016464
S1-867332501	S3-483958914		0.0	23.0	0.9462631344795227	0.0		False	True	False	1	100.94626313447952
S1-867332501	S3-389830698		0.0	26.0	0.9420812129974365	0.0		False	True	False	1	100.94208121299744
S1-867332501	S3-305215419		0.0	27.0	0.94203120470047	0.0		False	True	False	1	100.94203120470047
S1-867332501	S3-74786614		0.0	29.0	0.9407773017883301	0.0		False	True	False	1	100.94077730178833
S1-969300060	S2-933724724	1.0	0.6043716669082642	12.0	0.9442219138145447	0.0		True	True	False	2	201.5485935807228
S1-969300060	S2-459485143	2.0	0.5486336946487427		0.0	0.0		True	False	False	1	100.54863369464874
S1-969300060	S2-575142052	3.0	0.5218735933303833	18.0	0.9364573955535889	0.0		True	True	False	2	201.45833098888397
S1-969300060	S2-170244057	4.0	0.5192700624465942	17.0	0.9369634389877319	0.0		True	True	False	2	201.45623350143433
S1-969300060	S2-800542765	5.0	0.4729001522064209	1.0	0.9627003073692322	0.0		True	True	False	2	201.43560045957565
S1-969300060	S2-770341988	6.0	0.45704084634780884	2.0	0.9577316045761108	0.0		True	True	False	2	201.41477245092392
S1-969300060	S2-566025912	7.0	0.44640618562698364	9.0	0.9476129412651062	0.0		True	True	False	2	201.3940191268921
S1-969300060	S2-262646344	8.0	0.44419410824775696		0.0	0.0		True	False	False	1	100.44419410824776
S1-969300060	S2-878037834	9.0	0.4366471469402313	20.0	0.935474693775177	0.0		True	True	False	2	201.3721218407154
S1-969300060	S2-112287031	10.0	0.4342080354690552	3.0	0.9564281702041626	0.0		True	True	False	2	201.39063620567322
S1-969300060	S2-158121477	11.0	0.4258618652820587		0.0	0.0		True	False	False	1	100.42586186528206
S1-969300060	S2-305637735	12.0	0.4030529260635376		0.0	0.0		True	False	False	1	100.40305292606354
S1-969300060	S2-647447093	13.0	0.4011068046092987	15.0	0.9388763904571533	0.0		True	True	False	2	201.33998319506645
S1-969300060	S2-742018880	14.0	0.3950622081756592		0.0	0.0		True	False	False	1	100.39506220817566
S1-969300060	S2-160823657	15.0	0.36740440130233765	5.0	0.9513246417045593	0.0		True	True	False	2	201.3187290430069
S1-969300060	S2-108012128	16.0	0.3664277195930481	11.0	0.9443671107292175	0.0		True	True	False	2	201.31079483032227
S1-969300060	S2-17102176	17.0	0.35478144884109497		0.0	0.0		True	False	False	1	100.3547814488411
S1-969300060	S2-495604525	18.0	0.3356354236602783		0.0	0.0		True	False	False	1	100.33563542366028
S1-969300060	S2-463756409	19.0	0.3212950527667999		0.0	0.0		True	False	False	1	100.3212950527668
S1-969300060	S2-913930320	20.0	0.29283401370048523		0.0	0.0		True	False	False	1	100.29283401370049
S1-969300060	S2-416136682	21.0	0.29272907972335815	30.0	0.9278978109359741	0.0		True	True	False	2	201.22062689065933
S1-969300060	S2-119647643	22.0	0.2836458683013916		0.0	0.0		True	False	False	1	100.28364586830139
S1-969300060	S2-638268338	23.0	0.27633121609687805		0.0	0.0		True	False	False	1	100.27633121609688
S1-969300060	S2-268861424	24.0	0.275368869304657		0.0	0.0		True	False	False	1	100.27536886930466
S1-969300060	S2-785042722	25.0	0.26920270919799805		0.0	0.0		True	False	False	1	100.269202709198
S1-969300060	S2-767997013	26.0	0.2653364837169647		0.0	0.0		True	False	False	1	100.26533648371696
S1-969300060	S2-999853272	27.0	0.2632681727409363		0.0	0.0		True	False	False	1	100.26326817274094
S1-969300060	S2-476476786	28.0	0.2591816782951355	6.0	0.9499574303627014	0.0		True	True	False	2	201.20913910865784
S1-969300060	S2-84473557	29.0	0.25709959864616394		0.0	0.0		True	False	False	1	100.25709959864616
S1-969300060	S2-223826524	30.0	0.25619977712631226		0.0	0.0		True	False	False	1	100.25619977712631
S1-969300060	S3-22321512	1.0	0.5297223329544067	6.0	0.94730144739151	0.0		True	True	False	2	201.47702378034592
S1-969300060	S3-305215419	2.0	0.5286446809768677		0.0	0.0		True	False	False	1	100.52864468097687
S1-969300060	S3-200532536	3.0	0.4906651973724365	8.0	0.9405348896980286	0.0		True	True	False	2	201.43120008707047
S1-969300060	S3-643284918	4.0	0.4838763177394867		0.0	0.0		True	False	False	1	100.48387631773949
S1-969300060	S3-556228627	5.0	0.468894898891449	7.0	0.9437645673751831	0.0		True	True	False	2	201.41265946626663
S1-969300060	S3-971111671	6.0	0.4517725110054016	19.0	0.9273359179496765	0.0		True	True	False	2	201.37910842895508
S1-969300060	S3-198586129	7.0	0.40969759225845337		0.0	0.0		True	False	False	1	100.40969759225845
S1-969300060	S3-1062100	8.0	0.4049210250377655	24.0	0.9218319654464722	0.0		True	True	False	2	201.32675299048424
S1-969300060	S3-934627663	9.0	0.39592278003692627		0.0	0.0		True	False	False	1	100.39592278003693
S1-969300060	S3-64079929	10.0	0.3952903151512146	5.0	0.9477112889289856	0.0		True	True	False	2	201.3430016040802
S1-969300060	S3-543902884	11.0	0.38827696442604065	4.0	0.9508019685745239	0.0		True	True	False	2	201.33907893300056
S1-969300060	S3-715117209	12.0	0.3769911527633667	1.0	0.9662002325057983	0.0		True	True	False	2	201.34319138526917
S1-969300060	S3-203608044	13.0	0.3764877915382385		0.0	0.0		True	False	False	1	100.37648779153824
S1-969300060	S3-712130770	14.0	0.36781442165374756	23.0	0.9227899312973022	0.0		True	True	False	2	201.29060435295105
S1-969300060	S3-835032939	15.0	0.35993197560310364	2.0	0.963219404220581	0.0		True	True	False	2	201.32315137982368
S1-969300060	S3-369430171	16.0	0.3478699326515198		0.0	0.0		True	False	False	1	100.34786993265152
S1-969300060	S3-92755938	17.0	0.3360978364944458	3.0	0.9529848694801331	0.0		True	True	False	2	201.28908270597458
S1-969300060	S3-760959067	18.0	0.31811437010765076	9.0	0.9376012086868286	0.0		True	True	False	2	201.25571557879448
S1-969300060	S3-668629842	19.0	0.3124333620071411	15.0	0.929505467414856	0.0		True	True	False	2	201.241938829422
S1-969300060	S3-159233685	20.0	0.30856212973594666		0.0	0.0		True	False	False	1	100.30856212973595
S1-969300060	S3-416247723	21.0	0.3040870428085327	26.0	0.9201077818870544	0.0		True	True	False	2	201.2241948246956
S1-969300060	S3-162993152	22.0	0.2997080683708191		0.0	0.0		True	False	False	1	100.29970806837082
S1-969300060	S3-389830698	23.0	0.29754459857940674		0.0	0.0		True	False	False	1	100.2975445985794
S1-969300060	S3-960416326	24.0	0.29128018021583557		0.0	0.0		True	False	False	1	100.29128018021584
S1-969300060	S3-170975522	25.0	0.2889227867126465		0.0	0.0		True	False	False	1	100.28892278671265
S1-969300060	S3-464265492	26.0	0.28519243001937866		0.0	0.0		True	False	False	1	100.28519243001938
S1-969300060	S3-10300249	27.0	0.2820282578468323		0.0	0.0		True	False	False	1	100.28202825784683
S1-969300060	S3-819001322	28.0	0.27851206064224243		0.0	0.0		True	False	False	1	100.27851206064224
S1-969300060	S3-811459169	29.0	0.2777225971221924		0.0	0.0		True	False	False	1	100.27772259712219
S1-969300060	S3-127741306	30.0	0.2751105725765228		0.0	0.0		True	False	False	1	100.27511057257652
S1-969300060	S2-440948455		0.0	4.0	0.9533804655075073	0.0		False	True	False	1	100.95338046550751
S1-969300060	S2-583840796		0.0	7.0	0.9493916630744934	0.0		False	True	False	1	100.9493916630745
S1-969300060	S2-550697952		0.0	8.0	0.9489492774009705	0.0		False	True	False	1	100.94894927740097
S1-969300060	S2-340420883		0.0	10.0	0.9454773664474487	0.0		False	True	False	1	100.94547736644745
S1-969300060	S2-809665812		0.0	13.0	0.9433504343032837	0.0		False	True	False	1	100.94335043430328
S1-969300060	S2-375151053		0.0	14.0	0.9391657710075378	0.0		False	True	False	1	100.93916577100754
S1-969300060	S2-222871632		0.0	16.0	0.937466025352478	0.0		False	True	False	1	100.93746602535248
S1-969300060	S2-934716922		0.0	19.0	0.9362550973892212	0.0		False	True	False	1	100.93625509738922
S1-969300060	S2-576201028		0.0	21.0	0.9348894953727722	0.0		False	True	False	1	100.93488949537277
S1-969300060	S2-210791875		0.0	22.0	0.9342716932296753	0.0		False	True	False	1	100.93427169322968
S1-969300060	S2-715460557		0.0	23.0	0.932997465133667	0.0		False	True	False	1	100.93299746513367
S1-969300060	S2-37424835		0.0	24.0	0.9327338933944702	0.0		False	True	False	1	100.93273389339447
S1-969300060	S2-729157829		0.0	25.0	0.9317060708999634	0.0		False	True	False	1	100.93170607089996
S1-969300060	S2-744098365		0.0	26.0	0.9313116669654846	0.0		False	True	False	1	100.93131166696548
S1-969300060	S2-559669701		0.0	27.0	0.9308905601501465	0.0		False	True	False	1	100.93089056015015
S1-969300060	S2-592412285		0.0	28.0	0.928977370262146	0.0		False	True	False	1	100.92897737026215
S1-969300060	S2-400190057		0.0	29.0	0.9289593696594238	0.0		False	True	False	1	100.92895936965942
S1-969300060	S3-185659081		0.0	10.0	0.9348008632659912	0.0		False	True	False	1	100.93480086326599
S1-969300060	S3-221443476		0.0	11.0	0.9337074160575867	0.0		False	True	False	1	100.93370741605759
S1-969300060	S3-526709055		0.0	12.0	0.9336971044540405	0.0		False	True	False	1	100.93369710445404
S1-969300060	S3-289567021		0.0	13.0	0.9335519075393677	0.0		False	True	False	1	100.93355190753937
S1-969300060	S3-652287374		0.0	14.0	0.930034339427948	0.0		False	True	False	1	100.93003433942795
S1-969300060	S3-227725397		0.0	16.0	0.9293684959411621	0.0		False	True	False	1	100.92936849594116
S1-969300060	S3-340374288		0.0	17.0	0.9286900758743286	0.0		False	True	False	1	100.92869007587433
S1-969300060	S3-469272577		0.0	18.0	0.928099513053894	0.0		False	True	False	1	100.9280995130539
S1-969300060	S3-22088661		0.0	20.0	0.925275444984436	0.0		False	True	False	1	100.92527544498444
S1-969300060	S3-150632472		0.0	21.0	0.9239670038223267	0.0		False	True	False	1	100.92396700382233
S1-969300060	S3-380741339		0.0	22.0	0.9234193563461304	0.0		False	True	False	1	100.92341935634613
S1-969300060	S3-521783865		0.0	25.0	0.9204310774803162	0.0		False	True	False	1	100.92043107748032
S1-969300060	S3-610536355		0.0	27.0	0.9182149171829224	0.0		False	True	False	1	100.91821491718292
S1-969300060	S3-797337828		0.0	28.0	0.9178524017333984	0.0		False	True	False	1	100.9178524017334
S1-969300060	S3-577972146		0.0	29.0	0.9173570275306702	0.0		False	True	False	1	100.91735702753067
S1-969300060	S3-536202929		0.0	30.0	0.9152013063430786	0.0		False	True	False	1	100.91520130634308
S1-930501805	S2-434748052	1.0	0.46512264013290405		0.0	0.0		True	False	False	1	100.4651226401329
S1-930501805	S2-84473557	2.0	0.4460999369621277	20.0	0.9578355550765991	0.0		True	True	False	2	201.40393549203873
S1-930501805	S2-744098365	3.0	0.44319507479667664	6.0	0.9694532155990601	0.0		True	True	False	2	201.41264829039574
S1-930501805	S2-701289183	4.0	0.42926329374313354		0.0	0.0		True	False	False	1	100.42926329374313
S1-930501805	S2-258890831	5.0	0.4289920926094055	4.0	0.9708529114723206	0.0		True	True	False	2	201.39984500408173
S1-930501805	S2-229677112	6.0	0.4092509150505066		0.0	0.0		True	False	False	1	100.4092509150505
S1-930501805	S2-375151053	7.0	0.4006168246269226	3.0	0.9717898368835449	0.0		True	True	False	2	201.37240666151047
S1-930501805	S2-560710588	8.0	0.4005028009414673		0.0	0.0		True	False	False	1	100.40050280094147
S1-930501805	S2-193013091	9.0	0.399314284324646	27.0	0.9498975872993469	0.0		True	True	False	2	201.349211871624
S1-930501805	S2-654270940	10.0	0.3937646448612213		0.0	0.0		True	False	False	1	100.39376464486122
S1-930501805	S2-485885002	11.0	0.3894379734992981		0.0	0.0		True	False	False	1	100.3894379734993
S1-930501805	S2-785042722	12.0	0.3881567716598511		0.0	0.0		True	False	False	1	100.38815677165985
S1-930501805	S2-463756409	13.0	0.3869221806526184		0.0	0.0		True	False	False	1	100.38692218065262
S1-930501805	S2-537184954	14.0	0.3858683705329895		0.0	0.0		True	False	False	1	100.38586837053299
S1-930501805	S2-119647643	15.0	0.3795998692512512	11.0	0.9660577178001404	0.0		True	True	False	2	201.3456575870514
S1-930501805	S2-222871632	16.0	0.37746238708496094		0.0	0.0		True	False	False	1	100.37746238708496
S1-930501805	S2-938316135	17.0	0.37612617015838623	25.0	0.9531506896018982	0.0		True	True	False	2	201.32927685976028
S1-930501805	S2-910351373	18.0	0.37542858719825745		0.0	0.0		True	False	False	1	100.37542858719826
S1-930501805	S2-449438476	19.0	0.3751734495162964	1.0	0.9802808165550232	0.0		True	True	False	2	201.35545426607132
S1-930501805	S2-884102769	20.0	0.37478530406951904	19.0	0.9582319259643555	0.0		True	True	False	2	201.33301723003387
S1-930501805	S2-476476786	21.0	0.3743749260902405		0.0	0.0		True	False	False	1	100.37437492609024
S1-930501805	S2-956479781	22.0	0.37268757820129395		0.0	0.0		True	False	False	1	100.3726875782013
S1-930501805	S2-729157829	23.0	0.3701036274433136		0.0	0.0		True	False	False	1	100.37010362744331
S1-930501805	S2-378851466	24.0	0.3657990097999573		0.0	0.0		True	False	False	1	100.36579900979996
S1-930501805	S2-726058757	25.0	0.3656251132488251	15.0	0.9611842036247253	0.0		True	True	False	2	201.32680931687355
S1-930501805	S2-638268338	26.0	0.36455896496772766	24.0	0.9568833112716675	0.0		True	True	False	2	201.3214422762394
S1-930501805	S2-340420883	27.0	0.3639295697212219	26.0	0.951882004737854	0.0		True	True	False	2	201.31581157445908
S1-930501805	S2-17102176	28.0	0.35551217198371887		0.0	0.0		True	False	False	1	100.35551217198372
S1-930501805	S2-412565852	29.0	0.3522149920463562	10.0	0.9671643972396851	0.0		True	True	False	2	201.31937938928604
S1-930501805	S2-715460557	30.0	0.3520403206348419	29.0	0.948512613773346	0.0		True	True	False	2	201.3005529344082
S1-930501805	S3-159233685	1.0	0.4644283652305603		0.0	0.0		True	False	False	1	100.46442836523056
S1-930501805	S3-937140604	2.0	0.4379406273365021	24.0	0.9459890723228455	0.0		True	True	False	2	201.38392969965935
S1-930501805	S3-961421742	3.0	0.402127206325531		0.0	0.0		True	False	False	1	100.40212720632553
S1-930501805	S3-276427681	4.0	0.40086570382118225		0.0	0.0		True	False	False	1	100.40086570382118
S1-930501805	S3-367901084	5.0	0.39818042516708374	6.0	0.9690254330635071	0.0		True	True	False	2	201.3672058582306
S1-930501805	S3-995796854	6.0	0.3917991518974304	5.0	0.9694730639457703	0.0		True	True	False	2	201.3612722158432
S1-930501805	S3-184174096	7.0	0.38157808780670166	15.0	0.9567025899887085	0.0		True	True	False	2	201.3382806777954
S1-930501805	S3-895598264	8.0	0.3786768615245819		0.0	0.0		True	False	False	1	100.37867686152458
S1-930501805	S3-573605691	9.0	0.37561866641044617	3.0	0.9732335209846497	0.0		True	True	False	2	201.3488521873951
S1-930501805	S3-185659081	10.0	0.3746512532234192	10.0	0.9671879410743713	0.0		True	True	False	2	201.3418391942978
S1-930501805	S3-536202929	11.0	0.3713833689689636		0.0	0.0		True	False	False	1	100.37138336896896
S1-930501805	S3-877919199	12.0	0.3701246380805969		0.0	0.0		True	False	False	1	100.3701246380806
S1-930501805	S3-125349995	13.0	0.36851656436920166		0.0	0.0		True	False	False	1	100.3685165643692
S1-930501805	S3-389830698	14.0	0.3654331862926483	18.0	0.9542325139045715	0.0		True	True	False	2	201.31966570019722
S1-930501805	S3-150632472	15.0	0.36011528968811035	1.0	0.976335346698761	0.0		True	True	False	2	201.33645063638687
S1-930501805	S3-162993152	16.0	0.3580755591392517		0.0	0.0		True	False	False	1	100.35807555913925
S1-930501805	S3-265204232	17.0	0.35669708251953125	4.0	0.971903920173645	0.0		True	True	False	2	201.32860100269318
S1-930501805	S3-436480804	18.0	0.3560306131839752		0.0	0.0		True	False	False	1	100.35603061318398
S1-930501805	S3-521783865	19.0	0.34659919142723083	22.0	0.9472852349281311	0.0		True	True	False	2	201.29388442635536
S1-930501805	S3-819001322	20.0	0.3415501117706299		0.0	0.0		True	False	False	1	100.34155011177063
S1-930501805	S3-695502221	21.0	0.34009021520614624		0.0	0.0		True	False	False	1	100.34009021520615
S1-930501805	S3-227725397	22.0	0.33908146619796753	14.0	0.9618326425552368	0.0		True	True	False	2	201.3009141087532
S1-930501805	S3-10300249	23.0	0.33888864517211914		0.0	0.0		True	False	False	1	100.33888864517212
S1-930501805	S3-158901285	24.0	0.33877378702163696		0.0	0.0		True	False	False	1	100.33877378702164
S1-930501805	S3-203608044	25.0	0.3381370007991791		0.0	0.0		True	False	False	1	100.33813700079918
S1-930501805	S3-760959067	26.0	0.33553776144981384	2.0	0.9747343063354492	0.0		True	True	False	2	201.31027206778526
S1-930501805	S3-75604340	27.0	0.33443987369537354	8.0	0.9684557914733887	0.0		True	True	False	2	201.30289566516876
S1-930501805	S3-288440193	28.0	0.33409643173217773		0.0	0.0		True	False	False	1	100.33409643173218
S1-930501805	S3-22088661	29.0	0.32579270005226135	11.0	0.9671871066093445	0.0		True	True	False	2	201.2929798066616
S1-930501805	S3-250324284	30.0	0.3256484568119049		0.0	0.0		True	False	False	1	100.3256484568119
S1-930501805	S2-823489243		0.0	2.0	0.9725385308265686	0.0		False	True	False	1	100.97253853082657
S1-930501805	S2-89663826		0.0	5.0	0.9705411195755005	0.0		False	True	False	1	100.9705411195755
S1-930501805	S2-400190057		0.0	7.0	0.9679749608039856	0.0		False	True	False	1	100.96797496080399
S1-930501805	S2-576201028		0.0	8.0	0.967451810836792	0.0		False	True	False	1	100.96745181083679
S1-930501805	S2-784442772		0.0	9.0	0.967376708984375	0.0		False	True	False	1	100.96737670898438
S1-930501805	S2-779040268		0.0	12.0	0.9643346667289734	0.0		False	True	False	1	100.96433466672897
S1-930501805	S2-481572644		0.0	13.0	0.9637464284896851	0.0		False	True	False	1	100.96374642848969
S1-930501805	S2-809665812		0.0	14.0	0.9620559811592102	0.0		False	True	False	1	100.96205598115921
S1-930501805	S2-933865098		0.0	16.0	0.9592649340629578	0.0		False	True	False	1	100.95926493406296
S1-930501805	S2-583840796		0.0	17.0	0.9586524963378906	0.0		False	True	False	1	100.95865249633789
S1-930501805	S2-37424835		0.0	18.0	0.9584815502166748	0.0		False	True	False	1	100.95848155021667
S1-930501805	S2-378846408		0.0	21.0	0.9576051235198975	0.0		False	True	False	1	100.9576051235199
S1-930501805	S2-634571997		0.0	22.0	0.9572713375091553	0.0		False	True	False	1	100.95727133750916
S1-930501805	S2-934716922		0.0	23.0	0.9570826292037964	0.0		False	True	False	1	100.9570826292038
S1-930501805	S2-495604525		0.0	28.0	0.9489342570304871	0.0		False	True	False	1	100.94893425703049
S1-930501805	S2-917258438		0.0	30.0	0.9474453330039978	0.0		False	True	False	1	100.947445333004
S1-930501805	S3-289567021		0.0	7.0	0.9684842228889465	0.0		False	True	False	1	100.96848422288895
S1-930501805	S3-468731115		0.0	9.0	0.9681097269058228	0.0		False	True	False	1	100.96810972690582
S1-930501805	S3-380741339		0.0	12.0	0.9662768840789795	0.0		False	True	False	1	100.96627688407898
S1-930501805	S3-668629842		0.0	13.0	0.9653367400169373	0.0		False	True	False	1	100.96533674001694
S1-930501805	S3-221443476		0.0	16.0	0.9547862410545349	0.0		False	True	False	1	100.95478624105453
S1-930501805	S3-577972146		0.0	17.0	0.9543310403823853	0.0		False	True	False	1	100.95433104038239
S1-930501805	S3-768772995		0.0	19.0	0.9503087997436523	0.0		False	True	False	1	100.95030879974365
S1-930501805	S3-610536355		0.0	20.0	0.9493663311004639	0.0		False	True	False	1	100.94936633110046
S1-930501805	S3-469272577		0.0	21.0	0.9481894969940186	0.0		False	True	False	1	100.94818949699402
S1-930501805	S3-416247723		0.0	23.0	0.9462022185325623	0.0		False	True	False	1	100.94620221853256
S1-930501805	S3-374810425		0.0	25.0	0.9448080658912659	0.0		False	True	False	1	100.94480806589127
S1-930501805	S3-173398261		0.0	26.0	0.9441474080085754	0.0		False	True	False	1	100.94414740800858
S1-930501805	S3-170975522		0.0	27.0	0.9423435926437378	0.0		False	True	False	1	100.94234359264374
S1-930501805	S3-652287374		0.0	28.0	0.93895024061203	0.0		False	True	False	1	100.93895024061203
S1-930501805	S3-797381132		0.0	29.0	0.9381827712059021	0.0		False	True	False	1	100.9381827712059
S1-930501805	S3-556228627		0.0	30.0	0.9358758926391602	0.0		False	True	False	1	100.93587589263916
S1-474452362	S2-378846408	1.0	0.47712641954421997		0.0	0.0		True	False	False	1	100.47712641954422
S1-474452362	S2-119647643	2.0	0.45738962292671204	8.0	0.9614614844322205	0.0		True	True	False	2	201.41885110735893
S1-474452362	S2-416136682	3.0	0.44847777485847473	27.0	0.9458014965057373	0.0		True	True	False	2	201.3942792713642
S1-474452362	S2-560710588	4.0	0.43646910786628723		0.0	0.0		True	False	False	1	100.43646910786629
S1-474452362	S2-787861634	5.0	0.4328593611717224		0.0	0.0		True	False	False	1	100.43285936117172
S1-474452362	S2-158121477	6.0	0.4036242663860321		0.0	0.0		True	False	False	1	100.40362426638603
S1-474452362	S2-459485143	7.0	0.4018821120262146		0.0	0.0		True	False	False	1	100.40188211202621
S1-474452362	S2-495604525	8.0	0.401513010263443	20.0	0.9503640532493591	0.0		True	True	False	2	201.3518770635128
S1-474452362	S2-258890831	9.0	0.39916229248046875	5.0	0.9641819596290588	0.0		True	True	False	2	201.36334425210953
S1-474452362	S2-956479781	10.0	0.3982686400413513		0.0	0.0		True	False	False	1	100.39826864004135
S1-474452362	S2-530685908	11.0	0.39103707671165466		0.0	0.0		True	False	False	1	100.39103707671165
S1-474452362	S2-785042722	12.0	0.38954663276672363		0.0	0.0		True	False	False	1	100.38954663276672
S1-474452362	S2-268861424	13.0	0.38950908184051514		0.0	0.0		True	False	False	1	100.38950908184052
S1-474452362	S2-223826524	14.0	0.38888269662857056		0.0	0.0		True	False	False	1	100.38888269662857
S1-474452362	S2-917258438	15.0	0.3879967927932739		0.0	0.0		True	False	False	1	100.38799679279327
S1-474452362	S2-485885002	16.0	0.3858884572982788		0.0	0.0		True	False	False	1	100.38588845729828
S1-474452362	S2-476476786	17.0	0.3839595913887024	3.0	0.9669491052627563	0.0		True	True	False	2	201.35090869665146
S1-474452362	S2-229677112	18.0	0.3805471360683441		0.0	0.0		True	False	False	1	100.38054713606834
S1-474452362	S2-375151053	19.0	0.38008034229278564	1.0	0.9694578051567078	0.0		True	True	False	2	201.3495381474495
S1-474452362	S2-550697952	20.0	0.37264060974121094	30.0	0.9435548782348633	0.0		True	True	False	2	201.31619548797607
S1-474452362	S2-449438476	21.0	0.3700326681137085	9.0	0.9596056938171387	0.0		True	True	False	2	201.32963836193085
S1-474452362	S2-786671109	22.0	0.36723458766937256		0.0	0.0		True	False	False	1	100.36723458766937
S1-474452362	S2-938316135	23.0	0.3652915954589844	17.0	0.9511017799377441	0.0		True	True	False	2	201.31639337539673
S1-474452362	S2-292567038	24.0	0.36524346470832825		0.0	0.0		True	False	False	1	100.36524346470833
S1-474452362	S2-89663826	25.0	0.36490127444267273	6.0	0.9634544849395752	0.0		True	True	False	2	201.32835575938225
S1-474452362	S2-504393659	26.0	0.3581123650074005		0.0	0.0		True	False	False	1	100.3581123650074
S1-474452362	S2-378851466	27.0	0.35764437913894653		0.0	0.0		True	False	False	1	100.35764437913895
S1-474452362	S2-578484139	28.0	0.35493284463882446		0.0	0.0		True	False	False	1	100.35493284463882
S1-474452362	S2-17102176	29.0	0.350199818611145		0.0	0.0		True	False	False	1	100.35019981861115
S1-474452362	S2-654270940	30.0	0.34985822439193726		0.0	0.0		True	False	False	1	100.34985822439194
S1-474452362	S3-468731115	1.0	0.48770982027053833	16.0	0.9491238594055176	0.0		True	True	False	2	201.43683367967606
S1-474452362	S3-797381132	2.0	0.416517972946167	25.0	0.9398537874221802	0.0		True	True	False	2	201.35637176036835
S1-474452362	S3-934627663	3.0	0.40556010603904724		0.0	0.0		True	False	False	1	100.40556010603905
S1-474452362	S3-464265492	4.0	0.39076536893844604		0.0	0.0		True	False	False	1	100.39076536893845
S1-474452362	S3-768772995	5.0	0.3883710503578186	17.0	0.9474188685417175	0.0		True	True	False	2	201.33578991889954
S1-474452362	S3-200532536	6.0	0.38349390029907227		0.0	0.0		True	False	False	1	100.38349390029907
S1-474452362	S3-652287374	7.0	0.38058704137802124		0.0	0.0		True	False	False	1	100.38058704137802
S1-474452362	S3-289697426	8.0	0.37658554315567017		0.0	0.0		True	False	False	1	100.37658554315567
S1-474452362	S3-162993152	9.0	0.3717062473297119		0.0	0.0		True	False	False	1	100.37170624732971
S1-474452362	S3-159233685	10.0	0.37126097083091736		0.0	0.0		True	False	False	1	100.37126097083092
S1-474452362	S3-688194826	11.0	0.37055128812789917		0.0	0.0		True	False	False	1	100.3705512881279
S1-474452362	S3-877919199	12.0	0.364936888217926		0.0	0.0		True	False	False	1	100.36493688821793
S1-474452362	S3-971111671	13.0	0.3591364920139313		0.0	0.0		True	False	False	1	100.35913649201393
S1-474452362	S3-536202929	14.0	0.3578348159790039		0.0	0.0		True	False	False	1	100.357834815979
S1-474452362	S3-288440193	15.0	0.35454970598220825		0.0	0.0		True	False	False	1	100.35454970598221
S1-474452362	S3-556228627	16.0	0.35446223616600037	20.0	0.9467859864234924	0.0		True	True	False	2	201.3012482225895
S1-474452362	S3-580736465	17.0	0.351839154958725		0.0	0.0		True	False	False	1	100.35183915495872
S1-474452362	S3-218566871	18.0	0.3508159816265106		0.0	0.0		True	False	False	1	100.35081598162651
S1-474452362	S3-604980231	19.0	0.348812997341156		0.0	0.0		True	False	False	1	100.34881299734116
S1-474452362	S3-323904182	20.0	0.3481411337852478		0.0	0.0		True	False	False	1	100.34814113378525
S1-474452362	S3-610536355	21.0	0.34472528100013733	29.0	0.9356316328048706	0.0		True	True	False	2	201.280356913805
S1-474452362	S3-289567021	22.0	0.3441928029060364	10.0	0.958687961101532	0.0		True	True	False	2	201.30288076400757
S1-474452362	S3-22088661	23.0	0.34268561005592346	23.0	0.9448670744895935	0.0		True	True	False	2	201.28755268454552
S1-474452362	S3-265204232	24.0	0.34240806102752686	5.0	0.9618628025054932	0.0		True	True	False	2	201.30427086353302
S1-474452362	S3-340374288	25.0	0.3396165370941162	21.0	0.9464159607887268	0.0		True	True	False	2	201.28603249788284
S1-474452362	S3-825495383	26.0	0.33959442377090454		0.0	0.0		True	False	False	1	100.3395944237709
S1-474452362	S3-715117209	27.0	0.33834707736968994	24.0	0.9413828253746033	0.0		True	True	False	2	201.2797299027443
S1-474452362	S3-191842349	28.0	0.33827197551727295		0.0	0.0		True	False	False	1	100.33827197551727
S1-474452362	S3-125349995	29.0	0.3380393981933594		0.0	0.0		True	False	False	1	100.33803939819336
S1-474452362	S3-517069981	30.0	0.33224940299987793		0.0	0.0		True	False	False	1	100.33224940299988
S1-474452362	S2-744098365		0.0	2.0	0.968584418296814	0.0		False	True	False	1	100.96858441829681
S1-474452362	S2-884102769		0.0	4.0	0.9654406905174255	0.0		False	True	False	1	100.96544069051743
S1-474452362	S2-583840796		0.0	7.0	0.9628292918205261	0.0		False	True	False	1	100.96282929182053
S1-474452362	S2-729157829		0.0	10.0	0.9552958011627197	0.0		False	True	False	1	100.95529580116272
S1-474452362	S2-340420883		0.0	11.0	0.9532239437103271	0.0		False	True	False	1	100.95322394371033
S1-474452362	S2-400190057		0.0	12.0	0.9524608850479126	0.0		False	True	False	1	100.95246088504791
S1-474452362	S2-412565852		0.0	13.0	0.9520601034164429	0.0		False	True	False	1	100.95206010341644
S1-474452362	S2-809665812		0.0	14.0	0.9512889981269836	0.0		False	True	False	1	100.95128899812698
S1-474452362	S2-823489243		0.0	15.0	0.951250433921814	0.0		False	True	False	1	100.95125043392181
S1-474452362	S2-638268338		0.0	16.0	0.9512384533882141	0.0		False	True	False	1	100.95123845338821
S1-474452362	S2-481572644		0.0	18.0	0.9510156512260437	0.0		False	True	False	1	100.95101565122604
S1-474452362	S2-37424835		0.0	19.0	0.9506609439849854	0.0		False	True	False	1	100.95066094398499
S1-474452362	S2-784442772		0.0	21.0	0.9499164819717407	0.0		False	True	False	1	100.94991648197174
S1-474452362	S2-933724724		0.0	22.0	0.9498611688613892	0.0		False	True	False	1	100.94986116886139
S1-474452362	S2-715460557		0.0	23.0	0.9496811628341675	0.0		False	True	False	1	100.94968116283417
S1-474452362	S2-726058757		0.0	24.0	0.9483261704444885	0.0		False	True	False	1	100.94832617044449
S1-474452362	S2-934716922		0.0	25.0	0.9470224380493164	0.0		False	True	False	1	100.94702243804932
S1-474452362	S2-559669701		0.0	26.0	0.9459812641143799	0.0		False	True	False	1	100.94598126411438
S1-474452362	S2-576201028		0.0	28.0	0.9452258348464966	0.0		False	True	False	1	100.9452258348465
S1-474452362	S2-647447093		0.0	29.0	0.9450006484985352	0.0		False	True	False	1	100.94500064849854
S1-474452362	S3-760959067		0.0	1.0	0.967556357383728	0.0		False	True	False	1	100.96755635738373
S1-474452362	S3-668629842		0.0	2.0	0.9670385718345642	0.0		False	True	False	1	100.96703857183456
S1-474452362	S3-469272577		0.0	3.0	0.9664097428321838	0.0		False	True	False	1	100.96640974283218
S1-474452362	S3-75604340		0.0	4.0	0.9635194540023804	0.0		False	True	False	1	100.96351945400238
S1-474452362	S3-185659081		0.0	6.0	0.9604824185371399	0.0		False	True	False	1	100.96048241853714
S1-474452362	S3-221443476		0.0	7.0	0.9596831202507019	0.0		False	True	False	1	100.9596831202507
S1-474452362	S3-380741339		0.0	8.0	0.9595898389816284	0.0		False	True	False	1	100.95958983898163
S1-474452362	S3-573605691		0.0	9.0	0.9592383503913879	0.0		False	True	False	1	100.95923835039139
S1-474452362	S3-150632472		0.0	11.0	0.9571750164031982	0.0		False	True	False	1	100.9571750164032
S1-474452362	S3-416247723		0.0	12.0	0.9539640545845032	0.0		False	True	False	1	100.9539640545845
S1-474452362	S3-184174096		0.0	13.0	0.9523729085922241	0.0		False	True	False	1	100.95237290859222
S1-474452362	S3-389830698		0.0	14.0	0.9515745639801025	0.0		False	True	False	1	100.9515745639801
S1-474452362	S3-521783865		0.0	15.0	0.9514894485473633	0.0		False	True	False	1	100.95148944854736
S1-474452362	S3-367901084		0.0	18.0	0.947384238243103	0.0		False	True	False	1	100.9473842382431
S1-474452362	S3-227725397		0.0	19.0	0.9470402598381042	0.0		False	True	False	1	100.9470402598381
S1-474452362	S3-995796854		0.0	22.0	0.9461104869842529	0.0		False	True	False	1	100.94611048698425
S1-474452362	S3-577972146		0.0	26.0	0.9379987716674805	0.0		False	True	False	1	100.93799877166748
S1-474452362	S3-22321512		0.0	27.0	0.9372429847717285	0.0		False	True	False	1	100.93724298477173
S1-474452362	S3-543902884		0.0	28.0	0.9358177185058594	0.0		False	True	False	1	100.93581771850586
S1-474452362	S3-560657213		0.0	30.0	0.9348099231719971	0.0		False	True	False	1	100.934809923172
S1-802731895	S2-600460285	1.0	0.7241241931915283	5.0	0.9574329853057861	0.0		True	True	False	2	201.68155717849731
S1-802731895	S2-913930320	2.0	0.6648830771446228		0.0	0.0		True	False	False	1	100.66488307714462
S1-802731895	S2-530685908	3.0	0.6181110739707947		0.0	0.0		True	False	False	1	100.6181110739708
S1-802731895	S2-786671109	4.0	0.610535740852356		0.0	0.0		True	False	False	1	100.61053574085236
S1-802731895	S2-875724478	5.0	0.6048023104667664		0.0	0.0		True	False	False	1	100.60480231046677
S1-802731895	S2-292567038	6.0	0.5963131785392761		0.0	0.0		True	False	False	1	100.59631317853928
S1-802731895	S2-910351373	7.0	0.5957925319671631	11.0	0.9496744871139526	0.0		True	True	False	2	201.54546701908112
S1-802731895	S2-210791875	8.0	0.5808062553405762	12.0	0.9496721029281616	0.0		True	True	False	2	201.53047835826874
S1-802731895	S2-550697952	9.0	0.5743457078933716		0.0	0.0		True	False	False	1	100.57434570789337
S1-802731895	S2-434748052	10.0	0.5741851329803467	13.0	0.9463085532188416	0.0		True	True	False	2	201.5204936861992
S1-802731895	S2-956479781	11.0	0.5739447474479675		0.0	0.0		True	False	False	1	100.57394474744797
S1-802731895	S2-304177076	12.0	0.5727131962776184		0.0	0.0		True	False	False	1	100.57271319627762
S1-802731895	S2-357438552	13.0	0.5682051181793213		0.0	0.0		True	False	False	1	100.56820511817932
S1-802731895	S2-229677112	14.0	0.5637978315353394		0.0	0.0		True	False	False	1	100.56379783153534
S1-802731895	S2-785042722	15.0	0.556736946105957	8.0	0.9527295827865601	0.0		True	True	False	2	201.50946652889252
S1-802731895	S2-537184954	16.0	0.5498702526092529		0.0	0.0		True	False	False	1	100.54987025260925
S1-802731895	S2-578788567	17.0	0.5476197600364685		0.0	0.0		True	False	False	1	100.54761976003647
S1-802731895	S2-77137709	18.0	0.5396407246589661		0.0	0.0		True	False	False	1	100.53964072465897
S1-802731895	S2-223826524	19.0	0.5374643206596375	25.0	0.9399273991584778	0.0		True	True	False	2	201.47739171981812
S1-802731895	S2-784442772	20.0	0.5373311638832092	7.0	0.9533181190490723	0.0		True	True	False	2	201.49064928293228
S1-802731895	S2-742077842	21.0	0.5309746265411377		0.0	0.0		True	False	False	1	100.53097462654114
S1-802731895	S2-317480348	22.0	0.5285165309906006		0.0	0.0		True	False	False	1	100.5285165309906
S1-802731895	S2-485885002	23.0	0.5252193212509155		0.0	0.0		True	False	False	1	100.52521932125092
S1-802731895	S2-192345572	24.0	0.5235169529914856		0.0	0.0		True	False	False	1	100.52351695299149
S1-802731895	S2-787861634	25.0	0.5216476321220398	26.0	0.9392126798629761	0.0		True	True	False	2	201.46086031198502
S1-802731895	S2-779040268	26.0	0.5189388990402222	1.0	0.9617279171943665	0.0		True	True	False	2	201.4806668162346
S1-802731895	S2-578484139	27.0	0.5150680541992188		0.0	0.0		True	False	False	1	100.51506805419922
S1-802731895	S2-591078525	28.0	0.5134145021438599	19.0	0.9425992369651794	0.0		True	True	False	2	201.45601373910904
S1-802731895	S2-166809876	29.0	0.5111076831817627		0.0	0.0		True	False	False	1	100.51110768318176
S1-802731895	S2-440948455	30.0	0.5087307095527649		0.0	0.0		True	False	False	1	100.50873070955276
S1-802731895	S3-895598264	1.0	0.6339995861053467		0.0	0.0		True	False	False	1	100.63399958610535
S1-802731895	S3-877919199	2.0	0.6165602207183838		0.0	0.0		True	False	False	1	100.61656022071838
S1-802731895	S3-219041197	3.0	0.615019679069519	21.0	0.9392438530921936	0.0		True	True	False	2	201.5542635321617
S1-802731895	S3-604980231	4.0	0.6006444096565247	18.0	0.9414907693862915	0.0		True	True	False	2	201.54213517904282
S1-802731895	S3-580736465	5.0	0.5939334630966187		0.0	0.0		True	False	False	1	100.59393346309662
S1-802731895	S3-536202929	6.0	0.5918861627578735	14.0	0.944834291934967	0.0		True	True	False	2	201.53672045469284
S1-802731895	S3-577972146	7.0	0.590050220489502	9.0	0.9524385929107666	0.0		True	True	False	2	201.54248881340027
S1-802731895	S3-560657213	8.0	0.5866484642028809	12.0	0.9465036988258362	0.0		True	True	False	2	201.53315216302872
S1-802731895	S3-162993152	9.0	0.5731452703475952	10.0	0.9511847496032715	0.0		True	True	False	2	201.52433001995087
S1-802731895	S3-436480804	10.0	0.5627289414405823		0.0	0.0		True	False	False	1	100.56272894144058
S1-802731895	S3-811459169	11.0	0.557903528213501		0.0	0.0		True	False	False	1	100.5579035282135
S1-802731895	S3-125349995	12.0	0.5555480718612671	17.0	0.9426354169845581	0.0		True	True	False	2	201.49818348884583
S1-802731895	S3-688194826	13.0	0.5531156063079834		0.0	0.0		True	False	False	1	100.55311560630798
S1-802731895	S3-170975522	14.0	0.552127480506897	3.0	0.9690148234367371	0.0		True	True	False	2	201.52114230394363
S1-802731895	S3-191842349	15.0	0.5508785247802734		0.0	0.0		True	False	False	1	100.55087852478027
S1-802731895	S3-825495383	16.0	0.5497545003890991		0.0	0.0		True	False	False	1	100.5497545003891
S1-802731895	S3-374810425	17.0	0.5483895540237427	20.0	0.9397122859954834	0.0		True	True	False	2	201.48810184001923
S1-802731895	S3-276427681	18.0	0.5470501184463501		0.0	0.0		True	False	False	1	100.54705011844635
S1-802731895	S3-464265492	19.0	0.5448752641677856		0.0	0.0		True	False	False	1	100.54487526416779
S1-802731895	S3-159233685	20.0	0.5411245822906494	2.0	0.9694252014160156	0.0		True	True	False	2	201.51054978370667
S1-802731895	S3-115653125	21.0	0.5363966822624207		0.0	0.0		True	False	False	1	100.53639668226242
S1-802731895	S3-961421742	22.0	0.533766508102417	28.0	0.9373154640197754	0.0		True	True	False	2	201.4710819721222
S1-802731895	S3-227725397	23.0	0.5333439707756042		0.0	0.0		True	False	False	1	100.5333439707756
S1-802731895	S3-611681699	24.0	0.5325518846511841		0.0	0.0		True	False	False	1	100.53255188465118
S1-802731895	S3-323904182	25.0	0.5281933546066284	8.0	0.9535771608352661	0.0		True	True	False	2	201.4817705154419
S1-802731895	S3-652287374	26.0	0.5278255343437195		0.0	0.0		True	False	False	1	100.52782553434372
S1-802731895	S3-960416326	27.0	0.5153024196624756	4.0	0.9634171724319458	0.0		True	True	False	2	201.47871959209442
S1-802731895	S3-695502221	28.0	0.5149180889129639	29.0	0.9345134496688843	0.0		True	True	False	2	201.44943153858185
S1-802731895	S3-18976400	29.0	0.5148851871490479		0.0	0.0		True	False	False	1	100.51488518714905
S1-802731895	S3-98186645	30.0	0.5141268968582153		0.0	0.0		True	False	False	1	100.51412689685822
S1-802731895	S2-576201028		0.0	2.0	0.9607098698616028	0.0		False	True	False	1	100.9607098698616
S1-802731895	S2-634571997		0.0	3.0	0.9599522948265076	0.0		False	True	False	1	100.95995229482651
S1-802731895	S2-412565852		0.0	4.0	0.9583637714385986	0.0		False	True	False	1	100.9583637714386
S1-802731895	S2-449438476		0.0	6.0	0.9548641443252563	0.0		False	True	False	1	100.95486414432526
S1-802731895	S2-84473557		0.0	9.0	0.9520179629325867	0.0		False	True	False	1	100.95201796293259
S1-802731895	S2-744098365		0.0	10.0	0.9514890909194946	0.0		False	True	False	1	100.9514890909195
S1-802731895	S2-378846408		0.0	14.0	0.9456291198730469	0.0		False	True	False	1	100.94562911987305
S1-802731895	S2-767997013		0.0	15.0	0.9452086687088013	0.0		False	True	False	1	100.9452086687088
S1-802731895	S2-258890831		0.0	16.0	0.9448680877685547	0.0		False	True	False	1	100.94486808776855
S1-802731895	S2-268861424		0.0	17.0	0.9447547197341919	0.0		False	True	False	1	100.94475471973419
S1-802731895	S2-37424835		0.0	18.0	0.9432979226112366	0.0		False	True	False	1	100.94329792261124
S1-802731895	S2-823489243		0.0	20.0	0.9425668120384216	0.0		False	True	False	1	100.94256681203842
S1-802731895	S2-481572644		0.0	21.0	0.9418028593063354	0.0		False	True	False	1	100.94180285930634
S1-802731895	S2-726058757		0.0	22.0	0.9417848587036133	0.0		False	True	False	1	100.94178485870361
S1-802731895	S2-638268338		0.0	23.0	0.9414215683937073	0.0		False	True	False	1	100.94142156839371
S1-802731895	S2-193013091		0.0	24.0	0.9406310319900513	0.0		False	True	False	1	100.94063103199005
S1-802731895	S2-933865098		0.0	27.0	0.9382111430168152	0.0		False	True	False	1	100.93821114301682
S1-802731895	S2-119647643		0.0	28.0	0.9374419450759888	0.0		False	True	False	1	100.93744194507599
S1-802731895	S2-400190057		0.0	29.0	0.9357205629348755	0.0		False	True	False	1	100.93572056293488
S1-802731895	S2-495604525		0.0	30.0	0.9356197118759155	0.0		False	True	False	1	100.93561971187592
S1-802731895	S3-173398261		0.0	1.0	0.9707633256912231	0.0		False	True	False	1	100.97076332569122
S1-802731895	S3-468731115		0.0	5.0	0.9577786326408386	0.0		False	True	False	1	100.95777863264084
S1-802731895	S3-367901084		0.0	6.0	0.9572005271911621	0.0		False	True	False	1	100.95720052719116
S1-802731895	S3-995796854		0.0	7.0	0.9561861753463745	0.0		False	True	False	1	100.95618617534637
S1-802731895	S3-150632472		0.0	11.0	0.9506125450134277	0.0		False	True	False	1	100.95061254501343
S1-802731895	S3-288440193		0.0	13.0	0.9462968111038208	0.0		False	True	False	1	100.94629681110382
S1-802731895	S3-610536355		0.0	15.0	0.9434453248977661	0.0		False	True	False	1	100.94344532489777
S1-802731895	S3-768772995		0.0	16.0	0.9434148073196411	0.0		False	True	False	1	100.94341480731964
S1-802731895	S3-265204232		0.0	19.0	0.9406073093414307	0.0		False	True	False	1	100.94060730934143
S1-802731895	S3-760959067		0.0	22.0	0.9390832781791687	0.0		False	True	False	1	100.93908327817917
S1-802731895	S3-573605691		0.0	23.0	0.9390760660171509	0.0		False	True	False	1	100.93907606601715
S1-802731895	S3-127741306		0.0	24.0	0.9386988282203674	0.0		False	True	False	1	100.93869882822037
S1-802731895	S3-937140604		0.0	25.0	0.9386606812477112	0.0		False	True	False	1	100.93866068124771
S1-802731895	S3-389830698		0.0	26.0	0.9378191828727722	0.0		False	True	False	1	100.93781918287277
S1-802731895	S3-184174096		0.0	27.0	0.9375205039978027	0.0		False	True	False	1	100.9375205039978
S1-802731895	S3-361863410		0.0	30.0	0.9337941408157349	0.0		False	True	False	1	100.93379414081573
S1-39733947	S2-412565852	1.0	0.501084566116333	21.0	0.9533668160438538	0.0		True	True	False	2	201.4544513821602
S1-39733947	S2-375151053	2.0	0.48243477940559387	4.0	0.969088613986969	0.0		True	True	False	2	201.45152339339256
S1-39733947	S2-559669701	3.0	0.4753548502922058	3.0	0.9702059030532837	0.0		True	True	False	2	201.4455607533455
S1-39733947	S2-560710588	4.0	0.46679943799972534		0.0	0.0		True	False	False	1	100.46679943799973
S1-39733947	S2-434748052	5.0	0.45075979828834534		0.0	0.0		True	False	False	1	100.45075979828835
S1-39733947	S2-193013091	6.0	0.4428282380104065	23.0	0.9524987936019897	0.0		True	True	False	2	201.3953270316124
S1-39733947	S2-583840796	7.0	0.4341686964035034	26.0	0.9501527547836304	0.0		True	True	False	2	201.38432145118713
S1-39733947	S2-84473557	8.0	0.434073805809021	20.0	0.9542924165725708	0.0		True	True	False	2	201.3883662223816
S1-39733947	S2-37424835	9.0	0.42739373445510864	8.0	0.9654756784439087	0.0		True	True	False	2	201.39286941289902
S1-39733947	S2-119647643	10.0	0.4177645742893219	19.0	0.9549365043640137	0.0		True	True	False	2	201.37270107865334
S1-39733947	S2-715460557	11.0	0.4101967215538025	17.0	0.9555161595344543	0.0		True	True	False	2	201.36571288108826
S1-39733947	S2-449438476	12.0	0.4083609879016876	15.0	0.9570131301879883	0.0		True	True	False	2	201.36537411808968
S1-39733947	S2-210791875	13.0	0.4072198271751404		0.0	0.0		True	False	False	1	100.40721982717514
S1-39733947	S2-578484139	14.0	0.4048371911048889		0.0	0.0		True	False	False	1	100.40483719110489
S1-39733947	S2-77137709	15.0	0.403312087059021		0.0	0.0		True	False	False	1	100.40331208705902
S1-39733947	S2-416136682	16.0	0.4000667929649353	30.0	0.9424859285354614	0.0		True	True	False	2	201.3425527215004
S1-39733947	S2-485885002	17.0	0.39982813596725464		0.0	0.0		True	False	False	1	100.39982813596725
S1-39733947	S2-292567038	18.0	0.39586159586906433		0.0	0.0		True	False	False	1	100.39586159586906
S1-39733947	S2-956479781	19.0	0.3951719403266907		0.0	0.0		True	False	False	1	100.39517194032669
S1-39733947	S2-784442772	20.0	0.3941847085952759	29.0	0.942840039730072	0.0		True	True	False	2	201.33702474832535
S1-39733947	S2-89663826	21.0	0.38778865337371826	16.0	0.9567520022392273	0.0		True	True	False	2	201.34454065561295
S1-39733947	S2-913930320	22.0	0.37910813093185425		0.0	0.0		True	False	False	1	100.37910813093185
S1-39733947	S2-729157829	23.0	0.3733721971511841	7.0	0.9654942750930786	0.0		True	True	False	2	201.33886647224426
S1-39733947	S2-495604525	24.0	0.3731197118759155	5.0	0.9671984314918518	0.0		True	True	False	2	201.34031814336777
S1-39733947	S2-786671109	25.0	0.36786699295043945		0.0	0.0		True	False	False	1	100.36786699295044
S1-39733947	S2-742077842	26.0	0.36762818694114685		0.0	0.0		True	False	False	1	100.36762818694115
S1-39733947	S2-222871632	27.0	0.3628847897052765	1.0	0.9815839529037476	0.0		True	True	False	2	201.34446874260902
S1-39733947	S2-229677112	28.0	0.36239248514175415		0.0	0.0		True	False	False	1	100.36239248514175
S1-39733947	S2-317480348	29.0	0.36208251118659973		0.0	0.0		True	False	False	1	100.3620825111866
S1-39733947	S2-550697952	30.0	0.3509959578514099		0.0	0.0		True	False	False	1	100.35099595785141
S1-39733947	S3-573605691	1.0	0.470342218875885	25.0	0.9366722702980042	0.0		True	True	False	2	201.4070144891739
S1-39733947	S3-521783865	2.0	0.468945175409317	19.0	0.9445180892944336	0.0		True	True	False	2	201.41346326470375
S1-39733947	S3-265204232	3.0	0.4613691568374634	20.0	0.9440982341766357	0.0		True	True	False	2	201.4054673910141
S1-39733947	S3-367901084	4.0	0.45242151618003845	6.0	0.9641085267066956	0.0		True	True	False	2	201.41653004288673
S1-39733947	S3-768772995	5.0	0.4238521456718445	18.0	0.9445943832397461	0.0		True	True	False	2	201.3684465289116
S1-39733947	S3-185659081	6.0	0.4216182827949524	5.0	0.9645614624023438	0.0		True	True	False	2	201.3861797451973
S1-39733947	S3-604980231	7.0	0.41587555408477783		0.0	0.0		True	False	False	1	100.41587555408478
S1-39733947	S3-227725397	8.0	0.40668800473213196	7.0	0.9640305638313293	0.0		True	True	False	2	201.37071856856346
S1-39733947	S3-995796854	9.0	0.4051745533943176	11.0	0.9603269100189209	0.0		True	True	False	2	201.36550146341324
S1-39733947	S3-289567021	10.0	0.39818403124809265	1.0	0.9719090461730957	0.0		True	True	False	2	201.3700930774212
S1-39733947	S3-191842349	11.0	0.39339351654052734		0.0	0.0		True	False	False	1	100.39339351654053
S1-39733947	S3-184174096	12.0	0.392225056886673	17.0	0.9512497782707214	0.0		True	True	False	2	201.3434748351574
S1-39733947	S3-819001322	13.0	0.382127583026886		0.0	0.0		True	False	False	1	100.38212758302689
S1-39733947	S3-695502221	14.0	0.37456125020980835		0.0	0.0		True	False	False	1	100.37456125020981
S1-39733947	S3-464265492	15.0	0.37344419956207275		0.0	0.0		True	False	False	1	100.37344419956207
S1-39733947	S3-611681699	16.0	0.3695710003376007		0.0	0.0		True	False	False	1	100.3695710003376
S1-39733947	S3-10300249	17.0	0.36817771196365356		0.0	0.0		True	False	False	1	100.36817771196365
S1-39733947	S3-389830698	18.0	0.3660385310649872	24.0	0.94254469871521	0.0		True	True	False	2	201.3085832297802
S1-39733947	S3-289697426	19.0	0.3643791675567627		0.0	0.0		True	False	False	1	100.36437916755676
S1-39733947	S3-482581656	20.0	0.3643612563610077		0.0	0.0		True	False	False	1	100.36436125636101
S1-39733947	S3-577972146	21.0	0.364159494638443	27.0	0.930527925491333	0.0		True	True	False	2	201.29468742012978
S1-39733947	S3-668629842	22.0	0.35920777916908264	2.0	0.9715940952301025	0.0		True	True	False	2	201.33080187439919
S1-39733947	S3-115653125	23.0	0.35586637258529663		0.0	0.0		True	False	False	1	100.3558663725853
S1-39733947	S3-536202929	24.0	0.34800636768341064		0.0	0.0		True	False	False	1	100.34800636768341
S1-39733947	S3-159233685	25.0	0.34545835852622986		0.0	0.0		True	False	False	1	100.34545835852623
S1-39733947	S3-436480804	26.0	0.3454571068286896		0.0	0.0		True	False	False	1	100.34545710682869
S1-39733947	S3-127741306	27.0	0.3447346091270447		0.0	0.0		True	False	False	1	100.34473460912704
S1-39733947	S3-416247723	28.0	0.3439764380455017	8.0	0.9627124667167664	0.0		True	True	False	2	201.30668890476227
S1-39733947	S3-361863410	29.0	0.3409581780433655		0.0	0.0		True	False	False	1	100.34095817804337
S1-39733947	S3-468731115	30.0	0.33872389793395996	26.0	0.9360787272453308	0.0		True	True	False	2	201.2748026251793
S1-39733947	S2-809665812		0.0	2.0	0.9784024357795715	0.0		False	True	False	1	100.97840243577957
S1-39733947	S2-823489243		0.0	6.0	0.9658503532409668	0.0		False	True	False	1	100.96585035324097
S1-39733947	S2-378846408		0.0	9.0	0.9626444578170776	0.0		False	True	False	1	100.96264445781708
S1-39733947	S2-744098365		0.0	10.0	0.9618219137191772	0.0		False	True	False	1	100.96182191371918
S1-39733947	S2-476476786		0.0	11.0	0.9606968760490417	0.0		False	True	False	1	100.96069687604904
S1-39733947	S2-884102769		0.0	12.0	0.9598259925842285	0.0		False	True	False	1	100.95982599258423
S1-39733947	S2-340420883		0.0	13.0	0.9592791199684143	0.0		False	True	False	1	100.95927911996841
S1-39733947	S2-400190057		0.0	14.0	0.9570388197898865	0.0		False	True	False	1	100.95703881978989
S1-39733947	S2-440948455		0.0	18.0	0.9549644589424133	0.0		False	True	False	1	100.95496445894241
S1-39733947	S2-917258438		0.0	22.0	0.9525728225708008	0.0		False	True	False	1	100.9525728225708
S1-39733947	S2-258890831		0.0	24.0	0.9523277282714844	0.0		False	True	False	1	100.95232772827148
S1-39733947	S2-268861424		0.0	25.0	0.9520941972732544	0.0		False	True	False	1	100.95209419727325
S1-39733947	S2-481572644		0.0	27.0	0.9483694434165955	0.0		False	True	False	1	100.9483694434166
S1-39733947	S2-726058757		0.0	28.0	0.9441965818405151	0.0		False	True	False	1	100.94419658184052
S1-39733947	S3-760959067		0.0	3.0	0.9647504091262817	0.0		False	True	False	1	100.96475040912628
S1-39733947	S3-469272577		0.0	4.0	0.9646845459938049	0.0		False	True	False	1	100.9646845459938
S1-39733947	S3-221443476		0.0	9.0	0.962598443031311	0.0		False	True	False	1	100.96259844303131
S1-39733947	S3-75604340		0.0	10.0	0.9622696042060852	0.0		False	True	False	1	100.96226960420609
S1-39733947	S3-380741339		0.0	12.0	0.9587186574935913	0.0		False	True	False	1	100.95871865749359
S1-39733947	S3-150632472		0.0	13.0	0.9580868482589722	0.0		False	True	False	1	100.95808684825897
S1-39733947	S3-22088661		0.0	14.0	0.9557887315750122	0.0		False	True	False	1	100.95578873157501
S1-39733947	S3-374810425		0.0	15.0	0.9523787498474121	0.0		False	True	False	1	100.95237874984741
S1-39733947	S3-610536355		0.0	16.0	0.951602041721344	0.0		False	True	False	1	100.95160204172134
S1-39733947	S3-652287374		0.0	21.0	0.9435567259788513	0.0		False	True	False	1	100.94355672597885
S1-39733947	S3-340374288		0.0	22.0	0.9433261752128601	0.0		False	True	False	1	100.94332617521286
S1-39733947	S3-797337828		0.0	23.0	0.9425694346427917	0.0		False	True	False	1	100.94256943464279
S1-39733947	S3-715117209		0.0	28.0	0.9292086362838745	0.0		False	True	False	1	100.92920863628387
S1-39733947	S3-556228627		0.0	29.0	0.9283690452575684	0.0		False	True	False	1	100.92836904525757
S1-39733947	S3-797381132		0.0	30.0	0.9278749227523804	0.0		False	True	False	1	100.92787492275238
S1-807424751	S2-905827553	1.0	0.655695915222168		0.0	0.0		True	False	False	1	100.65569591522217
S1-807424751	S2-485885002	2.0	0.6246852874755859		0.0	0.0		True	False	False	1	100.62468528747559
S1-807424751	S2-537184954	3.0	0.6122828125953674		0.0	0.0		True	False	False	1	100.61228281259537
S1-807424751	S2-785042722	4.0	0.6005887985229492		0.0	0.0		True	False	False	1	100.60058879852295
S1-807424751	S2-658886344	5.0	0.5873026847839355	2.0	0.9251124858856201	0.0		True	True	False	2	201.51241517066956
S1-807424751	S2-956479781	6.0	0.5822988152503967	17.0	0.9053182005882263	0.0		True	True	False	2	201.48761701583862
S1-807424751	S2-934716922	7.0	0.5458930134773254		0.0	0.0		True	False	False	1	100.54589301347733
S1-807424751	S2-434748052	8.0	0.5430234670639038		0.0	0.0		True	False	False	1	100.5430234670639
S1-807424751	S2-229677112	9.0	0.5421780347824097		0.0	0.0		True	False	False	1	100.54217803478241
S1-807424751	S2-304177076	10.0	0.5307973623275757		0.0	0.0		True	False	False	1	100.53079736232758
S1-807424751	S2-591078525	11.0	0.5227612257003784		0.0	0.0		True	False	False	1	100.52276122570038
S1-807424751	S2-292567038	12.0	0.5217208862304688		0.0	0.0		True	False	False	1	100.52172088623047
S1-807424751	S2-875724478	13.0	0.519993245601654		0.0	0.0		True	False	False	1	100.51999324560165
S1-807424751	S2-767997013	14.0	0.5198724865913391		0.0	0.0		True	False	False	1	100.51987248659134
S1-807424751	S2-4583532	15.0	0.5121090412139893		0.0	0.0		True	False	False	1	100.51210904121399
S1-807424751	S2-600460285	16.0	0.5120328068733215		0.0	0.0		True	False	False	1	100.51203280687332
S1-807424751	S2-578788567	17.0	0.5068001747131348		0.0	0.0		True	False	False	1	100.50680017471313
S1-807424751	S2-530685908	18.0	0.5017502307891846		0.0	0.0		True	False	False	1	100.50175023078918
S1-807424751	S2-576201028	19.0	0.5013771057128906	25.0	0.8993372917175293	0.0		True	True	False	2	201.40071439743042
S1-807424751	S2-550697952	20.0	0.4987587332725525		0.0	0.0		True	False	False	1	100.49875873327255
S1-807424751	S2-192345572	21.0	0.4980577826499939		0.0	0.0		True	False	False	1	100.49805778265
S1-807424751	S2-495461061	22.0	0.4958021342754364		0.0	0.0		True	False	False	1	100.49580213427544
S1-807424751	S2-999853272	23.0	0.49388301372528076		0.0	0.0		True	False	False	1	100.49388301372528
S1-807424751	S2-742077842	24.0	0.4911932945251465		0.0	0.0		True	False	False	1	100.49119329452515
S1-807424751	S2-913930320	25.0	0.48691242933273315		0.0	0.0		True	False	False	1	100.48691242933273
S1-807424751	S2-786671109	26.0	0.4861450791358948		0.0	0.0		True	False	False	1	100.4861450791359
S1-807424751	S2-910351373	27.0	0.4805780351161957	28.0	0.8972774744033813	0.0		True	True	False	2	201.37785550951958
S1-807424751	S2-809665812	28.0	0.476019024848938		0.0	0.0		True	False	False	1	100.47601902484894
S1-807424751	S2-210791875	29.0	0.4723965525627136	19.0	0.9036999940872192	0.0		True	True	False	2	201.37609654664993
S1-807424751	S2-317480348	30.0	0.4710652530193329		0.0	0.0		True	False	False	1	100.47106525301933
S1-807424751	S3-895598264	1.0	0.5777668952941895	7.0	0.9205649495124817	0.0		True	True	False	2	201.49833184480667
S1-807424751	S3-170975522	2.0	0.5709643363952637	20.0	0.9008001089096069	0.0		True	True	False	2	201.47176444530487
S1-807424751	S3-517069981	3.0	0.5564154386520386	11.0	0.913356602191925	0.0		True	True	False	2	201.46977204084396
S1-807424751	S3-536202929	4.0	0.5559108257293701		0.0	0.0		True	False	False	1	100.55591082572937
S1-807424751	S3-960416326	5.0	0.5532410144805908		0.0	0.0		True	False	False	1	100.55324101448059
S1-807424751	S3-662721327	6.0	0.5463941097259521		0.0	0.0		True	False	False	1	100.54639410972595
S1-807424751	S3-819001322	7.0	0.5423531532287598		0.0	0.0		True	False	False	1	100.54235315322876
S1-807424751	S3-18976400	8.0	0.5373908281326294		0.0	0.0		True	False	False	1	100.53739082813263
S1-807424751	S3-264170444	9.0	0.5353605151176453		0.0	0.0		True	False	False	1	100.53536051511765
S1-807424751	S3-825495383	10.0	0.5335521697998047		0.0	0.0		True	False	False	1	100.5335521697998
S1-807424751	S3-877919199	11.0	0.5325431227684021	29.0	0.8917951583862305	0.0		True	True	False	2	201.42433828115463
S1-807424751	S3-560657213	12.0	0.53057461977005		0.0	0.0		True	False	False	1	100.53057461977005
S1-807424751	S3-289697426	13.0	0.528995156288147		0.0	0.0		True	False	False	1	100.52899515628815
S1-807424751	S3-219041197	14.0	0.5228160619735718		0.0	0.0		True	False	False	1	100.52281606197357
S1-807424751	S3-688194826	15.0	0.5224151611328125		0.0	0.0		True	False	False	1	100.52241516113281
S1-807424751	S3-652287374	16.0	0.5202484130859375		0.0	0.0		True	False	False	1	100.52024841308594
S1-807424751	S3-288440193	17.0	0.5186578631401062		0.0	0.0		True	False	False	1	100.5186578631401
S1-807424751	S3-580736465	18.0	0.5161109566688538		0.0	0.0		True	False	False	1	100.51611095666885
S1-807424751	S3-125349995	19.0	0.5150002241134644		0.0	0.0		True	False	False	1	100.51500022411346
S1-807424751	S3-250324284	20.0	0.514765739440918		0.0	0.0		True	False	False	1	100.51476573944092
S1-807424751	S3-159233685	21.0	0.5136289596557617		0.0	0.0		True	False	False	1	100.51362895965576
S1-807424751	S3-361863410	22.0	0.508524477481842		0.0	0.0		True	False	False	1	100.50852447748184
S1-807424751	S3-10300249	23.0	0.5070613622665405		0.0	0.0		True	False	False	1	100.50706136226654
S1-807424751	S3-218566871	24.0	0.5021336078643799		0.0	0.0		True	False	False	1	100.50213360786438
S1-807424751	S3-436480804	25.0	0.5007877349853516		0.0	0.0		True	False	False	1	100.50078773498535
S1-807424751	S3-811459169	26.0	0.4976380169391632		0.0	0.0		True	False	False	1	100.49763801693916
S1-807424751	S3-162993152	27.0	0.49581876397132874		0.0	0.0		True	False	False	1	100.49581876397133
S1-807424751	S3-173398261	28.0	0.49278777837753296	23.0	0.8971996307373047	0.0		True	True	False	2	201.38998740911484
S1-807424751	S3-961421742	29.0	0.490013986825943		0.0	0.0		True	False	False	1	100.49001398682594
S1-807424751	S3-577972146	30.0	0.48961323499679565		0.0	0.0		True	False	False	1	100.4896132349968
S1-807424751	S2-378851466		0.0	1.0	0.9371051788330078	0.0		False	True	False	1	100.93710517883301
S1-807424751	S2-654270940		0.0	3.0	0.9250689744949341	0.0		False	True	False	1	100.92506897449493
S1-807424751	S2-340420883		0.0	4.0	0.9249494671821594	0.0		False	True	False	1	100.92494946718216
S1-807424751	S2-440948455		0.0	5.0	0.9195955991744995	0.0		False	True	False	1	100.9195955991745
S1-807424751	S2-222871632		0.0	6.0	0.916394054889679	0.0		False	True	False	1	100.91639405488968
S1-807424751	S2-634571997		0.0	7.0	0.9158982038497925	0.0		False	True	False	1	100.91589820384979
S1-807424751	S2-495604525		0.0	8.0	0.9149913191795349	0.0		False	True	False	1	100.91499131917953
S1-807424751	S2-784442772		0.0	9.0	0.9139017462730408	0.0		False	True	False	1	100.91390174627304
S1-807424751	S2-375151053		0.0	10.0	0.9133226871490479	0.0		False	True	False	1	100.91332268714905
S1-807424751	S2-729157829		0.0	11.0	0.9131579399108887	0.0		False	True	False	1	100.91315793991089
S1-807424751	S2-37424835		0.0	12.0	0.9122110605239868	0.0		False	True	False	1	100.91221106052399
S1-807424751	S2-476476786		0.0	13.0	0.9079497456550598	0.0		False	True	False	1	100.90794974565506
S1-807424751	S2-938316135		0.0	14.0	0.9068814516067505	0.0		False	True	False	1	100.90688145160675
S1-807424751	S2-89663826		0.0	15.0	0.9068542122840881	0.0		False	True	False	1	100.90685421228409
S1-807424751	S2-744098365		0.0	16.0	0.9053569436073303	0.0		False	True	False	1	100.90535694360733
S1-807424751	S2-449438476		0.0	18.0	0.9037251472473145	0.0		False	True	False	1	100.90372514724731
S1-807424751	S2-884102769		0.0	20.0	0.9030663371086121	0.0		False	True	False	1	100.90306633710861
S1-807424751	S2-223826524		0.0	21.0	0.902312695980072	0.0		False	True	False	1	100.90231269598007
S1-807424751	S2-84473557		0.0	22.0	0.9016538858413696	0.0		False	True	False	1	100.90165388584137
S1-807424751	S2-933724724		0.0	23.0	0.8997390270233154	0.0		False	True	False	1	100.89973902702332
S1-807424751	S2-715460557		0.0	24.0	0.8995975852012634	0.0		False	True	False	1	100.89959758520126
S1-807424751	S2-481572644		0.0	26.0	0.8987059593200684	0.0		False	True	False	1	100.89870595932007
S1-807424751	S2-504393659		0.0	27.0	0.8974008560180664	0.0		False	True	False	1	100.89740085601807
S1-807424751	S2-412565852		0.0	29.0	0.8970435857772827	0.0		False	True	False	1	100.89704358577728
S1-807424751	S2-119647643		0.0	30.0	0.896492600440979	0.0		False	True	False	1	100.89649260044098
S1-807424751	S3-86143878		0.0	1.0	0.9679735898971558	0.0		False	True	False	1	100.96797358989716
S1-807424751	S3-369430171		0.0	2.0	0.9555810689926147	0.0		False	True	False	1	100.95558106899261
S1-807424751	S3-760959067		0.0	3.0	0.927006721496582	0.0		False	True	False	1	100.92700672149658
S1-807424751	S3-483958914		0.0	4.0	0.9261476993560791	0.0		False	True	False	1	100.92614769935608
S1-807424751	S3-374810425		0.0	5.0	0.925642728805542	0.0		False	True	False	1	100.92564272880554
S1-807424751	S3-185659081		0.0	6.0	0.9211717844009399	0.0		False	True	False	1	100.92117178440094
S1-807424751	S3-227725397		0.0	8.0	0.9204752445220947	0.0		False	True	False	1	100.9204752445221
S1-807424751	S3-150632472		0.0	9.0	0.9202898144721985	0.0		False	True	False	1	100.9202898144722
S1-807424751	S3-468731115		0.0	10.0	0.9138982892036438	0.0		False	True	False	1	100.91389828920364
S1-807424751	S3-573605691		0.0	12.0	0.9123583436012268	0.0		False	True	False	1	100.91235834360123
S1-807424751	S3-75604340		0.0	13.0	0.9107102155685425	0.0		False	True	False	1	100.91071021556854
S1-807424751	S3-610536355		0.0	14.0	0.908280611038208	0.0		False	True	False	1	100.90828061103821
S1-807424751	S3-221443476		0.0	15.0	0.9068582653999329	0.0		False	True	False	1	100.90685826539993
S1-807424751	S3-469272577		0.0	16.0	0.9056911468505859	0.0		False	True	False	1	100.90569114685059
S1-807424751	S3-934627663		0.0	17.0	0.9042472839355469	0.0		False	True	False	1	100.90424728393555
S1-807424751	S3-289567021		0.0	18.0	0.9039306640625	0.0		False	True	False	1	100.9039306640625
S1-807424751	S3-995796854		0.0	19.0	0.9037771821022034	0.0		False	True	False	1	100.9037771821022
S1-807424751	S3-184174096		0.0	21.0	0.8997981548309326	0.0		False	True	False	1	100.89979815483093
S1-807424751	S3-556228627		0.0	22.0	0.8978724479675293	0.0		False	True	False	1	100.89787244796753
S1-807424751	S3-668629842		0.0	24.0	0.897153377532959	0.0		False	True	False	1	100.89715337753296
S1-807424751	S3-768772995		0.0	25.0	0.897129476070404	0.0		False	True	False	1	100.8971294760704
S1-807424751	S3-367901084		0.0	26.0	0.8970877528190613	0.0		False	True	False	1	100.89708775281906
S1-807424751	S3-521783865		0.0	27.0	0.8949524164199829	0.0		False	True	False	1	100.89495241641998
S1-807424751	S3-340374288		0.0	28.0	0.89189213514328	0.0		False	True	False	1	100.89189213514328
S1-807424751	S3-416247723		0.0	30.0	0.8915402889251709	0.0		False	True	False	1	100.89154028892517
S1-269499779	S2-530685908	1.0	0.6285749673843384	1.0	0.9762223958969116	0.0		True	True	False	2	201.60479736328125
S1-269499779	S2-875724478	2.0	0.5922219157218933		0.0	0.0		True	False	False	1	100.5922219157219
S1-269499779	S2-578788567	3.0	0.5721457004547119		0.0	0.0		True	False	False	1	100.57214570045471
S1-269499779	S2-785042722	4.0	0.5579891800880432	2.0	0.9715172052383423	0.0		True	True	False	2	201.52950638532639
S1-269499779	S2-166809876	5.0	0.5564560294151306		0.0	0.0		True	False	False	1	100.55645602941513
S1-269499779	S2-779040268	6.0	0.5559006333351135		0.0	0.0		True	False	False	1	100.55590063333511
S1-269499779	S2-485885002	7.0	0.5480761528015137		0.0	0.0		True	False	False	1	100.54807615280151
S1-269499779	S2-787861634	8.0	0.5386714339256287		0.0	0.0		True	False	False	1	100.53867143392563
S1-269499779	S2-634571997	9.0	0.5324695706367493		0.0	0.0		True	False	False	1	100.53246957063675
S1-269499779	S2-913930320	10.0	0.5314091444015503	23.0	0.944972038269043	0.0		True	True	False	2	201.4763811826706
S1-269499779	S2-292567038	11.0	0.5233404636383057		0.0	0.0		True	False	False	1	100.5233404636383
S1-269499779	S2-591078525	12.0	0.5201314687728882		0.0	0.0		True	False	False	1	100.52013146877289
S1-269499779	S2-357438552	13.0	0.5173487663269043		0.0	0.0		True	False	False	1	100.5173487663269
S1-269499779	S2-786671109	14.0	0.5151845812797546	26.0	0.9443284869194031	0.0		True	True	False	2	201.45951306819916
S1-269499779	S2-600460285	15.0	0.5116602182388306		0.0	0.0		True	False	False	1	100.51166021823883
S1-269499779	S2-910351373	16.0	0.5109835267066956	12.0	0.9534378051757812	0.0		True	True	False	2	201.46442133188248
S1-269499779	S2-784442772	17.0	0.5048983097076416	7.0	0.9596392512321472	0.0		True	True	False	2	201.4645375609398
S1-269499779	S2-891600450	18.0	0.5019611120223999		0.0	0.0		True	False	False	1	100.5019611120224
S1-269499779	S2-999853272	19.0	0.4990866184234619		0.0	0.0		True	False	False	1	100.49908661842346
S1-269499779	S2-501534718	20.0	0.4956822395324707		0.0	0.0		True	False	False	1	100.49568223953247
S1-269499779	S2-192345572	21.0	0.4870936870574951	28.0	0.9432810544967651	0.0		True	True	False	2	201.43037474155426
S1-269499779	S2-304177076	22.0	0.47622373700141907		0.0	0.0		True	False	False	1	100.47622373700142
S1-269499779	S2-317480348	23.0	0.47422200441360474		0.0	0.0		True	False	False	1	100.4742220044136
S1-269499779	S2-210791875	24.0	0.47241756319999695	5.0	0.9599837064743042	0.0		True	True	False	2	201.4324012696743
S1-269499779	S2-223826524	25.0	0.4701281487941742	14.0	0.9520979523658752	0.0		True	True	False	2	201.42222610116005
S1-269499779	S2-537184954	26.0	0.46178871393203735		0.0	0.0		True	False	False	1	100.46178871393204
S1-269499779	S2-434748052	27.0	0.460975706577301	18.0	0.9485841393470764	0.0		True	True	False	2	201.40955984592438
S1-269499779	S2-905827553	28.0	0.45860931277275085		0.0	0.0		True	False	False	1	100.45860931277275
S1-269499779	S2-77137709	29.0	0.45768070220947266	11.0	0.9534941911697388	0.0		True	True	False	2	201.4111748933792
S1-269499779	S2-229677112	30.0	0.4460518956184387		0.0	0.0		True	False	False	1	100.44605189561844
S1-269499779	S3-219041197	1.0	0.6225084066390991		0.0	0.0		True	False	False	1	100.6225084066391
S1-269499779	S3-374810425	2.0	0.570771336555481		0.0	0.0		True	False	False	1	100.57077133655548
S1-269499779	S3-276427681	3.0	0.5673505663871765	7.0	0.9618664383888245	0.0		True	True	False	2	201.529217004776
S1-269499779	S3-526709055	4.0	0.5595734119415283	3.0	0.9666932821273804	0.0		True	True	False	2	201.5262666940689
S1-269499779	S3-610536355	5.0	0.5473182201385498	29.0	0.9342131614685059	0.0		True	True	False	2	201.48153138160706
S1-269499779	S3-604980231	6.0	0.5411907434463501		0.0	0.0		True	False	False	1	100.54119074344635
S1-269499779	S3-811459169	7.0	0.5395355820655823		0.0	0.0		True	False	False	1	100.53953558206558
S1-269499779	S3-323904182	8.0	0.5361646413803101		0.0	0.0		True	False	False	1	100.53616464138031
S1-269499779	S3-264170444	9.0	0.5279796123504639		0.0	0.0		True	False	False	1	100.52797961235046
S1-269499779	S3-536202929	10.0	0.526665210723877	8.0	0.961251974105835	0.0		True	True	False	2	201.4879171848297
S1-269499779	S3-462677478	11.0	0.5230412483215332		0.0	0.0		True	False	False	1	100.52304124832153
S1-269499779	S3-115653125	12.0	0.5131388902664185		0.0	0.0		True	False	False	1	100.51313889026642
S1-269499779	S3-127741306	13.0	0.5121158361434937		0.0	0.0		True	False	False	1	100.5121158361435
S1-269499779	S3-877919199	14.0	0.5102263689041138		0.0	0.0		True	False	False	1	100.51022636890411
S1-269499779	S3-867263634	15.0	0.5096890330314636		0.0	0.0		True	False	False	1	100.50968903303146
S1-269499779	S3-125349995	16.0	0.5052269101142883	24.0	0.9385424852371216	0.0		True	True	False	2	201.4437693953514
S1-269499779	S3-895598264	17.0	0.503072202205658	19.0	0.9469493627548218	0.0		True	True	False	2	201.45002156496048
S1-269499779	S3-159233685	18.0	0.5000851154327393		0.0	0.0		True	False	False	1	100.50008511543274
S1-269499779	S3-436480804	19.0	0.49936801195144653	26.0	0.9361667037010193	0.0		True	True	False	2	201.43553471565247
S1-269499779	S3-825495383	20.0	0.4979715645313263		0.0	0.0		True	False	False	1	100.49797156453133
S1-269499779	S3-162993152	21.0	0.4946519732475281		0.0	0.0		True	False	False	1	100.49465197324753
S1-269499779	S3-170975522	22.0	0.49119460582733154	16.0	0.9502624273300171	0.0		True	True	False	2	201.44145703315735
S1-269499779	S3-288440193	23.0	0.4869120419025421	11.0	0.9542491436004639	0.0		True	True	False	2	201.441161185503
S1-269499779	S3-662721327	24.0	0.4840620458126068	2.0	0.9682300686836243	0.0		True	True	False	2	201.45229211449623
S1-269499779	S3-18976400	25.0	0.48298150300979614	21.0	0.9436332583427429	0.0		True	True	False	2	201.42661476135254
S1-269499779	S3-173398261	26.0	0.4824292063713074		0.0	0.0		True	False	False	1	100.48242920637131
S1-269499779	S3-464265492	27.0	0.47227394580841064		0.0	0.0		True	False	False	1	100.47227394580841
S1-269499779	S3-961421742	28.0	0.467262864112854		0.0	0.0		True	False	False	1	100.46726286411285
S1-269499779	S3-580736465	29.0	0.4649737477302551		0.0	0.0		True	False	False	1	100.46497374773026
S1-269499779	S3-695502221	30.0	0.46433550119400024	15.0	0.9503302574157715	0.0		True	True	False	2	201.41466575860977
S1-269499779	S2-592412285		0.0	3.0	0.9714428782463074	0.0		False	True	False	1	100.97144287824631
S1-269499779	S2-594115095		0.0	4.0	0.9685930013656616	0.0		False	True	False	1	100.96859300136566
S1-269499779	S2-550697952		0.0	6.0	0.9599557518959045	0.0		False	True	False	1	100.9599557518959
S1-269499779	S2-583840796		0.0	8.0	0.9587376117706299	0.0		False	True	False	1	100.95873761177063
S1-269499779	S2-647447093		0.0	9.0	0.9580398797988892	0.0		False	True	False	1	100.95803987979889
S1-269499779	S2-158121477		0.0	10.0	0.9550215601921082	0.0		False	True	False	1	100.95502156019211
S1-269499779	S2-715460557		0.0	13.0	0.952563464641571	0.0		False	True	False	1	100.95256346464157
S1-269499779	S2-767997013		0.0	15.0	0.9501556158065796	0.0		False	True	False	1	100.95015561580658
S1-269499779	S2-575142052		0.0	16.0	0.9495862722396851	0.0		False	True	False	1	100.94958627223969
S1-269499779	S2-305637735		0.0	17.0	0.9494301080703735	0.0		False	True	False	1	100.94943010807037
S1-269499779	S2-262646344		0.0	19.0	0.9482946395874023	0.0		False	True	False	1	100.9482946395874
S1-269499779	S2-744098365		0.0	20.0	0.9480540752410889	0.0		False	True	False	1	100.94805407524109
S1-269499779	S2-258890831		0.0	21.0	0.9473552703857422	0.0		False	True	False	1	100.94735527038574
S1-269499779	S2-809665812		0.0	22.0	0.9452974200248718	0.0		False	True	False	1	100.94529742002487
S1-269499779	S2-193013091		0.0	24.0	0.9448587894439697	0.0		False	True	False	1	100.94485878944397
S1-269499779	S2-742018880		0.0	25.0	0.9448484182357788	0.0		False	True	False	1	100.94484841823578
S1-269499779	S2-638268338		0.0	27.0	0.9441564679145813	0.0		False	True	False	1	100.94415646791458
S1-269499779	S2-412565852		0.0	29.0	0.9431477785110474	0.0		False	True	False	1	100.94314777851105
S1-269499779	S2-576201028		0.0	30.0	0.9424676895141602	0.0		False	True	False	1	100.94246768951416
S1-269499779	S3-98186645		0.0	1.0	0.9712283611297607	0.0		False	True	False	1	100.97122836112976
S1-269499779	S3-482581656		0.0	4.0	0.964921772480011	0.0		False	True	False	1	100.96492177248001
S1-269499779	S3-819001322		0.0	5.0	0.9631450772285461	0.0		False	True	False	1	100.96314507722855
S1-269499779	S3-577972146		0.0	6.0	0.9624557495117188	0.0		False	True	False	1	100.96245574951172
S1-269499779	S3-797381132		0.0	9.0	0.9593462944030762	0.0		False	True	False	1	100.95934629440308
S1-269499779	S3-218566871		0.0	10.0	0.9577722549438477	0.0		False	True	False	1	100.95777225494385
S1-269499779	S3-219844340		0.0	12.0	0.9539295434951782	0.0		False	True	False	1	100.95392954349518
S1-269499779	S3-960416326		0.0	13.0	0.9532700181007385	0.0		False	True	False	1	100.95327001810074
S1-269499779	S3-971111671		0.0	14.0	0.952798068523407	0.0		False	True	False	1	100.9527980685234
S1-269499779	S3-652287374		0.0	17.0	0.949418306350708	0.0		False	True	False	1	100.94941830635071
S1-269499779	S3-305215419		0.0	18.0	0.9485402703285217	0.0		False	True	False	1	100.94854027032852
S1-269499779	S3-389830698		0.0	20.0	0.9440134763717651	0.0		False	True	False	1	100.94401347637177
S1-269499779	S3-688194826		0.0	22.0	0.9413763284683228	0.0		False	True	False	1	100.94137632846832
S1-269499779	S3-92755938		0.0	23.0	0.9397227764129639	0.0		False	True	False	1	100.93972277641296
S1-269499779	S3-768772995		0.0	25.0	0.9383441805839539	0.0		False	True	False	1	100.93834418058395
S1-269499779	S3-715117209		0.0	27.0	0.9355008006095886	0.0		False	True	False	1	100.93550080060959
S1-269499779	S3-760959067		0.0	28.0	0.9351851940155029	0.0		False	True	False	1	100.9351851940155
S1-269499779	S3-712130770		0.0	30.0	0.9340189695358276	0.0		False	True	False	1	100.93401896953583
S1-574528784	S2-449438476	1.0	0.4944727420806885	19.0	0.9181208610534668	0.0		True	True	False	2	201.41259360313416
S1-574528784	S2-560710588	2.0	0.43962883949279785	25.0	0.911614179611206	0.0		True	True	False	2	201.351243019104
S1-574528784	S2-193013091	3.0	0.4384406805038452		0.0	0.0		True	False	False	1	100.43844068050385
S1-574528784	S2-463756409	4.0	0.4368371367454529		0.0	0.0		True	False	False	1	100.43683713674545
S1-574528784	S2-504393659	5.0	0.4203546345233917		0.0	0.0		True	False	False	1	100.42035463452339
S1-574528784	S2-378846408	6.0	0.4070897102355957	30.0	0.9031314849853516	0.0		True	True	False	2	201.31022119522095
S1-574528784	S2-744098365	7.0	0.4002172350883484	18.0	0.9189931750297546	0.0		True	True	False	2	201.3192104101181
S1-574528784	S2-701289183	8.0	0.39751720428466797		0.0	0.0		True	False	False	1	100.39751720428467
S1-574528784	S2-416136682	9.0	0.39558613300323486	14.0	0.9229335188865662	0.0		True	True	False	2	201.3185196518898
S1-574528784	S2-84473557	10.0	0.38471299409866333		0.0	0.0		True	False	False	1	100.38471299409866
S1-574528784	S2-258890831	11.0	0.38144451379776		0.0	0.0		True	False	False	1	100.38144451379776
S1-574528784	S2-412565852	12.0	0.380807101726532		0.0	0.0		True	False	False	1	100.38080710172653
S1-574528784	S2-537184954	13.0	0.372830331325531		0.0	0.0		True	False	False	1	100.37283033132553
S1-574528784	S2-119647643	14.0	0.36557886004447937	16.0	0.9204204678535461	0.0		True	True	False	2	201.28599932789803
S1-574528784	S2-375151053	15.0	0.35695308446884155	8.0	0.9361836910247803	0.0		True	True	False	2	201.29313677549362
S1-574528784	S2-378851466	16.0	0.35477572679519653	26.0	0.9096231460571289	0.0		True	True	False	2	201.26439887285233
S1-574528784	S2-884102769	17.0	0.3515557050704956	6.0	0.9426757097244263	0.0		True	True	False	2	201.29423141479492
S1-574528784	S2-956479781	18.0	0.35148000717163086		0.0	0.0		True	False	False	1	100.35148000717163
S1-574528784	S2-485885002	19.0	0.34625351428985596		0.0	0.0		True	False	False	1	100.34625351428986
S1-574528784	S2-726058757	20.0	0.3430684208869934	20.0	0.9180779457092285	0.0		True	True	False	2	201.26114636659622
S1-574528784	S2-823489243	21.0	0.3423007130622864	17.0	0.9192501306533813	0.0		True	True	False	2	201.26155084371567
S1-574528784	S2-37424835	22.0	0.3384566903114319	9.0	0.9336798191070557	0.0		True	True	False	2	201.2721365094185
S1-574528784	S2-729157829	23.0	0.33622172474861145	3.0	0.9519245624542236	0.0		True	True	False	2	201.28814628720284
S1-574528784	S2-434748052	24.0	0.33359694480895996		0.0	0.0		True	False	False	1	100.33359694480896
S1-574528784	S2-268861424	25.0	0.32921552658081055		0.0	0.0		True	False	False	1	100.32921552658081
S1-574528784	S2-583840796	26.0	0.3273836374282837	23.0	0.9123508930206299	0.0		True	True	False	2	201.2397345304489
S1-574528784	S2-938316135	27.0	0.3243652880191803	29.0	0.9051706194877625	0.0		True	True	False	2	201.22953590750694
S1-574528784	S2-340420883	28.0	0.32215893268585205	2.0	0.9538546204566956	0.0		True	True	False	2	201.27601355314255
S1-574528784	S2-476476786	29.0	0.32181376218795776	1.0	0.9575299024581909	0.0		True	True	False	2	201.27934366464615
S1-574528784	S2-550697952	30.0	0.32039910554885864		0.0	0.0		True	False	False	1	100.32039910554886
S1-574528784	S3-937140604	1.0	0.5054930448532104		0.0	0.0		True	False	False	1	100.50549304485321
S1-574528784	S3-150632472	2.0	0.38712552189826965	14.0	0.921782910823822	0.0		True	True	False	2	201.3089084327221
S1-574528784	S3-469272577	3.0	0.37585413455963135	1.0	0.960010826587677	0.0		True	True	False	2	201.3358649611473
S1-574528784	S3-75604340	4.0	0.3751662075519562	7.0	0.9372395873069763	0.0		True	True	False	2	201.31240579485893
S1-574528784	S3-184174096	5.0	0.3712628483772278	16.0	0.9188524484634399	0.0		True	True	False	2	201.29011529684067
S1-574528784	S3-877919199	6.0	0.36393630504608154		0.0	0.0		True	False	False	1	100.36393630504608
S1-574528784	S3-389830698	7.0	0.36267298460006714		0.0	0.0		True	False	False	1	100.36267298460007
S1-574528784	S3-22088661	8.0	0.3602127432823181	11.0	0.9237654805183411	0.0		True	True	False	2	201.28397822380066
S1-574528784	S3-797337828	9.0	0.3596082925796509	2.0	0.9548456072807312	0.0		True	True	False	2	201.31445389986038
S1-574528784	S3-380741339	10.0	0.35682421922683716	17.0	0.9188133478164673	0.0		True	True	False	2	201.2756375670433
S1-574528784	S3-98186645	11.0	0.3539883494377136		0.0	0.0		True	False	False	1	100.35398834943771
S1-574528784	S3-221443476	12.0	0.35321730375289917	18.0	0.9161860346794128	0.0		True	True	False	2	201.2694033384323
S1-574528784	S3-162993152	13.0	0.35216224193573		0.0	0.0		True	False	False	1	100.35216224193573
S1-574528784	S3-668629842	14.0	0.3504369854927063	12.0	0.9234139919281006	0.0		True	True	False	2	201.2738509774208
S1-574528784	S3-340374288	15.0	0.3474091589450836	5.0	0.9449386596679688	0.0		True	True	False	2	201.29234781861305
S1-574528784	S3-995796854	16.0	0.34533989429473877	19.0	0.915798008441925	0.0		True	True	False	2	201.26113790273666
S1-574528784	S3-760959067	17.0	0.3446723222732544	10.0	0.9272581934928894	0.0		True	True	False	2	201.27193051576614
S1-574528784	S3-367901084	18.0	0.34444376826286316	29.0	0.9000239372253418	0.0		True	True	False	2	201.2444677054882
S1-574528784	S3-416247723	19.0	0.3439171016216278	20.0	0.9141212701797485	0.0		True	True	False	2	201.25803837180138
S1-574528784	S3-250324284	20.0	0.3395014703273773		0.0	0.0		True	False	False	1	100.33950147032738
S1-574528784	S3-961421742	21.0	0.3384243845939636		0.0	0.0		True	False	False	1	100.33842438459396
S1-574528784	S3-125349995	22.0	0.3369470536708832		0.0	0.0		True	False	False	1	100.33694705367088
S1-574528784	S3-695502221	23.0	0.3334118723869324		0.0	0.0		True	False	False	1	100.33341187238693
S1-574528784	S3-185659081	24.0	0.3308663070201874	3.0	0.9478749632835388	0.0		True	True	False	2	201.27874127030373
S1-574528784	S3-159233685	25.0	0.3256824016571045		0.0	0.0		True	False	False	1	100.3256824016571
S1-574528784	S3-158901285	26.0	0.3256784677505493		0.0	0.0		True	False	False	1	100.32567846775055
S1-574528784	S3-517069981	27.0	0.3249112367630005		0.0	0.0		True	False	False	1	100.324911236763
S1-574528784	S3-264170444	28.0	0.316915899515152		0.0	0.0		True	False	False	1	100.31691589951515
S1-574528784	S3-170975522	29.0	0.3138772249221802		0.0	0.0		True	False	False	1	100.31387722492218
S1-574528784	S3-768772995	30.0	0.30779555439949036	28.0	0.9014415740966797	0.0		True	True	False	2	201.20923712849617
S1-574528784	S2-160823657		0.0	4.0	0.9470473527908325	0.0		False	True	False	1	100.94704735279083
S1-574528784	S2-222871632		0.0	5.0	0.9442461729049683	0.0		False	True	False	1	100.94424617290497
S1-574528784	S2-89663826		0.0	7.0	0.9409666061401367	0.0		False	True	False	1	100.94096660614014
S1-574528784	S2-440948455		0.0	10.0	0.9331557750701904	0.0		False	True	False	1	100.93315577507019
S1-574528784	S2-559669701		0.0	11.0	0.9297678470611572	0.0		False	True	False	1	100.92976784706116
S1-574528784	S2-495604525		0.0	12.0	0.925471305847168	0.0		False	True	False	1	100.92547130584717
S1-574528784	S2-809665812		0.0	13.0	0.9252831935882568	0.0		False	True	False	1	100.92528319358826
S1-574528784	S2-933724724		0.0	15.0	0.921381950378418	0.0		False	True	False	1	100.92138195037842
S1-574528784	S2-715460557		0.0	21.0	0.9133902788162231	0.0		False	True	False	1	100.91339027881622
S1-574528784	S2-878037834		0.0	22.0	0.9132219552993774	0.0		False	True	False	1	100.91322195529938
S1-574528784	S2-800542765		0.0	24.0	0.9122989773750305	0.0		False	True	False	1	100.91229897737503
S1-574528784	S2-770341988		0.0	27.0	0.9087095856666565	0.0		False	True	False	1	100.90870958566666
S1-574528784	S2-400190057		0.0	28.0	0.9065746068954468	0.0		False	True	False	1	100.90657460689545
S1-574528784	S3-289567021		0.0	4.0	0.9470969438552856	0.0		False	True	False	1	100.94709694385529
S1-574528784	S3-200532536		0.0	6.0	0.9413350820541382	0.0		False	True	False	1	100.94133508205414
S1-574528784	S3-521783865		0.0	8.0	0.9341297149658203	0.0		False	True	False	1	100.93412971496582
S1-574528784	S3-227725397		0.0	9.0	0.9281424283981323	0.0		False	True	False	1	100.92814242839813
S1-574528784	S3-715117209		0.0	13.0	0.9218015670776367	0.0		False	True	False	1	100.92180156707764
S1-574528784	S3-374810425		0.0	15.0	0.920404314994812	0.0		False	True	False	1	100.92040431499481
S1-574528784	S3-835032939		0.0	21.0	0.914106547832489	0.0		False	True	False	1	100.91410654783249
S1-574528784	S3-22321512		0.0	22.0	0.912868082523346	0.0		False	True	False	1	100.91286808252335
S1-574528784	S3-64079929		0.0	23.0	0.9090074300765991	0.0		False	True	False	1	100.9090074300766
S1-574528784	S3-573605691		0.0	24.0	0.9075371026992798	0.0		False	True	False	1	100.90753710269928
S1-574528784	S3-543902884		0.0	25.0	0.905795693397522	0.0		False	True	False	1	100.90579569339752
S1-574528784	S3-556228627		0.0	26.0	0.9054703712463379	0.0		False	True	False	1	100.90547037124634
S1-574528784	S3-92755938		0.0	27.0	0.9025669693946838	0.0		False	True	False	1	100.90256696939468
S1-574528784	S3-934627663		0.0	30.0	0.8960134983062744	0.0		False	True	False	1	100.89601349830627
S1-402621048	S2-600460285	1.0	0.5562341213226318		0.0	0.0		True	False	False	1	100.55623412132263
S1-402621048	S2-357438552	2.0	0.5402933359146118		0.0	0.0		True	False	False	1	100.54029333591461
S1-402621048	S2-875724478	3.0	0.5304744243621826		0.0	0.0		True	False	False	1	100.53047442436218
S1-402621048	S2-485885002	4.0	0.5294427871704102		0.0	0.0		True	False	False	1	100.52944278717041
S1-402621048	S2-210791875	5.0	0.5252705812454224		0.0	0.0		True	False	False	1	100.52527058124542
S1-402621048	S2-779040268	6.0	0.5123424530029297	28.0	0.9306687116622925	0.0		True	True	False	2	201.44301116466522
S1-402621048	S2-501534718	7.0	0.5116577744483948		0.0	0.0		True	False	False	1	100.5116577744484
S1-402621048	S2-785042722	8.0	0.5104384422302246		0.0	0.0		True	False	False	1	100.51043844223022
S1-402621048	S2-292567038	9.0	0.5074632167816162		0.0	0.0		True	False	False	1	100.50746321678162
S1-402621048	S2-913930320	10.0	0.5069189071655273		0.0	0.0		True	False	False	1	100.50691890716553
S1-402621048	S2-229677112	11.0	0.4990679919719696		0.0	0.0		True	False	False	1	100.49906799197197
S1-402621048	S2-77137709	12.0	0.492129385471344		0.0	0.0		True	False	False	1	100.49212938547134
S1-402621048	S2-742077842	13.0	0.4890860319137573		0.0	0.0		True	False	False	1	100.48908603191376
S1-402621048	S2-530685908	14.0	0.48842594027519226		0.0	0.0		True	False	False	1	100.48842594027519
S1-402621048	S2-634571997	15.0	0.4871404469013214	15.0	0.9371805191040039	0.0		True	True	False	2	201.42432096600533
S1-402621048	S2-784442772	16.0	0.48372578620910645	11.0	0.9409226179122925	0.0		True	True	False	2	201.4246484041214
S1-402621048	S2-578788567	17.0	0.4834223985671997		0.0	0.0		True	False	False	1	100.4834223985672
S1-402621048	S2-910351373	18.0	0.4808157682418823		0.0	0.0		True	False	False	1	100.48081576824188
S1-402621048	S2-537184954	19.0	0.47763776779174805		0.0	0.0		True	False	False	1	100.47763776779175
S1-402621048	S2-591078525	20.0	0.47665080428123474		0.0	0.0		True	False	False	1	100.47665080428123
S1-402621048	S2-304177076	21.0	0.46590837836265564		0.0	0.0		True	False	False	1	100.46590837836266
S1-402621048	S2-550697952	22.0	0.461201012134552		0.0	0.0		True	False	False	1	100.46120101213455
S1-402621048	S2-934716922	23.0	0.45801982283592224		0.0	0.0		True	False	False	1	100.45801982283592
S1-402621048	S2-786671109	24.0	0.45673036575317383		0.0	0.0		True	False	False	1	100.45673036575317
S1-402621048	S2-412565852	25.0	0.45286619663238525	13.0	0.9378649592399597	0.0		True	True	False	2	201.39073115587234
S1-402621048	S2-729157829	26.0	0.4525177776813507	26.0	0.9322475790977478	0.0		True	True	False	2	201.3847653567791
S1-402621048	S2-905827553	27.0	0.4498627781867981		0.0	0.0		True	False	False	1	100.4498627781868
S1-402621048	S2-592412285	28.0	0.4453028440475464		0.0	0.0		True	False	False	1	100.44530284404755
S1-402621048	S2-317480348	29.0	0.44251489639282227		0.0	0.0		True	False	False	1	100.44251489639282
S1-402621048	S2-999853272	30.0	0.4405902624130249		0.0	0.0		True	False	False	1	100.44059026241302
S1-402621048	S3-436480804	1.0	0.6827617883682251		0.0	0.0		True	False	False	1	100.68276178836823
S1-402621048	S3-611681699	2.0	0.6178165674209595		0.0	0.0		True	False	False	1	100.61781656742096
S1-402621048	S3-604980231	3.0	0.5967597961425781		0.0	0.0		True	False	False	1	100.59675979614258
S1-402621048	S3-159233685	4.0	0.5763244032859802	22.0	0.9285448789596558	0.0		True	True	False	2	201.50486928224564
S1-402621048	S3-18976400	5.0	0.5537467002868652		0.0	0.0		True	False	False	1	100.55374670028687
S1-402621048	S3-276427681	6.0	0.5489606261253357		0.0	0.0		True	False	False	1	100.54896062612534
S1-402621048	S3-115653125	7.0	0.5482405424118042		0.0	0.0		True	False	False	1	100.5482405424118
S1-402621048	S3-811459169	8.0	0.5457112789154053		0.0	0.0		True	False	False	1	100.5457112789154
S1-402621048	S3-125349995	9.0	0.5455003976821899		0.0	0.0		True	False	False	1	100.54550039768219
S1-402621048	S3-227725397	10.0	0.5393937826156616	2.0	0.9598170518875122	0.0		True	True	False	2	201.49921083450317
S1-402621048	S3-867263634	11.0	0.5335845947265625		0.0	0.0		True	False	False	1	100.53358459472656
S1-402621048	S3-10300249	12.0	0.5314978957176208		0.0	0.0		True	False	False	1	100.53149789571762
S1-402621048	S3-610536355	13.0	0.5276743173599243	13.0	0.9378271698951721	0.0		True	True	False	2	201.4655014872551
S1-402621048	S3-526709055	14.0	0.527206301689148		0.0	0.0		True	False	False	1	100.52720630168915
S1-402621048	S3-560657213	15.0	0.5241210460662842	28.0	0.9195043444633484	0.0		True	True	False	2	201.44362539052963
S1-402621048	S3-895598264	16.0	0.523040771484375		0.0	0.0		True	False	False	1	100.52304077148438
S1-402621048	S3-289697426	17.0	0.522854208946228		0.0	0.0		True	False	False	1	100.52285420894623
S1-402621048	S3-536202929	18.0	0.5216481685638428		0.0	0.0		True	False	False	1	100.52164816856384
S1-402621048	S3-162993152	19.0	0.5181348323822021		0.0	0.0		True	False	False	1	100.5181348323822
S1-402621048	S3-652287374	20.0	0.5063848495483398		0.0	0.0		True	False	False	1	100.50638484954834
S1-402621048	S3-374810425	21.0	0.5047531723976135	1.0	0.9671961069107056	0.0		True	True	False	2	201.47194927930832
S1-402621048	S3-250853646	22.0	0.4988871216773987		0.0	0.0		True	False	False	1	100.4988871216774
S1-402621048	S3-580736465	23.0	0.4969002604484558		0.0	0.0		True	False	False	1	100.49690026044846
S1-402621048	S3-98186645	24.0	0.49337559938430786		0.0	0.0		True	False	False	1	100.49337559938431
S1-402621048	S3-361863410	25.0	0.49099278450012207		0.0	0.0		True	False	False	1	100.49099278450012
S1-402621048	S3-288440193	26.0	0.4836926758289337	29.0	0.9167628288269043	0.0		True	True	False	2	201.40045550465584
S1-402621048	S3-170975522	27.0	0.4767501652240753	11.0	0.9390348792076111	0.0		True	True	False	2	201.4157850444317
S1-402621048	S3-825495383	28.0	0.46847349405288696		0.0	0.0		True	False	False	1	100.46847349405289
S1-402621048	S3-483958914	29.0	0.46509426832199097		0.0	0.0		True	False	False	1	100.46509426832199
S1-402621048	S3-219041197	30.0	0.4633864164352417		0.0	0.0		True	False	False	1	100.46338641643524
S1-402621048	S2-37424835		0.0	1.0	0.9590648412704468	0.0		False	True	False	1	100.95906484127045
S1-402621048	S2-449438476		0.0	2.0	0.955437421798706	0.0		False	True	False	1	100.9554374217987
S1-402621048	S2-481572644		0.0	3.0	0.9457995891571045	0.0		False	True	False	1	100.9457995891571
S1-402621048	S2-440948455		0.0	4.0	0.945313572883606	0.0		False	True	False	1	100.9453135728836
S1-402621048	S2-89663826		0.0	5.0	0.9449002146720886	0.0		False	True	False	1	100.94490021467209
S1-402621048	S2-495604525		0.0	6.0	0.9435803890228271	0.0		False	True	False	1	100.94358038902283
S1-402621048	S2-504393659		0.0	7.0	0.9432902336120605	0.0		False	True	False	1	100.94329023361206
S1-402621048	S2-476476786		0.0	8.0	0.9430766105651855	0.0		False	True	False	1	100.94307661056519
S1-402621048	S2-726058757		0.0	9.0	0.9409891366958618	0.0		False	True	False	1	100.94098913669586
S1-402621048	S2-560710588		0.0	10.0	0.9409715533256531	0.0		False	True	False	1	100.94097155332565
S1-402621048	S2-938316135		0.0	12.0	0.9392014741897583	0.0		False	True	False	1	100.93920147418976
S1-402621048	S2-222871632		0.0	14.0	0.9378312826156616	0.0		False	True	False	1	100.93783128261566
S1-402621048	S2-375151053		0.0	16.0	0.9370657205581665	0.0		False	True	False	1	100.93706572055817
S1-402621048	S2-119647643		0.0	17.0	0.9369108080863953	0.0		False	True	False	1	100.9369108080864
S1-402621048	S2-416136682		0.0	18.0	0.9354528188705444	0.0		False	True	False	1	100.93545281887054
S1-402621048	S2-84473557		0.0	19.0	0.9346937537193298	0.0		False	True	False	1	100.93469375371933
S1-402621048	S2-566025912		0.0	20.0	0.9337053894996643	0.0		False	True	False	1	100.93370538949966
S1-402621048	S2-378846408		0.0	21.0	0.9333034157752991	0.0		False	True	False	1	100.9333034157753
S1-402621048	S2-823489243		0.0	22.0	0.9329694509506226	0.0		False	True	False	1	100.93296945095062
S1-402621048	S2-340420883		0.0	23.0	0.9328576922416687	0.0		False	True	False	1	100.93285769224167
S1-402621048	S2-715460557		0.0	24.0	0.9328086376190186	0.0		False	True	False	1	100.93280863761902
S1-402621048	S2-400190057		0.0	25.0	0.9325834512710571	0.0		False	True	False	1	100.93258345127106
S1-402621048	S2-744098365		0.0	27.0	0.9321879744529724	0.0		False	True	False	1	100.93218797445297
S1-402621048	S2-258890831		0.0	29.0	0.9284017086029053	0.0		False	True	False	1	100.9284017086029
S1-402621048	S2-809665812		0.0	30.0	0.9272640347480774	0.0		False	True	False	1	100.92726403474808
S1-402621048	S3-517069981		0.0	3.0	0.9556249380111694	0.0		False	True	False	1	100.95562493801117
S1-402621048	S3-185659081		0.0	4.0	0.9551129937171936	0.0		False	True	False	1	100.9551129937172
S1-402621048	S3-150632472		0.0	5.0	0.9530837535858154	0.0		False	True	False	1	100.95308375358582
S1-402621048	S3-760959067		0.0	6.0	0.9523957967758179	0.0		False	True	False	1	100.95239579677582
S1-402621048	S3-75604340		0.0	7.0	0.9463851451873779	0.0		False	True	False	1	100.94638514518738
S1-402621048	S3-995796854		0.0	8.0	0.9432810544967651	0.0		False	True	False	1	100.94328105449677
S1-402621048	S3-573605691		0.0	9.0	0.9424076080322266	0.0		False	True	False	1	100.94240760803223
S1-402621048	S3-289567021		0.0	10.0	0.9420786499977112	0.0		False	True	False	1	100.94207864999771
S1-402621048	S3-367901084		0.0	12.0	0.9386417269706726	0.0		False	True	False	1	100.93864172697067
S1-402621048	S3-468731115		0.0	14.0	0.9360002279281616	0.0		False	True	False	1	100.93600022792816
S1-402621048	S3-184174096		0.0	15.0	0.9357788562774658	0.0		False	True	False	1	100.93577885627747
S1-402621048	S3-768772995		0.0	16.0	0.9357690811157227	0.0		False	True	False	1	100.93576908111572
S1-402621048	S3-173398261		0.0	17.0	0.9334779977798462	0.0		False	True	False	1	100.93347799777985
S1-402621048	S3-221443476		0.0	18.0	0.931800365447998	0.0		False	True	False	1	100.931800365448
S1-402621048	S3-937140604		0.0	19.0	0.9317406415939331	0.0		False	True	False	1	100.93174064159393
S1-402621048	S3-668629842		0.0	20.0	0.9308727979660034	0.0		False	True	False	1	100.930872797966
S1-402621048	S3-556228627		0.0	21.0	0.9292377829551697	0.0		False	True	False	1	100.92923778295517
S1-402621048	S3-340374288		0.0	23.0	0.9254340529441833	0.0		False	True	False	1	100.92543405294418
S1-402621048	S3-389830698		0.0	24.0	0.9241599440574646	0.0		False	True	False	1	100.92415994405746
S1-402621048	S3-960416326		0.0	25.0	0.9216919541358948	0.0		False	True	False	1	100.9216919541359
S1-402621048	S3-469272577		0.0	26.0	0.9207503795623779	0.0		False	True	False	1	100.92075037956238
S1-402621048	S3-577972146		0.0	27.0	0.920584499835968	0.0		False	True	False	1	100.92058449983597
S1-402621048	S3-22321512		0.0	30.0	0.9156098365783691	0.0		False	True	False	1	100.91560983657837
S1-684202485	S2-600460285	1.0	0.6958345770835876	11.0	0.9639080762863159	0.0		True	True	False	2	201.6597426533699
S1-684202485	S2-434748052	2.0	0.664679229259491	14.0	0.9571809768676758	0.0		True	True	False	2	201.62186020612717
S1-684202485	S2-786671109	3.0	0.6163676977157593		0.0	0.0		True	False	False	1	100.61636769771576
S1-684202485	S2-913930320	4.0	0.6159254312515259		0.0	0.0		True	False	False	1	100.61592543125153
S1-684202485	S2-304177076	5.0	0.5846455097198486		0.0	0.0		True	False	False	1	100.58464550971985
S1-684202485	S2-210791875	6.0	0.5799009799957275	6.0	0.9681984186172485	0.0		True	True	False	2	201.54809939861298
S1-684202485	S2-77137709	7.0	0.5767550468444824		0.0	0.0		True	False	False	1	100.57675504684448
S1-684202485	S2-779040268	8.0	0.5767210721969604	9.0	0.9668595790863037	0.0		True	True	False	2	201.54358065128326
S1-684202485	S2-875724478	9.0	0.5701943635940552		0.0	0.0		True	False	False	1	100.57019436359406
S1-684202485	S2-910351373	10.0	0.54509437084198	2.0	0.9743670225143433	0.0		True	True	False	2	201.51946139335632
S1-684202485	S2-292567038	11.0	0.542932391166687		0.0	0.0		True	False	False	1	100.54293239116669
S1-684202485	S2-785042722	12.0	0.5371342897415161	16.0	0.9538534879684448	0.0		True	True	False	2	201.49098777770996
S1-684202485	S2-537184954	13.0	0.5357991456985474		0.0	0.0		True	False	False	1	100.53579914569855
S1-684202485	S2-317480348	14.0	0.5307865738868713		0.0	0.0		True	False	False	1	100.53078657388687
S1-684202485	S2-485885002	15.0	0.5253064036369324		0.0	0.0		True	False	False	1	100.52530640363693
S1-684202485	S2-530685908	16.0	0.5242146849632263	20.0	0.9494531154632568	0.0		True	True	False	2	201.47366780042648
S1-684202485	S2-905827553	17.0	0.5229758024215698		0.0	0.0		True	False	False	1	100.52297580242157
S1-684202485	S2-166809876	18.0	0.515548825263977		0.0	0.0		True	False	False	1	100.51554882526398
S1-684202485	S2-787861634	19.0	0.506838858127594	21.0	0.9491739273071289	0.0		True	True	False	2	201.45601278543472
S1-684202485	S2-591078525	20.0	0.5018873810768127		0.0	0.0		True	False	False	1	100.50188738107681
S1-684202485	S2-634571997	21.0	0.5006905794143677	4.0	0.9742067456245422	0.0		True	True	False	2	201.4748973250389
S1-684202485	S2-578788567	22.0	0.5002278685569763	23.0	0.9483247995376587	0.0		True	True	False	2	201.44855266809464
S1-684202485	S2-550697952	23.0	0.5000243186950684		0.0	0.0		True	False	False	1	100.50002431869507
S1-684202485	S2-956479781	24.0	0.4997154474258423		0.0	0.0		True	False	False	1	100.49971544742584
S1-684202485	S2-192345572	25.0	0.4974247217178345		0.0	0.0		True	False	False	1	100.49742472171783
S1-684202485	S2-576201028	26.0	0.49730077385902405	3.0	0.9742591977119446	0.0		True	True	False	2	201.47155997157097
S1-684202485	S2-229677112	27.0	0.49617886543273926		0.0	0.0		True	False	False	1	100.49617886543274
S1-684202485	S2-742077842	28.0	0.49441590905189514		0.0	0.0		True	False	False	1	100.4944159090519
S1-684202485	S2-357438552	29.0	0.49402326345443726		0.0	0.0		True	False	False	1	100.49402326345444
S1-684202485	S2-495461061	30.0	0.48869484663009644		0.0	0.0		True	False	False	1	100.4886948466301
S1-684202485	S3-877919199	1.0	0.6726352572441101		0.0	0.0		True	False	False	1	100.67263525724411
S1-684202485	S3-895598264	2.0	0.5840041041374207	23.0	0.945391058921814	0.0		True	True	False	2	201.52939516305923
S1-684202485	S3-604980231	3.0	0.5809366703033447		0.0	0.0		True	False	False	1	100.58093667030334
S1-684202485	S3-162993152	4.0	0.5676958560943604		0.0	0.0		True	False	False	1	100.56769585609436
S1-684202485	S3-580736465	5.0	0.5564788579940796		0.0	0.0		True	False	False	1	100.55647885799408
S1-684202485	S3-10300249	6.0	0.555363118648529		0.0	0.0		True	False	False	1	100.55536311864853
S1-684202485	S3-219041197	7.0	0.5553094744682312		0.0	0.0		True	False	False	1	100.55530947446823
S1-684202485	S3-536202929	8.0	0.5541163682937622	8.0	0.9627214670181274	0.0		True	True	False	2	201.5168378353119
S1-684202485	S3-688194826	9.0	0.5484417676925659		0.0	0.0		True	False	False	1	100.54844176769257
S1-684202485	S3-560657213	10.0	0.5461008548736572		0.0	0.0		True	False	False	1	100.54610085487366
S1-684202485	S3-867263634	11.0	0.5364207625389099		0.0	0.0		True	False	False	1	100.53642076253891
S1-684202485	S3-288440193	12.0	0.5342593789100647	12.0	0.9596114158630371	0.0		True	True	False	2	201.4938707947731
S1-684202485	S3-170975522	13.0	0.5313300490379333	3.0	0.967574954032898	0.0		True	True	False	2	201.49890500307083
S1-684202485	S3-159233685	14.0	0.5281186103820801		0.0	0.0		True	False	False	1	100.52811861038208
S1-684202485	S3-374810425	15.0	0.5241791605949402		0.0	0.0		True	False	False	1	100.52417916059494
S1-684202485	S3-323904182	16.0	0.5233165621757507	21.0	0.9459607601165771	0.0		True	True	False	2	201.46927732229233
S1-684202485	S3-577972146	17.0	0.5146531462669373	2.0	0.9683154821395874	0.0		True	True	False	2	201.48296862840652
S1-684202485	S3-98186645	18.0	0.5138814449310303	26.0	0.944219708442688	0.0		True	True	False	2	201.45810115337372
S1-684202485	S3-464265492	19.0	0.5133921504020691		0.0	0.0		True	False	False	1	100.51339215040207
S1-684202485	S3-125349995	20.0	0.5094679594039917	17.0	0.950960636138916	0.0		True	True	False	2	201.4604285955429
S1-684202485	S3-611681699	21.0	0.5039643049240112		0.0	0.0		True	False	False	1	100.50396430492401
S1-684202485	S3-652287374	22.0	0.5011014938354492	4.0	0.9673734903335571	0.0		True	True	False	2	201.468474984169
S1-684202485	S3-961421742	23.0	0.49877703189849854	25.0	0.9447723627090454	0.0		True	True	False	2	201.44354939460754
S1-684202485	S3-191842349	24.0	0.4980659782886505		0.0	0.0		True	False	False	1	100.49806597828865
S1-684202485	S3-227725397	25.0	0.4969300329685211		0.0	0.0		True	False	False	1	100.49693003296852
S1-684202485	S3-219844340	26.0	0.49539273977279663		0.0	0.0		True	False	False	1	100.4953927397728
S1-684202485	S3-610536355	27.0	0.49497082829475403	9.0	0.9613590836524963	0.0		True	True	False	2	201.45632991194725
S1-684202485	S3-86143878	28.0	0.4903591573238373		0.0	0.0		True	False	False	1	100.49035915732384
S1-684202485	S3-811459169	29.0	0.48901307582855225		0.0	0.0		True	False	False	1	100.48901307582855
S1-684202485	S3-960416326	30.0	0.48818501830101013	6.0	0.9665926694869995	0.0		True	True	False	2	201.454777687788
S1-684202485	S2-767997013		0.0	1.0	0.9747961759567261	0.0		False	True	False	1	100.97479617595673
S1-684202485	S2-193013091		0.0	5.0	0.9687329530715942	0.0		False	True	False	1	100.9687329530716
S1-684202485	S2-784442772		0.0	7.0	0.9672648310661316	0.0		False	True	False	1	100.96726483106613
S1-684202485	S2-578484139		0.0	8.0	0.9671229720115662	0.0		False	True	False	1	100.96712297201157
S1-684202485	S2-378846408		0.0	10.0	0.9662729501724243	0.0		False	True	False	1	100.96627295017242
S1-684202485	S2-412565852		0.0	12.0	0.9629747867584229	0.0		False	True	False	1	100.96297478675842
S1-684202485	S2-84473557		0.0	13.0	0.9592239856719971	0.0		False	True	False	1	100.959223985672
S1-684202485	S2-744098365		0.0	15.0	0.956952691078186	0.0		False	True	False	1	100.95695269107819
S1-684202485	S2-809665812		0.0	17.0	0.9524543285369873	0.0		False	True	False	1	100.95245432853699
S1-684202485	S2-400190057		0.0	18.0	0.9510364532470703	0.0		False	True	False	1	100.95103645324707
S1-684202485	S2-742018880		0.0	19.0	0.9501891136169434	0.0		False	True	False	1	100.95018911361694
S1-684202485	S2-934716922		0.0	22.0	0.9485004544258118	0.0		False	True	False	1	100.94850045442581
S1-684202485	S2-823489243		0.0	24.0	0.9481164216995239	0.0		False	True	False	1	100.94811642169952
S1-684202485	S2-258890831		0.0	25.0	0.9480085372924805	0.0		False	True	False	1	100.94800853729248
S1-684202485	S2-583840796		0.0	26.0	0.9479123950004578	0.0		False	True	False	1	100.94791239500046
S1-684202485	S2-119647643		0.0	27.0	0.9462645053863525	0.0		False	True	False	1	100.94626450538635
S1-684202485	S2-933865098		0.0	28.0	0.9438248872756958	0.0		False	True	False	1	100.9438248872757
S1-684202485	S2-37424835		0.0	29.0	0.9435332417488098	0.0		False	True	False	1	100.94353324174881
S1-684202485	S2-726058757		0.0	30.0	0.9430177211761475	0.0		False	True	False	1	100.94301772117615
S1-684202485	S3-173398261		0.0	1.0	0.9701609015464783	0.0		False	True	False	1	100.97016090154648
S1-684202485	S3-367901084		0.0	5.0	0.9672122597694397	0.0		False	True	False	1	100.96721225976944
S1-684202485	S3-526709055		0.0	7.0	0.9633183479309082	0.0		False	True	False	1	100.96331834793091
S1-684202485	S3-468731115		0.0	10.0	0.9607173204421997	0.0		False	True	False	1	100.9607173204422
S1-684202485	S3-276427681		0.0	11.0	0.9598981738090515	0.0		False	True	False	1	100.95989817380905
S1-684202485	S3-662721327		0.0	13.0	0.9561572074890137	0.0		False	True	False	1	100.95615720748901
S1-684202485	S3-695502221		0.0	14.0	0.9551488757133484	0.0		False	True	False	1	100.95514887571335
S1-684202485	S3-150632472		0.0	15.0	0.9547217488288879	0.0		False	True	False	1	100.95472174882889
S1-684202485	S3-819001322		0.0	16.0	0.9510800838470459	0.0		False	True	False	1	100.95108008384705
S1-684202485	S3-265204232		0.0	18.0	0.9496106505393982	0.0		False	True	False	1	100.9496106505394
S1-684202485	S3-995796854		0.0	19.0	0.94733065366745	0.0		False	True	False	1	100.94733065366745
S1-684202485	S3-760959067		0.0	20.0	0.946198582649231	0.0		False	True	False	1	100.94619858264923
S1-684202485	S3-389830698		0.0	22.0	0.9457443356513977	0.0		False	True	False	1	100.9457443356514
S1-684202485	S3-797381132		0.0	24.0	0.9447786808013916	0.0		False	True	False	1	100.94477868080139
S1-684202485	S3-768772995		0.0	27.0	0.9437655210494995	0.0		False	True	False	1	100.9437655210495
S1-684202485	S3-416247723		0.0	28.0	0.9433883428573608	0.0		False	True	False	1	100.94338834285736
S1-684202485	S3-127741306		0.0	29.0	0.943107008934021	0.0		False	True	False	1	100.94310700893402
S1-684202485	S3-218566871		0.0	30.0	0.9419331550598145	0.0		False	True	False	1	100.94193315505981
S1-85238196	S2-84473557	1.0	0.5491576194763184	16.0	0.9525511264801025	0.0		True	True	False	2	201.50170874595642
S1-85238196	S2-729157829	2.0	0.4998336434364319	21.0	0.949964165687561	0.0		True	True	False	2	201.449797809124
S1-85238196	S2-449438476	3.0	0.49690961837768555	3.0	0.9662677049636841	0.0		True	True	False	2	201.46317732334137
S1-85238196	S2-222871632	4.0	0.4792197644710541	23.0	0.9483715295791626	0.0		True	True	False	2	201.42759129405022
S1-85238196	S2-578484139	5.0	0.4764978289604187		0.0	0.0		True	False	False	1	100.47649782896042
S1-85238196	S2-268861424	6.0	0.46657365560531616	26.0	0.945422887802124	0.0		True	True	False	2	201.41199654340744
S1-85238196	S2-193013091	7.0	0.456959068775177		0.0	0.0		True	False	False	1	100.45695906877518
S1-85238196	S2-340420883	8.0	0.4559711813926697	7.0	0.9618867635726929	0.0		True	True	False	2	201.41785794496536
S1-85238196	S2-742077842	9.0	0.4546682834625244		0.0	0.0		True	False	False	1	100.45466828346252
S1-85238196	S2-476476786	10.0	0.45066124200820923	9.0	0.9590970277786255	0.0		True	True	False	2	201.40975826978683
S1-85238196	S2-933865098	11.0	0.45038849115371704		0.0	0.0		True	False	False	1	100.45038849115372
S1-85238196	S2-495604525	12.0	0.44725966453552246	29.0	0.943083643913269	0.0		True	True	False	2	201.3903433084488
S1-85238196	S2-119647643	13.0	0.4462965726852417	13.0	0.9556017518043518	0.0		True	True	False	2	201.4018983244896
S1-85238196	S2-560710588	14.0	0.4384562373161316		0.0	0.0		True	False	False	1	100.43845623731613
S1-85238196	S2-412565852	15.0	0.4370618164539337	18.0	0.9511027336120605	0.0		True	True	False	2	201.388164550066
S1-85238196	S2-210791875	16.0	0.4347649812698364		0.0	0.0		True	False	False	1	100.43476498126984
S1-85238196	S2-583840796	17.0	0.43163931369781494	28.0	0.9437928199768066	0.0		True	True	False	2	201.37543213367462
S1-85238196	S2-463756409	18.0	0.430093914270401		0.0	0.0		True	False	False	1	100.4300939142704
S1-85238196	S2-559669701	19.0	0.4297066330909729		0.0	0.0		True	False	False	1	100.42970663309097
S1-85238196	S2-823489243	20.0	0.420917272567749	10.0	0.9580832719802856	0.0		True	True	False	2	201.37900054454803
S1-85238196	S2-89663826	21.0	0.4205666184425354	2.0	0.9677841663360596	0.0		True	True	False	2	201.3883507847786
S1-85238196	S2-485885002	22.0	0.41572919487953186		0.0	0.0		True	False	False	1	100.41572919487953
S1-85238196	S2-956479781	23.0	0.40984371304512024		0.0	0.0		True	False	False	1	100.40984371304512
S1-85238196	S2-726058757	24.0	0.40967148542404175	17.0	0.9515982866287231	0.0		True	True	False	2	201.36126977205276
S1-85238196	S2-158121477	25.0	0.4065890312194824		0.0	0.0		True	False	False	1	100.40658903121948
S1-85238196	S2-378851466	26.0	0.40214917063713074		0.0	0.0		True	False	False	1	100.40214917063713
S1-85238196	S2-913930320	27.0	0.40190064907073975		0.0	0.0		True	False	False	1	100.40190064907074
S1-85238196	S2-779040268	28.0	0.40159523487091064	15.0	0.9540891051292419	0.0		True	True	False	2	201.35568434000015
S1-85238196	S2-638268338	29.0	0.3966135084629059		0.0	0.0		True	False	False	1	100.3966135084629
S1-85238196	S2-378846408	30.0	0.39480143785476685	27.0	0.9444534778594971	0.0		True	True	False	2	201.33925491571426
S1-85238196	S3-937140604	1.0	0.5602626800537109	18.0	0.9487974643707275	0.0		True	True	False	2	201.50906014442444
S1-85238196	S3-521783865	2.0	0.49026671051979065	8.0	0.9642113447189331	0.0		True	True	False	2	201.45447805523872
S1-85238196	S3-184174096	3.0	0.46611976623535156	9.0	0.961187481880188	0.0		True	True	False	2	201.42730724811554
S1-85238196	S3-389830698	4.0	0.4521743953227997	24.0	0.940553605556488	0.0		True	True	False	2	201.3927280008793
S1-85238196	S3-367901084	5.0	0.45172256231307983	13.0	0.955045223236084	0.0		True	True	False	2	201.40676778554916
S1-85238196	S3-573605691	6.0	0.45145201683044434	5.0	0.9689379930496216	0.0		True	True	False	2	201.42039000988007
S1-85238196	S3-265204232	7.0	0.4428783655166626	20.0	0.9473922252655029	0.0		True	True	False	2	201.39027059078217
S1-85238196	S3-185659081	8.0	0.43727731704711914	2.0	0.972419798374176	0.0		True	True	False	2	201.4096971154213
S1-85238196	S3-995796854	9.0	0.43583279848098755	7.0	0.965779721736908	0.0		True	True	False	2	201.4016125202179
S1-85238196	S3-92755938	10.0	0.43124085664749146		0.0	0.0		True	False	False	1	100.43124085664749
S1-85238196	S3-797337828	11.0	0.4162697196006775	26.0	0.9341346025466919	0.0		True	True	False	2	201.35040432214737
S1-85238196	S3-221443476	12.0	0.4161335229873657	12.0	0.9551988840103149	0.0		True	True	False	2	201.37133240699768
S1-85238196	S3-577972146	13.0	0.4037694036960602	30.0	0.9289451837539673	0.0		True	True	False	2	201.33271458745003
S1-85238196	S3-464265492	14.0	0.4029809832572937		0.0	0.0		True	False	False	1	100.4029809832573
S1-85238196	S3-895598264	15.0	0.40198612213134766		0.0	0.0		True	False	False	1	100.40198612213135
S1-85238196	S3-652287374	16.0	0.40133100748062134		0.0	0.0		True	False	False	1	100.40133100748062
S1-85238196	S3-416247723	17.0	0.3966277241706848	21.0	0.9464493989944458	0.0		True	True	False	2	201.34307712316513
S1-85238196	S3-218566871	18.0	0.3942703306674957		0.0	0.0		True	False	False	1	100.3942703306675
S1-85238196	S3-173398261	19.0	0.3913024067878723		0.0	0.0		True	False	False	1	100.39130240678787
S1-85238196	S3-768772995	20.0	0.38878488540649414	14.0	0.9534480571746826	0.0		True	True	False	2	201.34223294258118
S1-85238196	S3-22088661	21.0	0.38553693890571594	16.0	0.952847957611084	0.0		True	True	False	2	201.3383848965168
S1-85238196	S3-10300249	22.0	0.3832552433013916		0.0	0.0		True	False	False	1	100.38325524330139
S1-85238196	S3-276427681	23.0	0.38136404752731323		0.0	0.0		True	False	False	1	100.38136404752731
S1-85238196	S3-159233685	24.0	0.37741342186927795		0.0	0.0		True	False	False	1	100.37741342186928
S1-85238196	S3-18976400	25.0	0.3766665458679199		0.0	0.0		True	False	False	1	100.37666654586792
S1-85238196	S3-468731115	26.0	0.3756698966026306	15.0	0.9534246325492859	0.0		True	True	False	2	201.32909452915192
S1-85238196	S3-170975522	27.0	0.3734225630760193	25.0	0.9386557340621948	0.0		True	True	False	2	201.3120782971382
S1-85238196	S3-380741339	28.0	0.3724854290485382	22.0	0.9437049031257629	0.0		True	True	False	2	201.3161903321743
S1-85238196	S3-162993152	29.0	0.37160778045654297		0.0	0.0		True	False	False	1	100.37160778045654
S1-85238196	S3-867263634	30.0	0.37038254737854004		0.0	0.0		True	False	False	1	100.37038254737854
S1-85238196	S2-884102769		0.0	1.0	0.9693193435668945	0.0		False	True	False	1	100.9693193435669
S1-85238196	S2-375151053		0.0	4.0	0.9643479585647583	0.0		False	True	False	1	100.96434795856476
S1-85238196	S2-744098365		0.0	5.0	0.9637717008590698	0.0		False	True	False	1	100.96377170085907
S1-85238196	S2-37424835		0.0	6.0	0.963034987449646	0.0		False	True	False	1	100.96303498744965
S1-85238196	S2-258890831		0.0	8.0	0.9602565765380859	0.0		False	True	False	1	100.96025657653809
S1-85238196	S2-400190057		0.0	11.0	0.956504762172699	0.0		False	True	False	1	100.9565047621727
S1-85238196	S2-934716922		0.0	12.0	0.9562841057777405	0.0		False	True	False	1	100.95628410577774
S1-85238196	S2-634571997		0.0	14.0	0.9554018974304199	0.0		False	True	False	1	100.95540189743042
S1-85238196	S2-504393659		0.0	19.0	0.9507595300674438	0.0		False	True	False	1	100.95075953006744
S1-85238196	S2-715460557		0.0	20.0	0.95030277967453	0.0		False	True	False	1	100.95030277967453
S1-85238196	S2-809665812		0.0	22.0	0.9496829509735107	0.0		False	True	False	1	100.94968295097351
S1-85238196	S2-576201028		0.0	24.0	0.9483309388160706	0.0		False	True	False	1	100.94833093881607
S1-85238196	S2-784442772		0.0	25.0	0.9477414488792419	0.0		False	True	False	1	100.94774144887924
S1-85238196	S2-481572644		0.0	30.0	0.9414699673652649	0.0		False	True	False	1	100.94146996736526
S1-85238196	S3-75604340		0.0	1.0	0.9755893349647522	0.0		False	True	False	1	100.97558933496475
S1-85238196	S3-150632472		0.0	3.0	0.9717006087303162	0.0		False	True	False	1	100.97170060873032
S1-85238196	S3-469272577		0.0	4.0	0.9702058434486389	0.0		False	True	False	1	100.97020584344864
S1-85238196	S3-760959067		0.0	6.0	0.9670410752296448	0.0		False	True	False	1	100.96704107522964
S1-85238196	S3-289567021		0.0	10.0	0.9595822691917419	0.0		False	True	False	1	100.95958226919174
S1-85238196	S3-227725397		0.0	11.0	0.9556151032447815	0.0		False	True	False	1	100.95561510324478
S1-85238196	S3-668629842		0.0	17.0	0.9526828527450562	0.0		False	True	False	1	100.95268285274506
S1-85238196	S3-374810425		0.0	19.0	0.9480875730514526	0.0		False	True	False	1	100.94808757305145
S1-85238196	S3-560657213		0.0	23.0	0.9409534931182861	0.0		False	True	False	1	100.94095349311829
S1-85238196	S3-340374288		0.0	27.0	0.9339203834533691	0.0		False	True	False	1	100.93392038345337
S1-85238196	S3-610536355		0.0	28.0	0.9337282180786133	0.0		False	True	False	1	100.93372821807861
S1-85238196	S3-517069981		0.0	29.0	0.9321622252464294	0.0		False	True	False	1	100.93216222524643
S1-569369299	S2-559669701	1.0	0.5151564478874207	13.0	0.9627247452735901	0.0		True	True	False	2	201.477881193161
S1-569369299	S2-638268338	2.0	0.47288158535957336		0.0	0.0		True	False	False	1	100.47288158535957
S1-569369299	S2-119647643	3.0	0.4635748565196991	7.0	0.9687843918800354	0.0		True	True	False	2	201.43235924839973
S1-569369299	S2-578484139	4.0	0.46334826946258545	30.0	0.9493426084518433	0.0		True	True	False	2	201.41269087791443
S1-569369299	S2-84473557	5.0	0.4552769958972931	10.0	0.9657129645347595	0.0		True	True	False	2	201.42098996043205
S1-569369299	S2-193013091	6.0	0.44968780875205994	3.0	0.9712233543395996	0.0		True	True	False	2	201.42091116309166
S1-569369299	S2-89663826	7.0	0.4478601813316345	27.0	0.9507085084915161	0.0		True	True	False	2	201.39856868982315
S1-569369299	S2-375151053	8.0	0.41665172576904297	14.0	0.9616420269012451	0.0		True	True	False	2	201.3782937526703
S1-569369299	S2-786671109	9.0	0.41147565841674805		0.0	0.0		True	False	False	1	100.41147565841675
S1-569369299	S2-378846408	10.0	0.40985286235809326	2.0	0.9748984575271606	0.0		True	True	False	2	201.38475131988525
S1-569369299	S2-729157829	11.0	0.4080093502998352	19.0	0.9566795825958252	0.0		True	True	False	2	201.36468893289566
S1-569369299	S2-17102176	12.0	0.4042890667915344		0.0	0.0		True	False	False	1	100.40428906679153
S1-569369299	S2-229677112	13.0	0.39385807514190674		0.0	0.0		True	False	False	1	100.3938580751419
S1-569369299	S2-108012128	14.0	0.39240342378616333		0.0	0.0		True	False	False	1	100.39240342378616
S1-569369299	S2-823489243	15.0	0.39075207710266113	12.0	0.963004469871521	0.0		True	True	False	2	201.35375654697418
S1-569369299	S2-416136682	16.0	0.39071571826934814	22.0	0.9538290500640869	0.0		True	True	False	2	201.34454476833344
S1-569369299	S2-268861424	17.0	0.3895978331565857		0.0	0.0		True	False	False	1	100.38959783315659
S1-569369299	S2-223826524	18.0	0.3849564790725708		0.0	0.0		True	False	False	1	100.38495647907257
S1-569369299	S2-933865098	19.0	0.38480114936828613		0.0	0.0		True	False	False	1	100.38480114936829
S1-569369299	S2-956479781	20.0	0.37575823068618774		0.0	0.0		True	False	False	1	100.37575823068619
S1-569369299	S2-560710588	21.0	0.37073951959609985		0.0	0.0		True	False	False	1	100.3707395195961
S1-569369299	S2-340420883	22.0	0.36562129855155945	23.0	0.9530760645866394	0.0		True	True	False	2	201.3186973631382
S1-569369299	S2-412565852	23.0	0.364769846200943	4.0	0.9708397388458252	0.0		True	True	False	2	201.33560958504677
S1-569369299	S2-913930320	24.0	0.36021000146865845		0.0	0.0		True	False	False	1	100.36021000146866
S1-569369299	S2-938316135	25.0	0.3600127696990967		0.0	0.0		True	False	False	1	100.3600127696991
S1-569369299	S2-583840796	26.0	0.359380841255188	20.0	0.9553377628326416	0.0		True	True	False	2	201.31471860408783
S1-569369299	S2-434748052	27.0	0.3569148778915405		0.0	0.0		True	False	False	1	100.35691487789154
S1-569369299	S2-485885002	28.0	0.35303208231925964		0.0	0.0		True	False	False	1	100.35303208231926
S1-569369299	S2-910351373	29.0	0.34900298714637756		0.0	0.0		True	False	False	1	100.34900298714638
S1-569369299	S2-222871632	30.0	0.34408310055732727	11.0	0.9651111364364624	0.0		True	True	False	2	201.3091942369938
S1-569369299	S3-768772995	1.0	0.45053336024284363	5.0	0.9629669785499573	0.0		True	True	False	2	201.4135003387928
S1-569369299	S3-22088661	2.0	0.4446459710597992	24.0	0.9440293908119202	0.0		True	True	False	2	201.38867536187172
S1-569369299	S3-389830698	3.0	0.42735302448272705	14.0	0.9553710222244263	0.0		True	True	False	2	201.38272404670715
S1-569369299	S3-289567021	4.0	0.3938717544078827	2.0	0.9653670787811279	0.0		True	True	False	2	201.359238833189
S1-569369299	S3-464265492	5.0	0.3894118070602417		0.0	0.0		True	False	False	1	100.38941180706024
S1-569369299	S3-536202929	6.0	0.3822413682937622	26.0	0.9424145817756653	0.0		True	True	False	2	201.32465595006943
S1-569369299	S3-995796854	7.0	0.38090693950653076	11.0	0.9584531784057617	0.0		True	True	False	2	201.3393601179123
S1-569369299	S3-184174096	8.0	0.38088318705558777	18.0	0.9506497979164124	0.0		True	True	False	2	201.331532984972
S1-569369299	S3-361863410	9.0	0.3775123059749603		0.0	0.0		True	False	False	1	100.37751230597496
S1-569369299	S3-819001322	10.0	0.3724120259284973		0.0	0.0		True	False	False	1	100.3724120259285
S1-569369299	S3-877919199	11.0	0.3705504536628723		0.0	0.0		True	False	False	1	100.37055045366287
S1-569369299	S3-961421742	12.0	0.370543897151947		0.0	0.0		True	False	False	1	100.37054389715195
S1-569369299	S3-825495383	13.0	0.37014836072921753		0.0	0.0		True	False	False	1	100.37014836072922
S1-569369299	S3-610536355	14.0	0.36970794200897217	4.0	0.9641577005386353	0.0		True	True	False	2	201.3338656425476
S1-569369299	S3-191842349	15.0	0.3663718104362488		0.0	0.0		True	False	False	1	100.36637181043625
S1-569369299	S3-668629842	16.0	0.3649818003177643	3.0	0.9646270275115967	0.0		True	True	False	2	201.32960882782936
S1-569369299	S3-652287374	17.0	0.35906243324279785	8.0	0.96014404296875	0.0		True	True	False	2	201.31920647621155
S1-569369299	S3-125349995	18.0	0.3583674132823944		0.0	0.0		True	False	False	1	100.3583674132824
S1-569369299	S3-580736465	19.0	0.3566815257072449		0.0	0.0		True	False	False	1	100.35668152570724
S1-569369299	S3-577972146	20.0	0.3561556935310364	15.0	0.9535585045814514	0.0		True	True	False	2	201.3097141981125
S1-569369299	S3-468731115	21.0	0.3544212579727173	20.0	0.9481713175773621	0.0		True	True	False	2	201.30259257555008
S1-569369299	S3-797337828	22.0	0.3540707528591156		0.0	0.0		True	False	False	1	100.35407075285912
S1-569369299	S3-895598264	23.0	0.3518787622451782	29.0	0.9413297772407532	0.0		True	True	False	2	201.29320853948593
S1-569369299	S3-276427681	24.0	0.3482026159763336	22.0	0.9451436400413513	0.0		True	True	False	2	201.29334625601768
S1-569369299	S3-264170444	25.0	0.34542417526245117		0.0	0.0		True	False	False	1	100.34542417526245
S1-569369299	S3-288440193	26.0	0.3452925682067871		0.0	0.0		True	False	False	1	100.34529256820679
S1-569369299	S3-198586129	27.0	0.344618022441864		0.0	0.0		True	False	False	1	100.34461802244186
S1-569369299	S3-219041197	28.0	0.34308862686157227		0.0	0.0		True	False	False	1	100.34308862686157
S1-569369299	S3-305215419	29.0	0.3417518436908722		0.0	0.0		True	False	False	1	100.34175184369087
S1-569369299	S3-688194826	30.0	0.33883702754974365		0.0	0.0		True	False	False	1	100.33883702754974
S1-569369299	S2-809665812		0.0	1.0	0.9759588241577148	0.0		False	True	False	1	100.97595882415771
S1-569369299	S2-400190057		0.0	5.0	0.9696567058563232	0.0		False	True	False	1	100.96965670585632
S1-569369299	S2-495604525		0.0	6.0	0.9693646430969238	0.0		False	True	False	1	100.96936464309692
S1-569369299	S2-744098365		0.0	8.0	0.96800696849823	0.0		False	True	False	1	100.96800696849823
S1-569369299	S2-715460557		0.0	9.0	0.966164231300354	0.0		False	True	False	1	100.96616423130035
S1-569369299	S2-917258438		0.0	15.0	0.9611531496047974	0.0		False	True	False	1	100.9611531496048
S1-569369299	S2-37424835		0.0	16.0	0.9608548879623413	0.0		False	True	False	1	100.96085488796234
S1-569369299	S2-476476786		0.0	17.0	0.9599177241325378	0.0		False	True	False	1	100.95991772413254
S1-569369299	S2-258890831		0.0	18.0	0.9585283994674683	0.0		False	True	False	1	100.95852839946747
S1-569369299	S2-742077842		0.0	21.0	0.9548503160476685	0.0		False	True	False	1	100.95485031604767
S1-569369299	S2-884102769		0.0	24.0	0.9515979290008545	0.0		False	True	False	1	100.95159792900085
S1-569369299	S2-440948455		0.0	25.0	0.9515369534492493	0.0		False	True	False	1	100.95153695344925
S1-569369299	S2-784442772		0.0	26.0	0.9510438442230225	0.0		False	True	False	1	100.95104384422302
S1-569369299	S2-634571997		0.0	28.0	0.9506430625915527	0.0		False	True	False	1	100.95064306259155
S1-569369299	S2-550697952		0.0	29.0	0.9501761198043823	0.0		False	True	False	1	100.95017611980438
S1-569369299	S3-367901084		0.0	1.0	0.9688494801521301	0.0		False	True	False	1	100.96884948015213
S1-569369299	S3-185659081		0.0	6.0	0.9615705013275146	0.0		False	True	False	1	100.96157050132751
S1-569369299	S3-760959067		0.0	7.0	0.9602227807044983	0.0		False	True	False	1	100.9602227807045
S1-569369299	S3-227725397		0.0	9.0	0.9598979949951172	0.0		False	True	False	1	100.95989799499512
S1-569369299	S3-416247723		0.0	10.0	0.9589154720306396	0.0		False	True	False	1	100.95891547203064
S1-569369299	S3-221443476		0.0	12.0	0.9578622579574585	0.0		False	True	False	1	100.95786225795746
S1-569369299	S3-150632472		0.0	13.0	0.9577192664146423	0.0		False	True	False	1	100.95771926641464
S1-569369299	S3-75604340		0.0	16.0	0.9508626461029053	0.0		False	True	False	1	100.9508626461029
S1-569369299	S3-380741339		0.0	17.0	0.9507362842559814	0.0		False	True	False	1	100.95073628425598
S1-569369299	S3-374810425		0.0	19.0	0.9485266804695129	0.0		False	True	False	1	100.94852668046951
S1-569369299	S3-469272577		0.0	21.0	0.9464724063873291	0.0		False	True	False	1	100.94647240638733
S1-569369299	S3-797381132		0.0	23.0	0.944446325302124	0.0		False	True	False	1	100.94444632530212
S1-569369299	S3-265204232		0.0	25.0	0.9430027604103088	0.0		False	True	False	1	100.94300276041031
S1-569369299	S3-170975522		0.0	27.0	0.9422842264175415	0.0		False	True	False	1	100.94228422641754
S1-569369299	S3-517069981		0.0	28.0	0.9417188763618469	0.0		False	True	False	1	100.94171887636185
S1-569369299	S3-482581656		0.0	30.0	0.9406675100326538	0.0		False	True	False	1	100.94066751003265
S1-559615219	S2-84473557	1.0	0.5220092535018921		0.0	0.0		True	False	False	1	100.52200925350189
S1-559615219	S2-495604525	2.0	0.4827142655849457	14.0	0.9110991954803467	0.0		True	True	False	2	201.3938134610653
S1-559615219	S2-578484139	3.0	0.4563525319099426		0.0	0.0		True	False	False	1	100.45635253190994
S1-559615219	S2-193013091	4.0	0.4499880075454712		0.0	0.0		True	False	False	1	100.44998800754547
S1-559615219	S2-787861634	5.0	0.4292098581790924		0.0	0.0		True	False	False	1	100.42920985817909
S1-559615219	S2-89663826	6.0	0.4181705117225647	11.0	0.9148238897323608	0.0		True	True	False	2	201.33299440145493
S1-559615219	S2-378846408	7.0	0.41534554958343506		0.0	0.0		True	False	False	1	100.41534554958344
S1-559615219	S2-412565852	8.0	0.4119161069393158		0.0	0.0		True	False	False	1	100.41191610693932
S1-559615219	S2-119647643	9.0	0.4111897647380829	27.0	0.8944465517997742	0.0		True	True	False	2	201.30563631653786
S1-559615219	S2-938316135	10.0	0.40596938133239746		0.0	0.0		True	False	False	1	100.4059693813324
S1-559615219	S2-956479781	11.0	0.39071953296661377		0.0	0.0		True	False	False	1	100.39071953296661
S1-559615219	S2-378851466	12.0	0.38574761152267456	1.0	0.9446660280227661	0.0		True	True	False	2	201.33041363954544
S1-559615219	S2-268861424	13.0	0.38465774059295654	24.0	0.895859956741333	0.0		True	True	False	2	201.2805176973343
S1-559615219	S2-481572644	14.0	0.3821276128292084		0.0	0.0		True	False	False	1	100.38212761282921
S1-559615219	S2-258890831	15.0	0.3777438998222351	20.0	0.8979954719543457	0.0		True	True	False	2	201.27573937177658
S1-559615219	S2-485885002	16.0	0.376482218503952		0.0	0.0		True	False	False	1	100.37648221850395
S1-559615219	S2-934716922	17.0	0.37077105045318604	21.0	0.8979857563972473	0.0		True	True	False	2	201.26875680685043
S1-559615219	S2-501534718	18.0	0.3683147430419922		0.0	0.0		True	False	False	1	100.36831474304199
S1-559615219	S2-449438476	19.0	0.3666861355304718	25.0	0.8955919742584229	0.0		True	True	False	2	201.2622781097889
S1-559615219	S2-340420883	20.0	0.36632466316223145	7.0	0.9278547763824463	0.0		True	True	False	2	201.29417943954468
S1-559615219	S2-726058757	21.0	0.3659838140010834		0.0	0.0		True	False	False	1	100.36598381400108
S1-559615219	S2-559669701	22.0	0.36293354630470276	9.0	0.9189232587814331	0.0		True	True	False	2	201.28185680508614
S1-559615219	S2-715460557	23.0	0.3624647259712219	15.0	0.9094358086585999	0.0		True	True	False	2	201.27190053462982
S1-559615219	S2-375151053	24.0	0.3611878454685211	6.0	0.9283912777900696	0.0		True	True	False	2	201.2895791232586
S1-559615219	S2-292567038	25.0	0.3581278920173645		0.0	0.0		True	False	False	1	100.35812789201736
S1-559615219	S2-222871632	26.0	0.3457372784614563	2.0	0.9406378865242004	0.0		True	True	False	2	201.28637516498566
S1-559615219	S2-37424835	27.0	0.34496259689331055	12.0	0.9145858287811279	0.0		True	True	False	2	201.25954842567444
S1-559615219	S2-654270940	28.0	0.3423050045967102		0.0	0.0		True	False	False	1	100.34230500459671
S1-559615219	S2-210791875	29.0	0.3401208519935608		0.0	0.0		True	False	False	1	100.34012085199356
S1-559615219	S2-891600450	30.0	0.338480681180954		0.0	0.0		True	False	False	1	100.33848068118095
S1-559615219	S3-995796854	1.0	0.47778576612472534	19.0	0.907933235168457	0.0		True	True	False	2	201.38571900129318
S1-559615219	S3-573605691	2.0	0.4650781750679016	30.0	0.8941874504089355	0.0		True	True	False	2	201.35926562547684
S1-559615219	S3-695502221	3.0	0.46441569924354553		0.0	0.0		True	False	False	1	100.46441569924355
S1-559615219	S3-610536355	4.0	0.45846807956695557		0.0	0.0		True	False	False	1	100.45846807956696
S1-559615219	S3-125349995	5.0	0.41086751222610474		0.0	0.0		True	False	False	1	100.4108675122261
S1-559615219	S3-162993152	6.0	0.4088648855686188		0.0	0.0		True	False	False	1	100.40886488556862
S1-559615219	S3-184174096	7.0	0.40701502561569214	25.0	0.8994628190994263	0.0		True	True	False	2	201.30647784471512
S1-559615219	S3-185659081	8.0	0.40253642201423645	6.0	0.9287893772125244	0.0		True	True	False	2	201.33132579922676
S1-559615219	S3-367901084	9.0	0.3958096206188202		0.0	0.0		True	False	False	1	100.39580962061882
S1-559615219	S3-75604340	10.0	0.3951679766178131	8.0	0.9283792972564697	0.0		True	True	False	2	201.32354727387428
S1-559615219	S3-170975522	11.0	0.39403119683265686		0.0	0.0		True	False	False	1	100.39403119683266
S1-559615219	S3-937140604	12.0	0.392361044883728		0.0	0.0		True	False	False	1	100.39236104488373
S1-559615219	S3-895598264	13.0	0.38996046781539917		0.0	0.0		True	False	False	1	100.3899604678154
S1-559615219	S3-265204232	14.0	0.38871532678604126		0.0	0.0		True	False	False	1	100.38871532678604
S1-559615219	S3-288440193	15.0	0.37828561663627625		0.0	0.0		True	False	False	1	100.37828561663628
S1-559615219	S3-264170444	16.0	0.37614142894744873		0.0	0.0		True	False	False	1	100.37614142894745
S1-559615219	S3-289567021	17.0	0.3698697090148926	13.0	0.92136150598526	0.0		True	True	False	2	201.29123121500015
S1-559615219	S3-768772995	18.0	0.36884039640426636	27.0	0.896438717842102	0.0		True	True	False	2	201.26527911424637
S1-559615219	S3-159233685	19.0	0.3650982081890106		0.0	0.0		True	False	False	1	100.36509820818901
S1-559615219	S3-380741339	20.0	0.3638216257095337	20.0	0.9052847623825073	0.0		True	True	False	2	201.26910638809204
S1-559615219	S3-150632472	21.0	0.35359513759613037	17.0	0.910378098487854	0.0		True	True	False	2	201.26397323608398
S1-559615219	S3-819001322	22.0	0.3463985025882721		0.0	0.0		True	False	False	1	100.34639850258827
S1-559615219	S3-652287374	23.0	0.3456484079360962		0.0	0.0		True	False	False	1	100.3456484079361
S1-559615219	S3-191842349	24.0	0.34247446060180664		0.0	0.0		True	False	False	1	100.3424744606018
S1-559615219	S3-115653125	25.0	0.3421163558959961		0.0	0.0		True	False	False	1	100.342116355896
S1-559615219	S3-934627663	26.0	0.34174424409866333	1.0	0.9490002989768982	0.0		True	True	False	2	201.29074454307556
S1-559615219	S3-577972146	27.0	0.33711856603622437		0.0	0.0		True	False	False	1	100.33711856603622
S1-559615219	S3-536202929	28.0	0.33669978380203247		0.0	0.0		True	False	False	1	100.33669978380203
S1-559615219	S3-369430171	29.0	0.33421361446380615	3.0	0.9393265843391418	0.0		True	True	False	2	201.27354019880295
S1-559615219	S3-158901285	30.0	0.33282461762428284		0.0	0.0		True	False	False	1	100.33282461762428
S1-559615219	S2-476476786		0.0	3.0	0.9354395270347595	0.0		False	True	False	1	100.93543952703476
S1-559615219	S2-884102769		0.0	4.0	0.9307190179824829	0.0		False	True	False	1	100.93071901798248
S1-559615219	S2-729157829		0.0	5.0	0.9294872283935547	0.0		False	True	False	1	100.92948722839355
S1-559615219	S2-809665812		0.0	8.0	0.9244661331176758	0.0		False	True	False	1	100.92446613311768
S1-559615219	S2-440948455		0.0	10.0	0.9181550741195679	0.0		False	True	False	1	100.91815507411957
S1-559615219	S2-160823657		0.0	13.0	0.9143445491790771	0.0		False	True	False	1	100.91434454917908
S1-559615219	S2-744098365		0.0	16.0	0.908947229385376	0.0		False	True	False	1	100.90894722938538
S1-559615219	S2-400190057		0.0	17.0	0.9029664397239685	0.0		False	True	False	1	100.90296643972397
S1-559615219	S2-550697952		0.0	18.0	0.9010446667671204	0.0		False	True	False	1	100.90104466676712
S1-559615219	S2-583840796		0.0	19.0	0.9006959199905396	0.0		False	True	False	1	100.90069591999054
S1-559615219	S2-933724724		0.0	22.0	0.8977096080780029	0.0		False	True	False	1	100.897709608078
S1-559615219	S2-823489243		0.0	23.0	0.8962191939353943	0.0		False	True	False	1	100.8962191939354
S1-559615219	S2-878037834		0.0	26.0	0.8955064415931702	0.0		False	True	False	1	100.89550644159317
S1-559615219	S2-634571997		0.0	28.0	0.8935519456863403	0.0		False	True	False	1	100.89355194568634
S1-559615219	S2-416136682		0.0	29.0	0.8928310871124268	0.0		False	True	False	1	100.89283108711243
S1-559615219	S2-594115095		0.0	30.0	0.8915386199951172	0.0		False	True	False	1	100.89153861999512
S1-559615219	S3-469272577		0.0	2.0	0.947087287902832	0.0		False	True	False	1	100.94708728790283
S1-559615219	S3-760959067		0.0	4.0	0.9327927827835083	0.0		False	True	False	1	100.93279278278351
S1-559615219	S3-200532536		0.0	5.0	0.9295169711112976	0.0		False	True	False	1	100.9295169711113
S1-559615219	S3-86143878		0.0	7.0	0.9286256432533264	0.0		False	True	False	1	100.92862564325333
S1-559615219	S3-521783865		0.0	9.0	0.9269954562187195	0.0		False	True	False	1	100.92699545621872
S1-559615219	S3-797337828		0.0	10.0	0.925255537033081	0.0		False	True	False	1	100.92525553703308
S1-559615219	S3-221443476		0.0	11.0	0.922865092754364	0.0		False	True	False	1	100.92286509275436
S1-559615219	S3-227725397		0.0	12.0	0.9213924407958984	0.0		False	True	False	1	100.9213924407959
S1-559615219	S3-64079929		0.0	14.0	0.9209326505661011	0.0		False	True	False	1	100.9209326505661
S1-559615219	S3-340374288		0.0	15.0	0.9170954823493958	0.0		False	True	False	1	100.9170954823494
S1-559615219	S3-668629842		0.0	16.0	0.9117791652679443	0.0		False	True	False	1	100.91177916526794
S1-559615219	S3-22088661		0.0	18.0	0.9093597531318665	0.0		False	True	False	1	100.90935975313187
S1-559615219	S3-835032939		0.0	21.0	0.9049561023712158	0.0		False	True	False	1	100.90495610237122
S1-559615219	S3-715117209		0.0	22.0	0.9029797315597534	0.0		False	True	False	1	100.90297973155975
S1-559615219	S3-374810425		0.0	23.0	0.9022787809371948	0.0		False	True	False	1	100.9022787809372
S1-559615219	S3-416247723		0.0	24.0	0.9016083478927612	0.0		False	True	False	1	100.90160834789276
S1-559615219	S3-556228627		0.0	26.0	0.8989757299423218	0.0		False	True	False	1	100.89897572994232
S1-559615219	S3-543902884		0.0	28.0	0.8962705135345459	0.0		False	True	False	1	100.89627051353455
S1-559615219	S3-517069981		0.0	29.0	0.8959011435508728	0.0		False	True	False	1	100.89590114355087
S1-684318101	S2-258890831	1.0	0.5599228143692017	6.0	0.9669557809829712	0.0		True	True	False	2	201.52687859535217
S1-684318101	S2-193013091	2.0	0.5280136466026306	21.0	0.9546153545379639	0.0		True	True	False	2	201.4826290011406
S1-684318101	S2-84473557	3.0	0.5168707370758057	29.0	0.9524050354957581	0.0		True	True	False	2	201.46927577257156
S1-684318101	S2-560710588	4.0	0.5027914643287659		0.0	0.0		True	False	False	1	100.50279146432877
S1-684318101	S2-449438476	5.0	0.49630606174468994	22.0	0.9543554782867432	0.0		True	True	False	2	201.45066154003143
S1-684318101	S2-378846408	6.0	0.48277443647384644	7.0	0.9647087454795837	0.0		True	True	False	2	201.44748318195343
S1-684318101	S2-375151053	7.0	0.46583354473114014	9.0	0.9635913372039795	0.0		True	True	False	2	201.42942488193512
S1-684318101	S2-583840796	8.0	0.45629602670669556	5.0	0.9684934020042419	0.0		True	True	False	2	201.42478942871094
S1-684318101	S2-481572644	9.0	0.4546942114830017		0.0	0.0		True	False	False	1	100.454694211483
S1-684318101	S2-578484139	10.0	0.4484574794769287	14.0	0.9592350721359253	0.0		True	True	False	2	201.40769255161285
S1-684318101	S2-89663826	11.0	0.44218456745147705	19.0	0.9565685987472534	0.0		True	True	False	2	201.39875316619873
S1-684318101	S2-559669701	12.0	0.4402497410774231	10.0	0.9620720148086548	0.0		True	True	False	2	201.40232175588608
S1-684318101	S2-119647643	13.0	0.43987324833869934	8.0	0.9637155532836914	0.0		True	True	False	2	201.4035888016224
S1-684318101	S2-729157829	14.0	0.4361822009086609	23.0	0.9543389081954956	0.0		True	True	False	2	201.39052110910416
S1-684318101	S2-495604525	15.0	0.43350014090538025		0.0	0.0		True	False	False	1	100.43350014090538
S1-684318101	S2-485885002	16.0	0.43283650279045105		0.0	0.0		True	False	False	1	100.43283650279045
S1-684318101	S2-600460285	17.0	0.42125585675239563		0.0	0.0		True	False	False	1	100.4212558567524
S1-684318101	S2-412565852	18.0	0.41652190685272217	12.0	0.9594478011131287	0.0		True	True	False	2	201.37596970796585
S1-684318101	S2-809665812	19.0	0.41555798053741455	2.0	0.971618115901947	0.0		True	True	False	2	201.38717609643936
S1-684318101	S2-823489243	20.0	0.41159552335739136	1.0	0.972403347492218	0.0		True	True	False	2	201.3839988708496
S1-684318101	S2-956479781	21.0	0.4109764099121094		0.0	0.0		True	False	False	1	100.41097640991211
S1-684318101	S2-634571997	22.0	0.3891729712486267	27.0	0.9533134698867798	0.0		True	True	False	2	201.3424864411354
S1-684318101	S2-17102176	23.0	0.38875484466552734		0.0	0.0		True	False	False	1	100.38875484466553
S1-684318101	S2-476476786	24.0	0.38854968547821045		0.0	0.0		True	False	False	1	100.38854968547821
S1-684318101	S2-222871632	25.0	0.38642919063568115		0.0	0.0		True	False	False	1	100.38642919063568
S1-684318101	S2-744098365	26.0	0.3860112428665161	3.0	0.9698467254638672	0.0		True	True	False	2	201.35585796833038
S1-684318101	S2-767997013	27.0	0.386001855134964		0.0	0.0		True	False	False	1	100.38600185513496
S1-684318101	S2-340420883	28.0	0.3853941261768341	16.0	0.958854079246521	0.0		True	True	False	2	201.34424820542336
S1-684318101	S2-891600450	29.0	0.3826817274093628		0.0	0.0		True	False	False	1	100.38268172740936
S1-684318101	S2-786671109	30.0	0.3817126452922821		0.0	0.0		True	False	False	1	100.38171264529228
S1-684318101	S3-573605691	1.0	0.5208415389060974	19.0	0.9514808654785156	0.0		True	True	False	2	201.4723224043846
S1-684318101	S3-75604340	2.0	0.5205541849136353	22.0	0.9491687417030334	0.0		True	True	False	2	201.46972292661667
S1-684318101	S3-521783865	3.0	0.5045791864395142	18.0	0.9515341520309448	0.0		True	True	False	2	201.45611333847046
S1-684318101	S3-184174096	4.0	0.4924958348274231	30.0	0.9400901794433594	0.0		True	True	False	2	201.43258601427078
S1-684318101	S3-380741339	5.0	0.4922265410423279	1.0	0.9764077663421631	0.0		True	True	False	2	201.4686343073845
S1-684318101	S3-367901084	6.0	0.4874373972415924	2.0	0.9694696664810181	0.0		True	True	False	2	201.4569070637226
S1-684318101	S3-125349995	7.0	0.4808371067047119		0.0	0.0		True	False	False	1	100.48083710670471
S1-684318101	S3-652287374	8.0	0.47875553369522095	9.0	0.9586639404296875	0.0		True	True	False	2	201.4374194741249
S1-684318101	S3-185659081	9.0	0.4728989899158478	10.0	0.9584965705871582	0.0		True	True	False	2	201.431395560503
S1-684318101	S3-768772995	10.0	0.4574176073074341	21.0	0.949454665184021	0.0		True	True	False	2	201.40687227249146
S1-684318101	S3-265204232	11.0	0.45154812932014465	8.0	0.9596983194351196	0.0		True	True	False	2	201.41124644875526
S1-684318101	S3-468731115	12.0	0.4491516351699829	25.0	0.9452624320983887	0.0		True	True	False	2	201.39441406726837
S1-684318101	S3-289567021	13.0	0.44222480058670044	6.0	0.9626083374023438	0.0		True	True	False	2	201.40483313798904
S1-684318101	S3-577972146	14.0	0.4214687943458557	7.0	0.9605311155319214	0.0		True	True	False	2	201.38199990987778
S1-684318101	S3-22088661	15.0	0.4211711287498474	3.0	0.9646959900856018	0.0		True	True	False	2	201.38586711883545
S1-684318101	S3-389830698	16.0	0.4163135588169098	20.0	0.9503707885742188	0.0		True	True	False	2	201.36668434739113
S1-684318101	S3-536202929	17.0	0.41419675946235657	27.0	0.9411715269088745	0.0		True	True	False	2	201.35536828637123
S1-684318101	S3-937140604	18.0	0.40695661306381226		0.0	0.0		True	False	False	1	100.40695661306381
S1-684318101	S3-436480804	19.0	0.40622320771217346		0.0	0.0		True	False	False	1	100.40622320771217
S1-684318101	S3-961421742	20.0	0.4049794375896454		0.0	0.0		True	False	False	1	100.40497943758965
S1-684318101	S3-610536355	21.0	0.4030652642250061	11.0	0.9582216143608093	0.0		True	True	False	2	201.36128687858582
S1-684318101	S3-288440193	22.0	0.39852797985076904		0.0	0.0		True	False	False	1	100.39852797985077
S1-684318101	S3-995796854	23.0	0.3869735300540924	12.0	0.9581616520881653	0.0		True	True	False	2	201.34513518214226
S1-684318101	S3-323904182	24.0	0.38316109776496887		0.0	0.0		True	False	False	1	100.38316109776497
S1-684318101	S3-227725397	25.0	0.38079148530960083	13.0	0.9575084447860718	0.0		True	True	False	2	201.33829993009567
S1-684318101	S3-276427681	26.0	0.3787388801574707	14.0	0.9562991857528687	0.0		True	True	False	2	201.33503806591034
S1-684318101	S3-464265492	27.0	0.3762464225292206		0.0	0.0		True	False	False	1	100.37624642252922
S1-684318101	S3-469272577	28.0	0.3747240900993347	24.0	0.9465059041976929	0.0		True	True	False	2	201.32122999429703
S1-684318101	S3-560657213	29.0	0.37340378761291504		0.0	0.0		True	False	False	1	100.37340378761292
S1-684318101	S3-611681699	30.0	0.37229129672050476		0.0	0.0		True	False	False	1	100.3722912967205
S1-684318101	S2-400190057		0.0	4.0	0.9686967730522156	0.0		False	True	False	1	100.96869677305222
S1-684318101	S2-884102769		0.0	11.0	0.9616206884384155	0.0		False	True	False	1	100.96162068843842
S1-684318101	S2-726058757		0.0	13.0	0.959334135055542	0.0		False	True	False	1	100.95933413505554
S1-684318101	S2-576201028		0.0	15.0	0.9592231512069702	0.0		False	True	False	1	100.95922315120697
S1-684318101	S2-715460557		0.0	17.0	0.9582525491714478	0.0		False	True	False	1	100.95825254917145
S1-684318101	S2-784442772		0.0	18.0	0.9579593539237976	0.0		False	True	False	1	100.9579593539238
S1-684318101	S2-638268338		0.0	20.0	0.9556884765625	0.0		False	True	False	1	100.9556884765625
S1-684318101	S2-210791875		0.0	24.0	0.9538790583610535	0.0		False	True	False	1	100.95387905836105
S1-684318101	S2-37424835		0.0	25.0	0.9537490606307983	0.0		False	True	False	1	100.9537490606308
S1-684318101	S2-933865098		0.0	26.0	0.9536287188529968	0.0		False	True	False	1	100.953628718853
S1-684318101	S2-550697952		0.0	28.0	0.9529929161071777	0.0		False	True	False	1	100.95299291610718
S1-684318101	S2-934716922		0.0	30.0	0.9517144560813904	0.0		False	True	False	1	100.95171445608139
S1-684318101	S3-668629842		0.0	4.0	0.9640918970108032	0.0		False	True	False	1	100.9640918970108
S1-684318101	S3-760959067		0.0	5.0	0.9628244638442993	0.0		False	True	False	1	100.9628244638443
S1-684318101	S3-221443476		0.0	15.0	0.9542969465255737	0.0		False	True	False	1	100.95429694652557
S1-684318101	S3-150632472		0.0	16.0	0.9542930126190186	0.0		False	True	False	1	100.95429301261902
S1-684318101	S3-416247723		0.0	17.0	0.951872706413269	0.0		False	True	False	1	100.95187270641327
S1-684318101	S3-526709055		0.0	23.0	0.9479735493659973	0.0		False	True	False	1	100.947973549366
S1-684318101	S3-797381132		0.0	26.0	0.944981575012207	0.0		False	True	False	1	100.9449815750122
S1-684318101	S3-92755938		0.0	28.0	0.9406066536903381	0.0		False	True	False	1	100.94060665369034
S1-684318101	S3-482581656		0.0	29.0	0.9404566884040833	0.0		False	True	False	1	100.94045668840408
S1-503487168	S2-875724478	1.0	0.6357862949371338		0.0	0.0		True	False	False	1	100.63578629493713
S1-503487168	S2-537184954	2.0	0.6228257417678833		0.0	0.0		True	False	False	1	100.62282574176788
S1-503487168	S2-501534718	3.0	0.6174583435058594	19.0	0.9514274597167969	0.0		True	True	False	2	201.56888580322266
S1-503487168	S2-600460285	4.0	0.6043769121170044		0.0	0.0		True	False	False	1	100.604376912117
S1-503487168	S2-905827553	5.0	0.5882422924041748		0.0	0.0		True	False	False	1	100.58824229240417
S1-503487168	S2-357438552	6.0	0.5866904258728027		0.0	0.0		True	False	False	1	100.5866904258728
S1-503487168	S2-317480348	7.0	0.5800328254699707		0.0	0.0		True	False	False	1	100.58003282546997
S1-503487168	S2-785042722	8.0	0.573452353477478	5.0	0.9626572132110596	0.0		True	True	False	2	201.53610956668854
S1-503487168	S2-913930320	9.0	0.5698869228363037		0.0	0.0		True	False	False	1	100.5698869228363
S1-503487168	S2-485885002	10.0	0.5681756734848022		0.0	0.0		True	False	False	1	100.5681756734848
S1-503487168	S2-77137709	11.0	0.5652951598167419	20.0	0.9511862397193909	0.0		True	True	False	2	201.51648139953613
S1-503487168	S2-292567038	12.0	0.5646820068359375		0.0	0.0		True	False	False	1	100.56468200683594
S1-503487168	S2-786671109	13.0	0.5628311634063721		0.0	0.0		True	False	False	1	100.56283116340637
S1-503487168	S2-784442772	14.0	0.5561093091964722	3.0	0.9700605273246765	0.0		True	True	False	2	201.52616983652115
S1-503487168	S2-779040268	15.0	0.5538351535797119		0.0	0.0		True	False	False	1	100.55383515357971
S1-503487168	S2-578788567	16.0	0.5533953905105591		0.0	0.0		True	False	False	1	100.55339539051056
S1-503487168	S2-910351373	17.0	0.5483016967773438	15.0	0.9534924030303955	0.0		True	True	False	2	201.50179409980774
S1-503487168	S2-742077842	18.0	0.5457549691200256	22.0	0.9503870010375977	0.0		True	True	False	2	201.49614197015762
S1-503487168	S2-530685908	19.0	0.5404119491577148	4.0	0.9662532806396484	0.0		True	True	False	2	201.50666522979736
S1-503487168	S2-434748052	20.0	0.5393686294555664		0.0	0.0		True	False	False	1	100.53936862945557
S1-503487168	S2-495461061	21.0	0.5389173030853271		0.0	0.0		True	False	False	1	100.53891730308533
S1-503487168	S2-999853272	22.0	0.5384565591812134		0.0	0.0		True	False	False	1	100.53845655918121
S1-503487168	S2-229677112	23.0	0.5335173606872559		0.0	0.0		True	False	False	1	100.53351736068726
S1-503487168	S2-787861634	24.0	0.5311266183853149		0.0	0.0		True	False	False	1	100.53112661838531
S1-503487168	S2-550697952	25.0	0.5307118892669678	1.0	0.9718878269195557	0.0		True	True	False	2	201.50259971618652
S1-503487168	S2-210791875	26.0	0.5280083417892456	9.0	0.9584814310073853	0.0		True	True	False	2	201.48648977279663
S1-503487168	S2-166809876	27.0	0.5271149277687073		0.0	0.0		True	False	False	1	100.52711492776871
S1-503487168	S2-440948455	28.0	0.5268577337265015		0.0	0.0		True	False	False	1	100.5268577337265
S1-503487168	S2-634571997	29.0	0.5157526731491089		0.0	0.0		True	False	False	1	100.51575267314911
S1-503487168	S2-304177076	30.0	0.5154038667678833		0.0	0.0		True	False	False	1	100.51540386676788
S1-503487168	S3-580736465	1.0	0.6416690945625305		0.0	0.0		True	False	False	1	100.64166909456253
S1-503487168	S3-18976400	2.0	0.6210142374038696	20.0	0.9499821066856384	0.0		True	True	False	2	201.5709963440895
S1-503487168	S3-695502221	3.0	0.6047911047935486	9.0	0.9569999575614929	0.0		True	True	False	2	201.56179106235504
S1-503487168	S3-374810425	4.0	0.601848840713501		0.0	0.0		True	False	False	1	100.6018488407135
S1-503487168	S3-227725397	5.0	0.5983933210372925		0.0	0.0		True	False	False	1	100.59839332103729
S1-503487168	S3-98186645	6.0	0.5954177379608154	6.0	0.9623715877532959	0.0		True	True	False	2	201.5577893257141
S1-503487168	S3-10300249	7.0	0.5931214094161987		0.0	0.0		True	False	False	1	100.5931214094162
S1-503487168	S3-288440193	8.0	0.590711236000061	11.0	0.9569145441055298	0.0		True	True	False	2	201.5476257801056
S1-503487168	S3-536202929	9.0	0.5898851156234741	15.0	0.9533084034919739	0.0		True	True	False	2	201.54319351911545
S1-503487168	S3-289697426	10.0	0.5861121416091919		0.0	0.0		True	False	False	1	100.58611214160919
S1-503487168	S3-604980231	11.0	0.5860189199447632		0.0	0.0		True	False	False	1	100.58601891994476
S1-503487168	S3-219041197	12.0	0.5858676433563232		0.0	0.0		True	False	False	1	100.58586764335632
S1-503487168	S3-526709055	13.0	0.5758280754089355	2.0	0.9682865142822266	0.0		True	True	False	2	201.54411458969116
S1-503487168	S3-867263634	14.0	0.5742369890213013		0.0	0.0		True	False	False	1	100.5742369890213
S1-503487168	S3-159233685	15.0	0.5742215514183044		0.0	0.0		True	False	False	1	100.5742215514183
S1-503487168	S3-464265492	16.0	0.5733320713043213		0.0	0.0		True	False	False	1	100.57333207130432
S1-503487168	S3-264170444	17.0	0.5665872693061829		0.0	0.0		True	False	False	1	100.56658726930618
S1-503487168	S3-811459169	18.0	0.5622677206993103		0.0	0.0		True	False	False	1	100.56226772069931
S1-503487168	S3-960416326	19.0	0.5605446100234985	24.0	0.9455838203430176	0.0		True	True	False	2	201.50612843036652
S1-503487168	S3-218566871	20.0	0.5588815212249756	4.0	0.9666651487350464	0.0		True	True	False	2	201.52554666996002
S1-503487168	S3-895598264	21.0	0.558316707611084	10.0	0.9569737911224365	0.0		True	True	False	2	201.51529049873352
S1-503487168	S3-611681699	22.0	0.5582396984100342		0.0	0.0		True	False	False	1	100.55823969841003
S1-503487168	S3-652287374	23.0	0.5531476736068726	16.0	0.9526519179344177	0.0		True	True	False	2	201.5057995915413
S1-503487168	S3-361863410	24.0	0.5522177219390869		0.0	0.0		True	False	False	1	100.55221772193909
S1-503487168	S3-127741306	25.0	0.5502370595932007		0.0	0.0		True	False	False	1	100.5502370595932
S1-503487168	S3-158901285	26.0	0.5481764078140259		0.0	0.0		True	False	False	1	100.54817640781403
S1-503487168	S3-250324284	27.0	0.5476062297821045		0.0	0.0		True	False	False	1	100.5476062297821
S1-503487168	S3-86143878	28.0	0.5474175214767456		0.0	0.0		True	False	False	1	100.54741752147675
S1-503487168	S3-276427681	29.0	0.5409687161445618	1.0	0.9701330661773682	0.0		True	True	False	2	201.51110178232193
S1-503487168	S3-825495383	30.0	0.5364123582839966	29.0	0.9400862455368042	0.0		True	True	False	2	201.4764986038208
S1-503487168	S2-592412285		0.0	2.0	0.9702313542366028	0.0		False	True	False	1	100.9702313542366
S1-503487168	S2-767997013		0.0	6.0	0.9619721174240112	0.0		False	True	False	1	100.96197211742401
S1-503487168	S2-583840796		0.0	7.0	0.9602092504501343	0.0		False	True	False	1	100.96020925045013
S1-503487168	S2-193013091		0.0	8.0	0.9589126110076904	0.0		False	True	False	1	100.95891261100769
S1-503487168	S2-258890831		0.0	10.0	0.9581676721572876	0.0		False	True	False	1	100.95816767215729
S1-503487168	S2-933865098		0.0	11.0	0.9560688138008118	0.0		False	True	False	1	100.95606881380081
S1-503487168	S2-400190057		0.0	12.0	0.9553321003913879	0.0		False	True	False	1	100.95533210039139
S1-503487168	S2-223826524		0.0	13.0	0.9545352458953857	0.0		False	True	False	1	100.95453524589539
S1-503487168	S2-576201028		0.0	14.0	0.9535515904426575	0.0		False	True	False	1	100.95355159044266
S1-503487168	S2-744098365		0.0	16.0	0.951961874961853	0.0		False	True	False	1	100.95196187496185
S1-503487168	S2-594115095		0.0	17.0	0.9518561363220215	0.0		False	True	False	1	100.95185613632202
S1-503487168	S2-119647643		0.0	18.0	0.9517831206321716	0.0		False	True	False	1	100.95178312063217
S1-503487168	S2-715460557		0.0	21.0	0.9511580467224121	0.0		False	True	False	1	100.95115804672241
S1-503487168	S2-934716922		0.0	23.0	0.9495453834533691	0.0		False	True	False	1	100.94954538345337
S1-503487168	S2-378846408		0.0	24.0	0.9489060640335083	0.0		False	True	False	1	100.94890606403351
S1-503487168	S2-412565852		0.0	25.0	0.9484235048294067	0.0		False	True	False	1	100.9484235048294
S1-503487168	S2-647447093		0.0	26.0	0.9482436180114746	0.0		False	True	False	1	100.94824361801147
S1-503487168	S2-809665812		0.0	27.0	0.9481844902038574	0.0		False	True	False	1	100.94818449020386
S1-503487168	S2-638268338		0.0	28.0	0.9481483697891235	0.0		False	True	False	1	100.94814836978912
S1-503487168	S2-262646344		0.0	29.0	0.9476786851882935	0.0		False	True	False	1	100.9476786851883
S1-503487168	S2-742018880		0.0	30.0	0.9475744962692261	0.0		False	True	False	1	100.94757449626923
S1-503487168	S3-797381132		0.0	3.0	0.9676799774169922	0.0		False	True	False	1	100.96767997741699
S1-503487168	S3-662721327		0.0	5.0	0.9649307131767273	0.0		False	True	False	1	100.96493071317673
S1-503487168	S3-577972146		0.0	7.0	0.9589676856994629	0.0		False	True	False	1	100.95896768569946
S1-503487168	S3-819001322		0.0	8.0	0.9580151438713074	0.0		False	True	False	1	100.95801514387131
S1-503487168	S3-688194826		0.0	12.0	0.9555723667144775	0.0		False	True	False	1	100.95557236671448
S1-503487168	S3-768772995		0.0	13.0	0.9551902413368225	0.0		False	True	False	1	100.95519024133682
S1-503487168	S3-482581656		0.0	14.0	0.9544892311096191	0.0		False	True	False	1	100.95448923110962
S1-503487168	S3-170975522		0.0	17.0	0.9525747299194336	0.0		False	True	False	1	100.95257472991943
S1-503487168	S3-305215419		0.0	18.0	0.9509550929069519	0.0		False	True	False	1	100.95095509290695
S1-503487168	S3-389830698		0.0	19.0	0.9500792026519775	0.0		False	True	False	1	100.95007920265198
S1-503487168	S3-219844340		0.0	21.0	0.9479334354400635	0.0		False	True	False	1	100.94793343544006
S1-503487168	S3-760959067		0.0	22.0	0.9467411637306213	0.0		False	True	False	1	100.94674116373062
S1-503487168	S3-610536355		0.0	23.0	0.9464882612228394	0.0		False	True	False	1	100.94648826122284
S1-503487168	S3-971111671		0.0	25.0	0.9435040950775146	0.0		False	True	False	1	100.94350409507751
S1-503487168	S3-436480804		0.0	26.0	0.9410150647163391	0.0		False	True	False	1	100.94101506471634
S1-503487168	S3-125349995		0.0	27.0	0.940818190574646	0.0		False	True	False	1	100.94081819057465
S1-503487168	S3-367901084		0.0	28.0	0.9405306577682495	0.0		False	True	False	1	100.94053065776825
S1-503487168	S3-221443476		0.0	30.0	0.9395301342010498	0.0		False	True	False	1	100.93953013420105
S1-967139755	S2-485885002	1.0	0.5643060207366943		0.0	0.0		True	False	False	1	100.5643060207367
S1-967139755	S2-786671109	2.0	0.563475489616394	6.0	0.9607014060020447	0.0		True	True	False	2	201.52417689561844
S1-967139755	S2-229677112	3.0	0.5525084733963013	8.0	0.9588115811347961	0.0		True	True	False	2	201.5113200545311
S1-967139755	S2-784442772	4.0	0.5356855988502502	14.0	0.9516786336898804	0.0		True	True	False	2	201.48736423254013
S1-967139755	S2-434748052	5.0	0.5320677757263184	21.0	0.9404183030128479	0.0		True	True	False	2	201.47248607873917
S1-967139755	S2-317480348	6.0	0.5315039157867432		0.0	0.0		True	False	False	1	100.53150391578674
S1-967139755	S2-956479781	7.0	0.5253431797027588		0.0	0.0		True	False	False	1	100.52534317970276
S1-967139755	S2-292567038	8.0	0.5233873128890991		0.0	0.0		True	False	False	1	100.5233873128891
S1-967139755	S2-905827553	9.0	0.522602379322052		0.0	0.0		True	False	False	1	100.52260237932205
S1-967139755	S2-210791875	10.0	0.5220843553543091	11.0	0.9541376829147339	0.0		True	True	False	2	201.47622203826904
S1-967139755	S2-910351373	11.0	0.5088059306144714	18.0	0.9492182731628418	0.0		True	True	False	2	201.4580242037773
S1-967139755	S2-913930320	12.0	0.5078108310699463		0.0	0.0		True	False	False	1	100.50781083106995
S1-967139755	S2-550697952	13.0	0.49963799118995667		0.0	0.0		True	False	False	1	100.49963799118996
S1-967139755	S2-742077842	14.0	0.49933135509490967		0.0	0.0		True	False	False	1	100.49933135509491
S1-967139755	S2-875724478	15.0	0.4945577383041382	9.0	0.9570453763008118	0.0		True	True	False	2	201.45160311460495
S1-967139755	S2-785042722	16.0	0.49360722303390503	15.0	0.9505069255828857	0.0		True	True	False	2	201.4441141486168
S1-967139755	S2-600460285	17.0	0.4911300539970398	3.0	0.9638621807098389	0.0		True	True	False	2	201.45499223470688
S1-967139755	S2-634571997	18.0	0.48777875304222107	22.0	0.9402726292610168	0.0		True	True	False	2	201.42805138230324
S1-967139755	S2-223826524	19.0	0.4786475598812103	7.0	0.9590650796890259	0.0		True	True	False	2	201.43771263957024
S1-967139755	S2-537184954	20.0	0.47740480303764343		0.0	0.0		True	False	False	1	100.47740480303764
S1-967139755	S2-304177076	21.0	0.4758339524269104		0.0	0.0		True	False	False	1	100.47583395242691
S1-967139755	S2-767997013	22.0	0.4757552146911621	2.0	0.9714996218681335	0.0		True	True	False	2	201.4472548365593
S1-967139755	S2-934716922	23.0	0.4651537537574768		0.0	0.0		True	False	False	1	100.46515375375748
S1-967139755	S2-192345572	24.0	0.4598936438560486		0.0	0.0		True	False	False	1	100.45989364385605
S1-967139755	S2-576201028	25.0	0.4558388292789459	19.0	0.9414471983909607	0.0		True	True	False	2	201.3972860276699
S1-967139755	S2-166809876	26.0	0.45397692918777466		0.0	0.0		True	False	False	1	100.45397692918777
S1-967139755	S2-501534718	27.0	0.45229971408843994	13.0	0.9529394507408142	0.0		True	True	False	2	201.40523916482925
S1-967139755	S2-578788567	28.0	0.45087581872940063	1.0	0.9804531335830688	0.0		True	True	False	2	201.43132895231247
S1-967139755	S2-654270940	29.0	0.44481360912323		0.0	0.0		True	False	False	1	100.44481360912323
S1-967139755	S2-77137709	30.0	0.44097715616226196	16.0	0.9495681524276733	0.0		True	True	False	2	201.39054530858994
S1-967139755	S3-825495383	1.0	0.5818449258804321	30.0	0.9458638429641724	0.0		True	True	False	2	201.5277087688446
S1-967139755	S3-688194826	2.0	0.5692347884178162	16.0	0.9612739682197571	0.0		True	True	False	2	201.53050875663757
S1-967139755	S3-464265492	3.0	0.5668256282806396	18.0	0.9595451951026917	0.0		True	True	False	2	201.52637082338333
S1-967139755	S3-250324284	4.0	0.5582432150840759	9.0	0.9654842019081116	0.0		True	True	False	2	201.5237274169922
S1-967139755	S3-191842349	5.0	0.557734489440918		0.0	0.0		True	False	False	1	100.55773448944092
S1-967139755	S3-877919199	6.0	0.5449057817459106		0.0	0.0		True	False	False	1	100.54490578174591
S1-967139755	S3-288440193	7.0	0.5361518263816833	3.0	0.9736732244491577	0.0		True	True	False	2	201.50982505083084
S1-967139755	S3-10300249	8.0	0.5337356328964233		0.0	0.0		True	False	False	1	100.53373563289642
S1-967139755	S3-604980231	9.0	0.5333168506622314		0.0	0.0		True	False	False	1	100.53331685066223
S1-967139755	S3-361863410	10.0	0.5302277207374573		0.0	0.0		True	False	False	1	100.53022772073746
S1-967139755	S3-276427681	11.0	0.529194712638855	17.0	0.9599752426147461	0.0		True	True	False	2	201.4891699552536
S1-967139755	S3-960416326	12.0	0.5205703973770142	7.0	0.9676094055175781	0.0		True	True	False	2	201.4881798028946
S1-967139755	S3-536202929	13.0	0.5204059481620789	10.0	0.9652318358421326	0.0		True	True	False	2	201.4856377840042
S1-967139755	S3-127741306	14.0	0.5193982124328613	22.0	0.9568130970001221	0.0		True	True	False	2	201.47621130943298
S1-967139755	S3-895598264	15.0	0.5129489302635193	27.0	0.9509760737419128	0.0		True	True	False	2	201.46392500400543
S1-967139755	S3-170975522	16.0	0.5084553956985474	24.0	0.953545331954956	0.0		True	True	False	2	201.4620007276535
S1-967139755	S3-18976400	17.0	0.5042168498039246	25.0	0.9533722996711731	0.0		True	True	False	2	201.4575891494751
S1-967139755	S3-695502221	18.0	0.5024387836456299	2.0	0.9766640663146973	0.0		True	True	False	2	201.47910284996033
S1-967139755	S3-264170444	19.0	0.49602916836738586		0.0	0.0		True	False	False	1	100.49602916836739
S1-967139755	S3-436480804	20.0	0.491131067276001	20.0	0.9573678374290466	0.0		True	True	False	2	201.44849890470505
S1-967139755	S3-853414998	21.0	0.49044060707092285		0.0	0.0		True	False	False	1	100.49044060707092
S1-967139755	S3-159233685	22.0	0.4898498058319092		0.0	0.0		True	False	False	1	100.48984980583191
S1-967139755	S3-125349995	23.0	0.4885161221027374	1.0	0.9783570170402527	0.0		True	True	False	2	201.466873139143
S1-967139755	S3-115653125	24.0	0.4871981143951416		0.0	0.0		True	False	False	1	100.48719811439514
S1-967139755	S3-652287374	25.0	0.4844284653663635	21.0	0.9568451642990112	0.0		True	True	False	2	201.44127362966537
S1-967139755	S3-158901285	26.0	0.48187071084976196	11.0	0.9640226364135742	0.0		True	True	False	2	201.44589334726334
S1-967139755	S3-162993152	27.0	0.4813954532146454	29.0	0.9490731954574585	0.0		True	True	False	2	201.4304686486721
S1-967139755	S3-219041197	28.0	0.4773319661617279		0.0	0.0		True	False	False	1	100.47733196616173
S1-967139755	S3-580736465	29.0	0.47249704599380493		0.0	0.0		True	False	False	1	100.4724970459938
S1-967139755	S3-577972146	30.0	0.47120165824890137	15.0	0.9620397090911865	0.0		True	True	False	2	201.4332413673401
S1-967139755	S2-530685908		0.0	4.0	0.9635694026947021	0.0		False	True	False	1	100.9635694026947
S1-967139755	S2-357438552		0.0	5.0	0.9611992835998535	0.0		False	True	False	1	100.96119928359985
S1-967139755	S2-578484139		0.0	10.0	0.9544154405593872	0.0		False	True	False	1	100.95441544055939
S1-967139755	S2-193013091		0.0	12.0	0.9535506963729858	0.0		False	True	False	1	100.95355069637299
S1-967139755	S2-787861634		0.0	17.0	0.949356734752655	0.0		False	True	False	1	100.94935673475266
S1-967139755	S2-378846408		0.0	20.0	0.9407249689102173	0.0		False	True	False	1	100.94072496891022
S1-967139755	S2-4583532		0.0	23.0	0.938846230506897	0.0		False	True	False	1	100.9388462305069
S1-967139755	S2-592412285		0.0	24.0	0.9371492862701416	0.0		False	True	False	1	100.93714928627014
S1-967139755	S2-412565852		0.0	25.0	0.9369723200798035	0.0		False	True	False	1	100.9369723200798
S1-967139755	S2-84473557		0.0	26.0	0.9360032081604004	0.0		False	True	False	1	100.9360032081604
S1-967139755	S2-933865098		0.0	27.0	0.9334357976913452	0.0		False	True	False	1	100.93343579769135
S1-967139755	S2-258890831		0.0	28.0	0.933341920375824	0.0		False	True	False	1	100.93334192037582
S1-967139755	S2-463756409		0.0	29.0	0.9328289031982422	0.0		False	True	False	1	100.93282890319824
S1-967139755	S2-262646344		0.0	30.0	0.9324960708618164	0.0		False	True	False	1	100.93249607086182
S1-967139755	S3-819001322		0.0	4.0	0.9736180305480957	0.0		False	True	False	1	100.9736180305481
S1-967139755	S3-662721327		0.0	5.0	0.9699761867523193	0.0		False	True	False	1	100.96997618675232
S1-967139755	S3-218566871		0.0	6.0	0.9688652753829956	0.0		False	True	False	1	100.968865275383
S1-967139755	S3-173398261		0.0	8.0	0.966519832611084	0.0		False	True	False	1	100.96651983261108
S1-967139755	S3-98186645		0.0	12.0	0.9632478356361389	0.0		False	True	False	1	100.96324783563614
S1-967139755	S3-961421742		0.0	13.0	0.9624843597412109	0.0		False	True	False	1	100.96248435974121
S1-967139755	S3-526709055		0.0	14.0	0.9622209668159485	0.0		False	True	False	1	100.96222096681595
S1-967139755	S3-482581656		0.0	19.0	0.9593430757522583	0.0		False	True	False	1	100.95934307575226
S1-967139755	S3-219844340		0.0	23.0	0.9544621706008911	0.0		False	True	False	1	100.95446217060089
S1-967139755	S3-483958914		0.0	26.0	0.9517510533332825	0.0		False	True	False	1	100.95175105333328
S1-967139755	S3-610536355		0.0	28.0	0.9508720636367798	0.0		False	True	False	1	100.95087206363678
S1-983819279	S2-193013091	1.0	0.49095800518989563		0.0	0.0		True	False	False	1	100.4909580051899
S1-983819279	S2-258890831	2.0	0.47345080971717834	8.0	0.9563987255096436	0.0		True	True	False	2	201.42984953522682
S1-983819279	S2-956479781	3.0	0.45218634605407715		0.0	0.0		True	False	False	1	100.45218634605408
S1-983819279	S2-449438476	4.0	0.42970648407936096	2.0	0.9639051556587219	0.0		True	True	False	2	201.39361163973808
S1-983819279	S2-729157829	5.0	0.4267504811286926		0.0	0.0		True	False	False	1	100.42675048112869
S1-983819279	S2-476476786	6.0	0.4236949682235718	18.0	0.9472218751907349	0.0		True	True	False	2	201.3709168434143
S1-983819279	S2-905827553	7.0	0.4172004461288452		0.0	0.0		True	False	False	1	100.41720044612885
S1-983819279	S2-504393659	8.0	0.40649670362472534		0.0	0.0		True	False	False	1	100.40649670362473
S1-983819279	S2-210791875	9.0	0.4062786102294922	21.0	0.9466841220855713	0.0		True	True	False	2	201.35296273231506
S1-983819279	S2-412565852	10.0	0.40520811080932617	10.0	0.9525986909866333	0.0		True	True	False	2	201.35780680179596
S1-983819279	S2-378851466	11.0	0.4004635810852051		0.0	0.0		True	False	False	1	100.4004635810852
S1-983819279	S2-416136682	12.0	0.3991420567035675	30.0	0.9404678344726562	0.0		True	True	False	2	201.33960989117622
S1-983819279	S2-222871632	13.0	0.3971673250198364		0.0	0.0		True	False	False	1	100.39716732501984
S1-983819279	S2-809665812	14.0	0.39584898948669434	27.0	0.9429035782814026	0.0		True	True	False	2	201.3387525677681
S1-983819279	S2-192345572	15.0	0.39486193656921387		0.0	0.0		True	False	False	1	100.39486193656921
S1-983819279	S2-485885002	16.0	0.3929453492164612		0.0	0.0		True	False	False	1	100.39294534921646
S1-983819279	S2-559669701	17.0	0.39283689856529236		0.0	0.0		True	False	False	1	100.39283689856529
S1-983819279	S2-933865098	18.0	0.38973402976989746		0.0	0.0		True	False	False	1	100.3897340297699
S1-983819279	S2-89663826	19.0	0.38842153549194336	5.0	0.9616581797599792	0.0		True	True	False	2	201.35007971525192
S1-983819279	S2-378846408	20.0	0.38525497913360596		0.0	0.0		True	False	False	1	100.3852549791336
S1-983819279	S2-560710588	21.0	0.38151073455810547	25.0	0.9434713125228882	0.0		True	True	False	2	201.324982047081
S1-983819279	S2-537184954	22.0	0.3800753951072693		0.0	0.0		True	False	False	1	100.38007539510727
S1-983819279	S2-158121477	23.0	0.3799680471420288		0.0	0.0		True	False	False	1	100.37996804714203
S1-983819279	S2-84473557	24.0	0.3794974982738495	9.0	0.9545606970787048	0.0		True	True	False	2	201.33405819535255
S1-983819279	S2-934716922	25.0	0.37288716435432434		0.0	0.0		True	False	False	1	100.37288716435432
S1-983819279	S2-578484139	26.0	0.3674432039260864		0.0	0.0		True	False	False	1	100.36744320392609
S1-983819279	S2-268861424	27.0	0.36672118306159973		0.0	0.0		True	False	False	1	100.3667211830616
S1-983819279	S2-229677112	28.0	0.3616475462913513		0.0	0.0		True	False	False	1	100.36164754629135
S1-983819279	S2-530685908	29.0	0.36076319217681885		0.0	0.0		True	False	False	1	100.36076319217682
S1-983819279	S2-785042722	30.0	0.3606487214565277		0.0	0.0		True	False	False	1	100.36064872145653
S1-983819279	S3-185659081	1.0	0.5175219774246216	2.0	0.9645615816116333	0.0		True	True	False	2	201.48208355903625
S1-983819279	S3-380741339	2.0	0.4858892261981964	10.0	0.9524798393249512	0.0		True	True	False	2	201.43836906552315
S1-983819279	S3-469272577	3.0	0.46518397331237793	16.0	0.9456416964530945	0.0		True	True	False	2	201.41082566976547
S1-983819279	S3-184174096	4.0	0.45167362689971924	15.0	0.9460726976394653	0.0		True	True	False	2	201.39774632453918
S1-983819279	S3-877919199	5.0	0.4231904447078705		0.0	0.0		True	False	False	1	100.42319044470787
S1-983819279	S3-22088661	6.0	0.4220719337463379	12.0	0.9492570757865906	0.0		True	True	False	2	201.37132900953293
S1-983819279	S3-768772995	7.0	0.41944658756256104	17.0	0.9450167417526245	0.0		True	True	False	2	201.36446332931519
S1-983819279	S3-521783865	8.0	0.4173983037471771	25.0	0.9364263415336609	0.0		True	True	False	2	201.35382464528084
S1-983819279	S3-162993152	9.0	0.4159014821052551		0.0	0.0		True	False	False	1	100.41590148210526
S1-983819279	S3-159233685	10.0	0.40601474046707153		0.0	0.0		True	False	False	1	100.40601474046707
S1-983819279	S3-389830698	11.0	0.40580862760543823	30.0	0.932187557220459	0.0		True	True	False	2	201.3379961848259
S1-983819279	S3-264170444	12.0	0.40469956398010254		0.0	0.0		True	False	False	1	100.4046995639801
S1-983819279	S3-937140604	13.0	0.40447941422462463	22.0	0.9394733309745789	0.0		True	True	False	2	201.3439527451992
S1-983819279	S3-170975522	14.0	0.404117226600647	21.0	0.9394908547401428	0.0		True	True	False	2	201.3436080813408
S1-983819279	S3-464265492	15.0	0.4019966721534729		0.0	0.0		True	False	False	1	100.40199667215347
S1-983819279	S3-688194826	16.0	0.3976850211620331		0.0	0.0		True	False	False	1	100.39768502116203
S1-983819279	S3-125349995	17.0	0.3819117546081543		0.0	0.0		True	False	False	1	100.38191175460815
S1-983819279	S3-825495383	18.0	0.37954598665237427		0.0	0.0		True	False	False	1	100.37954598665237
S1-983819279	S3-75604340	19.0	0.3763027787208557	11.0	0.9506099224090576	0.0		True	True	False	2	201.3269127011299
S1-983819279	S3-218566871	20.0	0.3743131160736084		0.0	0.0		True	False	False	1	100.37431311607361
S1-983819279	S3-560657213	21.0	0.37120699882507324	27.0	0.9360364079475403	0.0		True	True	False	2	201.3072434067726
S1-983819279	S3-610536355	22.0	0.37077128887176514	23.0	0.9371238946914673	0.0		True	True	False	2	201.30789518356323
S1-983819279	S3-652287374	23.0	0.3695756793022156		0.0	0.0		True	False	False	1	100.36957567930222
S1-983819279	S3-760959067	24.0	0.3662075400352478	4.0	0.9571012258529663	0.0		True	True	False	2	201.3233087658882
S1-983819279	S3-995796854	25.0	0.36580586433410645	1.0	0.9646798968315125	0.0		True	True	False	2	201.33048576116562
S1-983819279	S3-536202929	26.0	0.3651774525642395		0.0	0.0		True	False	False	1	100.36517745256424
S1-983819279	S3-811459169	27.0	0.3631872534751892		0.0	0.0		True	False	False	1	100.36318725347519
S1-983819279	S3-158901285	28.0	0.3606431484222412		0.0	0.0		True	False	False	1	100.36064314842224
S1-983819279	S3-668629842	29.0	0.36001014709472656	13.0	0.9471520185470581	0.0		True	True	False	2	201.30716216564178
S1-983819279	S3-10300249	30.0	0.35881492495536804		0.0	0.0		True	False	False	1	100.35881492495537
S1-983819279	S2-744098365		0.0	1.0	0.9681973457336426	0.0		False	True	False	1	100.96819734573364
S1-983819279	S2-884102769		0.0	3.0	0.9631584286689758	0.0		False	True	False	1	100.96315842866898
S1-983819279	S2-340420883		0.0	4.0	0.9625645875930786	0.0		False	True	False	1	100.96256458759308
S1-983819279	S2-726058757		0.0	6.0	0.9600203633308411	0.0		False	True	False	1	100.96002036333084
S1-983819279	S2-823489243		0.0	7.0	0.9576880931854248	0.0		False	True	False	1	100.95768809318542
S1-983819279	S2-638268338		0.0	11.0	0.9524753093719482	0.0		False	True	False	1	100.95247530937195
S1-983819279	S2-481572644		0.0	12.0	0.9520124197006226	0.0		False	True	False	1	100.95201241970062
S1-983819279	S2-37424835		0.0	13.0	0.9516448974609375	0.0		False	True	False	1	100.95164489746094
S1-983819279	S2-576201028		0.0	14.0	0.9512531757354736	0.0		False	True	False	1	100.95125317573547
S1-983819279	S2-400190057		0.0	15.0	0.9505894184112549	0.0		False	True	False	1	100.95058941841125
S1-983819279	S2-119647643		0.0	16.0	0.9495567083358765	0.0		False	True	False	1	100.94955670833588
S1-983819279	S2-375151053		0.0	17.0	0.947923481464386	0.0		False	True	False	1	100.94792348146439
S1-983819279	S2-784442772		0.0	19.0	0.9470686912536621	0.0		False	True	False	1	100.94706869125366
S1-983819279	S2-495604525		0.0	20.0	0.9469579458236694	0.0		False	True	False	1	100.94695794582367
S1-983819279	S2-583840796		0.0	22.0	0.9451522827148438	0.0		False	True	False	1	100.94515228271484
S1-983819279	S2-715460557		0.0	23.0	0.9447354078292847	0.0		False	True	False	1	100.94473540782928
S1-983819279	S2-440948455		0.0	24.0	0.94374018907547	0.0		False	True	False	1	100.94374018907547
S1-983819279	S2-634571997		0.0	26.0	0.9429278373718262	0.0		False	True	False	1	100.94292783737183
S1-983819279	S2-938316135		0.0	28.0	0.9428839087486267	0.0		False	True	False	1	100.94288390874863
S1-983819279	S2-701289183		0.0	29.0	0.9413267374038696	0.0		False	True	False	1	100.94132673740387
S1-983819279	S3-150632472		0.0	3.0	0.9572076797485352	0.0		False	True	False	1	100.95720767974854
S1-983819279	S3-367901084		0.0	5.0	0.9570860862731934	0.0		False	True	False	1	100.9570860862732
S1-983819279	S3-468731115		0.0	6.0	0.9557561874389648	0.0		False	True	False	1	100.95575618743896
S1-983819279	S3-573605691		0.0	7.0	0.9557085037231445	0.0		False	True	False	1	100.95570850372314
S1-983819279	S3-289567021		0.0	8.0	0.9553104639053345	0.0		False	True	False	1	100.95531046390533
S1-983819279	S3-227725397		0.0	9.0	0.9543819427490234	0.0		False	True	False	1	100.95438194274902
S1-983819279	S3-265204232		0.0	14.0	0.9462968707084656	0.0		False	True	False	1	100.94629687070847
S1-983819279	S3-374810425		0.0	18.0	0.9445743560791016	0.0		False	True	False	1	100.9445743560791
S1-983819279	S3-340374288		0.0	19.0	0.94143146276474	0.0		False	True	False	1	100.94143146276474
S1-983819279	S3-577972146		0.0	20.0	0.9398545026779175	0.0		False	True	False	1	100.93985450267792
S1-983819279	S3-556228627		0.0	24.0	0.936539888381958	0.0		False	True	False	1	100.93653988838196
S1-983819279	S3-221443476		0.0	26.0	0.9361121654510498	0.0		False	True	False	1	100.93611216545105
S1-983819279	S3-173398261		0.0	28.0	0.9359214305877686	0.0		False	True	False	1	100.93592143058777
S1-983819279	S3-416247723		0.0	29.0	0.9353062510490417	0.0		False	True	False	1	100.93530625104904
S1-577269922	S2-875724478	1.0	0.6506131887435913		0.0	0.0		True	False	False	1	100.65061318874359
S1-577269922	S2-485885002	2.0	0.6289390325546265		0.0	0.0		True	False	False	1	100.62893903255463
S1-577269922	S2-913930320	3.0	0.5956605076789856	21.0	0.8571232557296753	0.0		True	True	False	2	201.45278376340866
S1-577269922	S2-785042722	4.0	0.5948570370674133	11.0	0.8707147240638733	0.0		True	True	False	2	201.4655717611313
S1-577269922	S2-786671109	5.0	0.5927789211273193		0.0	0.0		True	False	False	1	100.59277892112732
S1-577269922	S2-905827553	6.0	0.5809004902839661		0.0	0.0		True	False	False	1	100.58090049028397
S1-577269922	S2-530685908	7.0	0.5733742713928223	9.0	0.8730394244194031	0.0		True	True	False	2	201.44641369581223
S1-577269922	S2-292567038	8.0	0.5712689161300659		0.0	0.0		True	False	False	1	100.57126891613007
S1-577269922	S2-304177076	9.0	0.566999614238739		0.0	0.0		True	False	False	1	100.56699961423874
S1-577269922	S2-434748052	10.0	0.5649435520172119	25.0	0.8533318042755127	0.0		True	True	False	2	201.41827535629272
S1-577269922	S2-999853272	11.0	0.5506094694137573	10.0	0.8710311651229858	0.0		True	True	False	2	201.42164063453674
S1-577269922	S2-537184954	12.0	0.5489935874938965	20.0	0.857906699180603	0.0		True	True	False	2	201.4069002866745
S1-577269922	S2-956479781	13.0	0.5435729026794434		0.0	0.0		True	False	False	1	100.54357290267944
S1-577269922	S2-210791875	14.0	0.5416150689125061	7.0	0.8775438070297241	0.0		True	True	False	2	201.41915887594223
S1-577269922	S2-317480348	15.0	0.5381171703338623	23.0	0.8540443778038025	0.0		True	True	False	2	201.39216154813766
S1-577269922	S2-600460285	16.0	0.5349048376083374		0.0	0.0		True	False	False	1	100.53490483760834
S1-577269922	S2-784442772	17.0	0.5345563292503357	13.0	0.8686743974685669	0.0		True	True	False	2	201.4032307267189
S1-577269922	S2-578788567	18.0	0.533136248588562		0.0	0.0		True	False	False	1	100.53313624858856
S1-577269922	S2-166809876	19.0	0.5278076529502869		0.0	0.0		True	False	False	1	100.52780765295029
S1-577269922	S2-223826524	20.0	0.5190927386283875	8.0	0.8739720582962036	0.0		True	True	False	2	201.3930647969246
S1-577269922	S2-550697952	21.0	0.5186514854431152	6.0	0.8841329216957092	0.0		True	True	False	2	201.40278440713882
S1-577269922	S2-192345572	22.0	0.5147840976715088		0.0	0.0		True	False	False	1	100.51478409767151
S1-577269922	S2-910351373	23.0	0.5035625696182251	3.0	0.8952112197875977	0.0		True	True	False	2	201.39877378940582
S1-577269922	S2-767997013	24.0	0.4994984269142151	30.0	0.849612832069397	0.0		True	True	False	2	201.3491112589836
S1-577269922	S2-495461061	25.0	0.4855343699455261		0.0	0.0		True	False	False	1	100.48553436994553
S1-577269922	S2-591078525	26.0	0.4834662079811096		0.0	0.0		True	False	False	1	100.48346620798111
S1-577269922	S2-229677112	27.0	0.4778527617454529		0.0	0.0		True	False	False	1	100.47785276174545
S1-577269922	S2-787861634	28.0	0.47712624073028564		0.0	0.0		True	False	False	1	100.47712624073029
S1-577269922	S2-654270940	29.0	0.4718739986419678	2.0	0.8953148722648621	0.0		True	True	False	2	201.36718887090683
S1-577269922	S2-357438552	30.0	0.4712676703929901		0.0	0.0		True	False	False	1	100.47126767039299
S1-577269922	S3-877919199	1.0	0.615407407283783	7.0	0.8828049898147583	0.0		True	True	False	2	201.49821239709854
S1-577269922	S3-526709055	2.0	0.5912299156188965	10.0	0.8690353035926819	0.0		True	True	False	2	201.46026521921158
S1-577269922	S3-162993152	3.0	0.5906481742858887		0.0	0.0		True	False	False	1	100.59064817428589
S1-577269922	S3-825495383	4.0	0.5870305299758911	5.0	0.901588499546051	0.0		True	True	False	2	201.48861902952194
S1-577269922	S3-170975522	5.0	0.5771673321723938	21.0	0.8564202189445496	0.0		True	True	False	2	201.43358755111694
S1-577269922	S3-127741306	6.0	0.5752918720245361		0.0	0.0		True	False	False	1	100.57529187202454
S1-577269922	S3-219041197	7.0	0.5714275240898132		0.0	0.0		True	False	False	1	100.57142752408981
S1-577269922	S3-662721327	8.0	0.5712525844573975	17.0	0.8595731258392334	0.0		True	True	False	2	201.43082571029663
S1-577269922	S3-604980231	9.0	0.5682302713394165		0.0	0.0		True	False	False	1	100.56823027133942
S1-577269922	S3-191842349	10.0	0.5632587671279907		0.0	0.0		True	False	False	1	100.56325876712799
S1-577269922	S3-436480804	11.0	0.5585768222808838		0.0	0.0		True	False	False	1	100.55857682228088
S1-577269922	S3-115653125	12.0	0.5554221868515015	14.0	0.8635638952255249	0.0		True	True	False	2	201.41898608207703
S1-577269922	S3-159233685	13.0	0.5542623400688171		0.0	0.0		True	False	False	1	100.55426234006882
S1-577269922	S3-960416326	14.0	0.5492676496505737		0.0	0.0		True	False	False	1	100.54926764965057
S1-577269922	S3-867263634	15.0	0.5451908111572266		0.0	0.0		True	False	False	1	100.54519081115723
S1-577269922	S3-462677478	16.0	0.5440465211868286		0.0	0.0		True	False	False	1	100.54404652118683
S1-577269922	S3-323904182	17.0	0.5430237054824829		0.0	0.0		True	False	False	1	100.54302370548248
S1-577269922	S3-464265492	18.0	0.536788821220398		0.0	0.0		True	False	False	1	100.5367888212204
S1-577269922	S3-289697426	19.0	0.5351693034172058		0.0	0.0		True	False	False	1	100.5351693034172
S1-577269922	S3-125349995	20.0	0.5323052406311035		0.0	0.0		True	False	False	1	100.5323052406311
S1-577269922	S3-250324284	21.0	0.5306954383850098		0.0	0.0		True	False	False	1	100.53069543838501
S1-577269922	S3-18976400	22.0	0.5301872491836548		0.0	0.0		True	False	False	1	100.53018724918365
S1-577269922	S3-227725397	23.0	0.5278515219688416		0.0	0.0		True	False	False	1	100.52785152196884
S1-577269922	S3-288440193	24.0	0.5277022123336792		0.0	0.0		True	False	False	1	100.52770221233368
S1-577269922	S3-276427681	25.0	0.5250377655029297	18.0	0.8584904670715332	0.0		True	True	False	2	201.38352823257446
S1-577269922	S3-536202929	26.0	0.523094892501831	30.0	0.8482754826545715	0.0		True	True	False	2	201.3713703751564
S1-577269922	S3-811459169	27.0	0.5203984975814819		0.0	0.0		True	False	False	1	100.52039849758148
S1-577269922	S3-961421742	28.0	0.5171267986297607		0.0	0.0		True	False	False	1	100.51712679862976
S1-577269922	S3-688194826	29.0	0.5148685574531555	11.0	0.867651104927063	0.0		True	True	False	2	201.38251966238022
S1-577269922	S3-560657213	30.0	0.5053141117095947		0.0	0.0		True	False	False	1	100.5053141117096
S1-577269922	S2-658886344		0.0	1.0	0.9453261494636536	0.0		False	True	False	1	100.94532614946365
S1-577269922	S2-594115095		0.0	4.0	0.8863608837127686	0.0		False	True	False	1	100.88636088371277
S1-577269922	S2-592412285		0.0	5.0	0.88493812084198	0.0		False	True	False	1	100.88493812084198
S1-577269922	S2-77137709		0.0	12.0	0.8687484860420227	0.0		False	True	False	1	100.86874848604202
S1-577269922	S2-378851466		0.0	14.0	0.8666539788246155	0.0		False	True	False	1	100.86665397882462
S1-577269922	S2-934716922		0.0	15.0	0.863945484161377	0.0		False	True	False	1	100.86394548416138
S1-577269922	S2-583840796		0.0	16.0	0.8611710071563721	0.0		False	True	False	1	100.86117100715637
S1-577269922	S2-440948455		0.0	17.0	0.8590605854988098	0.0		False	True	False	1	100.85906058549881
S1-577269922	S2-400190057		0.0	18.0	0.8587548732757568	0.0		False	True	False	1	100.85875487327576
S1-577269922	S2-715460557		0.0	19.0	0.8580842614173889	0.0		False	True	False	1	100.85808426141739
S1-577269922	S2-576201028		0.0	22.0	0.8549408912658691	0.0		False	True	False	1	100.85494089126587
S1-577269922	S2-744098365		0.0	24.0	0.8538993000984192	0.0		False	True	False	1	100.85389930009842
S1-577269922	S2-258890831		0.0	26.0	0.8528780937194824	0.0		False	True	False	1	100.85287809371948
S1-577269922	S2-634571997		0.0	27.0	0.8523039817810059	0.0		False	True	False	1	100.852303981781
S1-577269922	S2-809665812		0.0	28.0	0.8521231412887573	0.0		False	True	False	1	100.85212314128876
S1-577269922	S2-170244057		0.0	29.0	0.8503504991531372	0.0		False	True	False	1	100.85035049915314
S1-577269922	S3-86143878		0.0	1.0	0.9318640828132629	0.0		False	True	False	1	100.93186408281326
S1-577269922	S3-895598264		0.0	2.0	0.9153954386711121	0.0		False	True	False	1	100.91539543867111
S1-577269922	S3-74786614		0.0	3.0	0.9142882227897644	0.0		False	True	False	1	100.91428822278976
S1-577269922	S3-483958914		0.0	4.0	0.9045285582542419	0.0		False	True	False	1	100.90452855825424
S1-577269922	S3-369430171		0.0	6.0	0.889446496963501	0.0		False	True	False	1	100.8894464969635
S1-577269922	S3-797381132		0.0	8.0	0.8703124523162842	0.0		False	True	False	1	100.87031245231628
S1-577269922	S3-98186645		0.0	9.0	0.8702777624130249	0.0		False	True	False	1	100.87027776241302
S1-577269922	S3-934627663		0.0	12.0	0.8668968677520752	0.0		False	True	False	1	100.86689686775208
S1-577269922	S3-760959067		0.0	13.0	0.8656761646270752	0.0		False	True	False	1	100.86567616462708
S1-577269922	S3-218566871		0.0	15.0	0.8619568347930908	0.0		False	True	False	1	100.86195683479309
S1-577269922	S3-305215419		0.0	16.0	0.8616608381271362	0.0		False	True	False	1	100.86166083812714
S1-577269922	S3-652287374		0.0	19.0	0.8575971126556396	0.0		False	True	False	1	100.85759711265564
S1-577269922	S3-482581656		0.0	20.0	0.8574620485305786	0.0		False	True	False	1	100.85746204853058
S1-577269922	S3-577972146		0.0	22.0	0.8556728959083557	0.0		False	True	False	1	100.85567289590836
S1-577269922	S3-768772995		0.0	23.0	0.8543075323104858	0.0		False	True	False	1	100.85430753231049
S1-577269922	S3-695502221		0.0	24.0	0.8536579012870789	0.0		False	True	False	1	100.85365790128708
S1-577269922	S3-521783865		0.0	25.0	0.8531602621078491	0.0		False	True	False	1	100.85316026210785
S1-577269922	S3-158901285		0.0	26.0	0.8519741892814636	0.0		False	True	False	1	100.85197418928146
S1-577269922	S3-971111671		0.0	27.0	0.8510646820068359	0.0		False	True	False	1	100.85106468200684
S1-577269922	S3-92755938		0.0	28.0	0.8498068451881409	0.0		False	True	False	1	100.84980684518814
S1-577269922	S3-819001322		0.0	29.0	0.8484340906143188	0.0		False	True	False	1	100.84843409061432
S1-87832748	S2-375151053	1.0	0.6511815786361694	1.0	0.9751771092414856	0.0		True	True	False	2	201.62635868787766
S1-87832748	S2-193013091	2.0	0.6165586709976196	28.0	0.9392116665840149	0.275	K1+K2	True	True	True	3	301.8307703375816
S1-87832748	S2-449438476	3.0	0.5995833873748779	6.0	0.9612725973129272	0.0		True	True	False	2	201.5608559846878
S1-87832748	S2-378846408	4.0	0.5435854196548462	18.0	0.9489282965660095	0.0		True	True	False	2	201.49251371622086
S1-87832748	S2-412565852	5.0	0.5237681865692139	17.0	0.9526278376579285	0.0		True	True	False	2	201.47639602422714
S1-87832748	S2-729157829	6.0	0.5180956721305847	8.0	0.9609740972518921	0.0		True	True	False	2	201.47906976938248
S1-87832748	S2-84473557	7.0	0.5074940919876099	24.0	0.9421355724334717	0.0		True	True	False	2	201.44962966442108
S1-87832748	S2-560710588	8.0	0.4787847399711609		0.0	0.0		True	False	False	1	100.47878473997116
S1-87832748	S2-786671109	9.0	0.4786224961280823		0.0	0.0		True	False	False	1	100.47862249612808
S1-87832748	S2-463756409	10.0	0.4739181101322174		0.0	0.0		True	False	False	1	100.47391811013222
S1-87832748	S2-583840796	11.0	0.47017037868499756	16.0	0.9528453350067139	0.0		True	True	False	2	201.4230157136917
S1-87832748	S2-578484139	12.0	0.46791303157806396		0.0	0.0		True	False	False	1	100.46791303157806
S1-87832748	S2-476476786	13.0	0.46687883138656616	10.0	0.9577074646949768	0.0		True	True	False	2	201.42458629608154
S1-87832748	S2-495604525	14.0	0.46323683857917786	21.0	0.9468035697937012	0.0		True	True	False	2	201.41004040837288
S1-87832748	S2-481572644	15.0	0.45907628536224365	20.0	0.9472665786743164	0.0		True	True	False	2	201.40634286403656
S1-87832748	S2-17102176	16.0	0.45466452836990356		0.0	0.0		True	False	False	1	100.4546645283699
S1-87832748	S2-229677112	17.0	0.45449888706207275		0.0	0.0		True	False	False	1	100.45449888706207
S1-87832748	S2-119647643	18.0	0.45410412549972534	12.0	0.9568829536437988	0.0		True	True	False	2	201.41098707914352
S1-87832748	S2-37424835	19.0	0.45286256074905396	14.0	0.9549232125282288	0.0		True	True	False	2	201.40778577327728
S1-87832748	S2-559669701	20.0	0.450351357460022	29.0	0.9392061829566956	0.0		True	True	False	2	201.38955754041672
S1-87832748	S2-485885002	21.0	0.4490131735801697		0.0	0.0		True	False	False	1	100.44901317358017
S1-87832748	S2-258890831	22.0	0.4474875330924988	13.0	0.9566150903701782	0.0		True	True	False	2	201.40410262346268
S1-87832748	S2-210791875	23.0	0.4305807948112488		0.0	0.0		True	False	False	1	100.43058079481125
S1-87832748	S2-744098365	24.0	0.42757663130760193	9.0	0.9605020880699158	0.0		True	True	False	2	201.38807871937752
S1-87832748	S2-809665812	25.0	0.42327356338500977	3.0	0.9650198221206665	0.0		True	True	False	2	201.38829338550568
S1-87832748	S2-434748052	26.0	0.42034777998924255		0.0	0.0		True	False	False	1	100.42034777998924
S1-87832748	S2-268861424	27.0	0.41145336627960205	19.0	0.9487578868865967	0.0		True	True	False	2	201.3602112531662
S1-87832748	S2-956479781	28.0	0.4089619517326355		0.0	0.0		True	False	False	1	100.40896195173264
S1-87832748	S2-222871632	29.0	0.4055500626564026	5.0	0.9632514715194702	0.0		True	True	False	2	201.36880153417587
S1-87832748	S2-340420883	30.0	0.40135037899017334	15.0	0.9534090757369995	0.0		True	True	False	2	201.35475945472717
S1-87832748	S3-184174096	1.0	0.534555196762085	9.0	0.963128387928009	0.0		True	True	False	2	201.4976835846901
S1-87832748	S3-185659081	2.0	0.5341048240661621	4.0	0.9715238809585571	0.0		True	True	False	2	201.50562870502472
S1-87832748	S3-521783865	3.0	0.523667573928833	18.0	0.952396810054779	0.0		True	True	False	2	201.4760643839836
S1-87832748	S3-389830698	4.0	0.5005583763122559	22.0	0.9393936991691589	0.0		True	True	False	2	201.43995207548141
S1-87832748	S3-573605691	5.0	0.49023592472076416	11.0	0.9603933095932007	0.0		True	True	False	2	201.45062923431396
S1-87832748	S3-819001322	6.0	0.4889123737812042		0.0	0.0		True	False	False	1	100.4889123737812
S1-87832748	S3-468731115	7.0	0.4886610507965088	14.0	0.9562454223632812	0.0		True	True	False	2	201.4449064731598
S1-87832748	S3-75604340	8.0	0.4672051668167114	1.0	0.977271556854248	0.0		True	True	False	2	201.44447672367096
S1-87832748	S3-125349995	9.0	0.4653756618499756		0.0	0.0		True	False	False	1	100.46537566184998
S1-87832748	S3-380741339	10.0	0.46485447883605957	12.0	0.9586814641952515	0.0		True	True	False	2	201.4235359430313
S1-87832748	S3-668629842	11.0	0.4636935591697693	5.0	0.9698796272277832	0.0		True	True	False	2	201.43357318639755
S1-87832748	S3-937140604	12.0	0.4605565071105957	27.0	0.9253338575363159	0.0		True	True	False	2	201.3858903646469
S1-87832748	S3-227725397	13.0	0.44991791248321533	16.0	0.9553000926971436	0.0		True	True	False	2	201.40521800518036
S1-87832748	S3-995796854	14.0	0.4456407129764557	13.0	0.9575635194778442	0.0		True	True	False	2	201.4032042324543
S1-87832748	S3-98186645	15.0	0.44509947299957275		0.0	0.0		True	False	False	1	100.44509947299957
S1-87832748	S3-367901084	16.0	0.4441794157028198	19.0	0.947193443775177	0.0		True	True	False	2	201.391372859478
S1-87832748	S3-416247723	17.0	0.44079655408859253	17.0	0.9549731016159058	0.0		True	True	False	2	201.3957696557045
S1-87832748	S3-482581656	18.0	0.44077444076538086		0.0	0.0		True	False	False	1	100.44077444076538
S1-87832748	S3-436480804	19.0	0.4265018105506897		0.0	0.0		True	False	False	1	100.42650181055069
S1-87832748	S3-159233685	20.0	0.42535167932510376		0.0	0.0		True	False	False	1	100.4253516793251
S1-87832748	S3-464265492	21.0	0.42261579632759094		0.0	0.0		True	False	False	1	100.42261579632759
S1-87832748	S3-604980231	22.0	0.42027875781059265		0.0	0.0		True	False	False	1	100.42027875781059
S1-87832748	S3-150632472	23.0	0.41800087690353394	6.0	0.9675174951553345	0.0		True	True	False	2	201.38551837205887
S1-87832748	S3-221443476	24.0	0.4157443344593048	10.0	0.961235761642456	0.0		True	True	False	2	201.37698009610176
S1-87832748	S3-191842349	25.0	0.41414108872413635		0.0	0.0		True	False	False	1	100.41414108872414
S1-87832748	S3-289567021	26.0	0.4064807593822479	7.0	0.9668096303939819	0.0		True	True	False	2	201.37329038977623
S1-87832748	S3-536202929	27.0	0.40489962697029114		0.0	0.0		True	False	False	1	100.40489962697029
S1-87832748	S3-652287374	28.0	0.4012771546840668	29.0	0.921440601348877	0.0		True	True	False	2	201.32271775603294
S1-87832748	S3-611681699	29.0	0.4000130891799927		0.0	0.0		True	False	False	1	100.40001308917999
S1-87832748	S3-10300249	30.0	0.39893466234207153		0.0	0.0		True	False	False	1	100.39893466234207
S1-87832748	S2-89663826		0.0	2.0	0.9702883362770081	0.0		False	True	False	1	100.97028833627701
S1-87832748	S2-884102769		0.0	4.0	0.9643831253051758	0.0		False	True	False	1	100.96438312530518
S1-87832748	S2-400190057		0.0	7.0	0.9611403346061707	0.0		False	True	False	1	100.96114033460617
S1-87832748	S2-823489243		0.0	11.0	0.9576693177223206	0.0		False	True	False	1	100.95766931772232
S1-87832748	S2-715460557		0.0	22.0	0.9460351467132568	0.0		False	True	False	1	100.94603514671326
S1-87832748	S2-784442772		0.0	23.0	0.9430277347564697	0.0		False	True	False	1	100.94302773475647
S1-87832748	S2-934716922		0.0	25.0	0.9405012130737305	0.0		False	True	False	1	100.94050121307373
S1-87832748	S2-576201028		0.0	26.0	0.9401125311851501	0.0		False	True	False	1	100.94011253118515
S1-87832748	S2-917258438		0.0	27.0	0.939913272857666	0.0		False	True	False	1	100.93991327285767
S1-87832748	S2-440948455		0.0	30.0	0.9376466274261475	0.0		False	True	False	1	100.93764662742615
S1-87832748	S3-760959067		0.0	2.0	0.9736233949661255	0.0		False	True	False	1	100.97362339496613
S1-87832748	S3-469272577		0.0	3.0	0.9733856916427612	0.0		False	True	False	1	100.97338569164276
S1-87832748	S3-22088661		0.0	8.0	0.9646192789077759	0.0		False	True	False	1	100.96461927890778
S1-87832748	S3-265204232		0.0	15.0	0.9559917449951172	0.0		False	True	False	1	100.95599174499512
S1-87832748	S3-340374288		0.0	20.0	0.9455392956733704	0.0		False	True	False	1	100.94553929567337
S1-87832748	S3-768772995		0.0	21.0	0.9424370527267456	0.0		False	True	False	1	100.94243705272675
S1-87832748	S3-797337828		0.0	23.0	0.9373326301574707	0.0		False	True	False	1	100.93733263015747
S1-87832748	S3-797381132		0.0	24.0	0.9344820976257324	0.0		False	True	False	1	100.93448209762573
S1-87832748	S3-374810425		0.0	25.0	0.9321688413619995	0.0		False	True	False	1	100.932168841362
S1-87832748	S3-610536355		0.0	26.0	0.9262507557868958	0.0		False	True	False	1	100.9262507557869
S1-87832748	S3-556228627		0.0	28.0	0.9215124249458313	0.0		False	True	False	1	100.92151242494583
S1-87832748	S3-577972146		0.0	30.0	0.9190444946289062	0.0		False	True	False	1	100.9190444946289
S1-295346696	S2-160823657	1.0	0.7023057341575623	4.0	0.9540272951126099	0.0		True	True	False	2	201.65633302927017
S1-295346696	S2-566025912	2.0	0.6228448152542114	8.0	0.9327346086502075	0.0		True	True	False	2	201.55557942390442
S1-295346696	S2-878037834	3.0	0.59400874376297	7.0	0.939736008644104	0.0		True	True	False	2	201.53374475240707
S1-295346696	S2-575142052	4.0	0.5861445069313049	5.0	0.9484927654266357	0.0		True	True	False	2	201.53463727235794
S1-295346696	S2-800542765	5.0	0.5844777822494507	3.0	0.9557270407676697	0.0		True	True	False	2	201.54020482301712
S1-295346696	S2-112287031	6.0	0.557318389415741	1.0	0.9739730954170227	0.0		True	True	False	2	201.53129148483276
S1-295346696	S2-170244057	7.0	0.5555392503738403	11.0	0.9191849827766418	0.0		True	True	False	2	201.47472423315048
S1-295346696	S2-262646344	8.0	0.554574728012085	17.0	0.9077057838439941	0.0		True	True	False	2	201.46228051185608
S1-295346696	S2-459485143	9.0	0.5311423540115356	24.0	0.8948959112167358	0.0		True	True	False	2	201.42603826522827
S1-295346696	S2-158121477	10.0	0.5251670479774475	9.0	0.9267875552177429	0.0		True	True	False	2	201.4519546031952
S1-295346696	S2-770341988	11.0	0.4553106725215912	6.0	0.9468291997909546	0.0		True	True	False	2	201.40213987231255
S1-295346696	S2-108012128	12.0	0.41814011335372925	2.0	0.9698559045791626	0.0		True	True	False	2	201.3879960179329
S1-295346696	S2-647447093	13.0	0.4152323007583618	13.0	0.9188051223754883	0.0		True	True	False	2	201.33403742313385
S1-295346696	S2-416136682	14.0	0.38830745220184326	25.0	0.894052267074585	0.0		True	True	False	2	201.28235971927643
S1-295346696	S2-742018880	15.0	0.3854696750640869		0.0	0.0		True	False	False	1	100.38546967506409
S1-295346696	S2-933724724	16.0	0.3850933015346527	28.0	0.8882922530174255	0.0		True	True	False	2	201.27338555455208
S1-295346696	S2-305637735	17.0	0.37270650267601013	23.0	0.8959355354309082	0.0		True	True	False	2	201.26864203810692
S1-295346696	S2-223826524	18.0	0.33356642723083496		0.0	0.0		True	False	False	1	100.33356642723083
S1-295346696	S2-495604525	19.0	0.31834375858306885	27.0	0.8911028504371643	0.0		True	True	False	2	201.20944660902023
S1-295346696	S2-412565852	20.0	0.31141263246536255		0.0	0.0		True	False	False	1	100.31141263246536
S1-295346696	S2-119647643	21.0	0.3094799220561981		0.0	0.0		True	False	False	1	100.3094799220562
S1-295346696	S2-562037907	22.0	0.3081832230091095		0.0	0.0		True	False	False	1	100.30818322300911
S1-295346696	S2-495461061	23.0	0.30072081089019775		0.0	0.0		True	False	False	1	100.3007208108902
S1-295346696	S2-530685908	24.0	0.2993425130844116		0.0	0.0		True	False	False	1	100.29934251308441
S1-295346696	S2-779040268	25.0	0.29785627126693726		0.0	0.0		True	False	False	1	100.29785627126694
S1-295346696	S2-357438552	26.0	0.2968692183494568		0.0	0.0		True	False	False	1	100.29686921834946
S1-295346696	S2-638268338	27.0	0.2934439182281494		0.0	0.0		True	False	False	1	100.29344391822815
S1-295346696	S2-999853272	28.0	0.2926679253578186		0.0	0.0		True	False	False	1	100.29266792535782
S1-295346696	S2-786671109	29.0	0.2890280783176422		0.0	0.0		True	False	False	1	100.28902807831764
S1-295346696	S2-77137709	30.0	0.28884315490722656		0.0	0.0		True	False	False	1	100.28884315490723
S1-295346696	S3-715117209	1.0	0.7368134260177612	2.0	0.958431601524353	0.0		True	True	False	2	201.69524502754211
S1-295346696	S3-305215419	2.0	0.6344526410102844	14.0	0.9111771583557129	0.0		True	True	False	2	201.545629799366
S1-295346696	S3-543902884	3.0	0.5958045721054077	7.0	0.9416195154190063	0.0		True	True	False	2	201.5374240875244
S1-295346696	S3-203608044	4.0	0.5610723495483398	8.0	0.9316656589508057	0.0		True	True	False	2	201.49273800849915
S1-295346696	S3-712130770	5.0	0.5494775772094727	11.0	0.9245977401733398	0.0		True	True	False	2	201.4740753173828
S1-295346696	S3-200532536	6.0	0.5264429450035095	5.0	0.9447440505027771	0.0		True	True	False	2	201.4711869955063
S1-295346696	S3-934627663	7.0	0.5201066136360168		0.0	0.0		True	False	False	1	100.52010661363602
S1-295346696	S3-198586129	8.0	0.5129573345184326	13.0	0.91568523645401	0.0		True	True	False	2	201.42864257097244
S1-295346696	S3-556228627	9.0	0.5072266459465027	12.0	0.9190975427627563	0.0		True	True	False	2	201.42632418870926
S1-295346696	S3-835032939	10.0	0.49241453409194946	1.0	0.9680653810501099	0.0		True	True	False	2	201.46047991514206
S1-295346696	S3-64079929	11.0	0.4772334694862366	4.0	0.9507132768630981	0.0		True	True	False	2	201.42794674634933
S1-295346696	S3-971111671	12.0	0.4549407958984375	6.0	0.9426024556159973	0.0		True	True	False	2	201.39754325151443
S1-295346696	S3-92755938	13.0	0.4299136996269226	10.0	0.9268393516540527	0.0		True	True	False	2	201.35675305128098
S1-295346696	S3-22321512	14.0	0.4280959367752075	9.0	0.9297755360603333	0.0		True	True	False	2	201.35787147283554
S1-295346696	S3-159233685	15.0	0.4110528528690338		0.0	0.0		True	False	False	1	100.41105285286903
S1-295346696	S3-1062100	16.0	0.3786821961402893	3.0	0.9524317979812622	0.0		True	True	False	2	201.33111399412155
S1-295346696	S3-643284918	17.0	0.3706013560295105		0.0	0.0		True	False	False	1	100.37060135602951
S1-295346696	S3-369430171	18.0	0.3573703169822693		0.0	0.0		True	False	False	1	100.35737031698227
S1-295346696	S3-580736465	19.0	0.35588735342025757		0.0	0.0		True	False	False	1	100.35588735342026
S1-295346696	S3-218566871	20.0	0.3333740830421448		0.0	0.0		True	False	False	1	100.33337408304214
S1-295346696	S3-577972146	21.0	0.33218079805374146	27.0	0.886288583278656	0.0		True	True	False	2	201.2184693813324
S1-295346696	S3-170975522	22.0	0.32977160811424255		0.0	0.0		True	False	False	1	100.32977160811424
S1-295346696	S3-162993152	23.0	0.3286762535572052		0.0	0.0		True	False	False	1	100.3286762535572
S1-295346696	S3-877919199	24.0	0.3150987923145294		0.0	0.0		True	False	False	1	100.31509879231453
S1-295346696	S3-191842349	25.0	0.3124113082885742		0.0	0.0		True	False	False	1	100.31241130828857
S1-295346696	S3-811459169	26.0	0.3112953305244446		0.0	0.0		True	False	False	1	100.31129533052444
S1-295346696	S3-125349995	27.0	0.3096705675125122		0.0	0.0		True	False	False	1	100.30967056751251
S1-295346696	S3-961421742	28.0	0.3091953992843628		0.0	0.0		True	False	False	1	100.30919539928436
S1-295346696	S3-115653125	29.0	0.3048526346683502		0.0	0.0		True	False	False	1	100.30485263466835
S1-295346696	S3-825495383	30.0	0.2978479862213135		0.0	0.0		True	False	False	1	100.29784798622131
S1-295346696	S2-440948455		0.0	10.0	0.9214706420898438	0.0		False	True	False	1	100.92147064208984
S1-295346696	S2-559669701		0.0	12.0	0.9189612865447998	0.0		False	True	False	1	100.9189612865448
S1-295346696	S2-583840796		0.0	14.0	0.9168503880500793	0.0		False	True	False	1	100.91685038805008
S1-295346696	S2-550697952		0.0	15.0	0.9121807813644409	0.0		False	True	False	1	100.91218078136444
S1-295346696	S2-809665812		0.0	16.0	0.9121522307395935	0.0		False	True	False	1	100.9121522307396
S1-295346696	S2-476476786		0.0	18.0	0.9072719812393188	0.0		False	True	False	1	100.90727198123932
S1-295346696	S2-594115095		0.0	19.0	0.9061480760574341	0.0		False	True	False	1	100.90614807605743
S1-295346696	S2-715460557		0.0	20.0	0.9046741127967834	0.0		False	True	False	1	100.90467411279678
S1-295346696	S2-592412285		0.0	21.0	0.9046083092689514	0.0		False	True	False	1	100.90460830926895
S1-295346696	S2-222871632		0.0	22.0	0.9037309885025024	0.0		False	True	False	1	100.9037309885025
S1-295346696	S2-729157829		0.0	26.0	0.8925561308860779	0.0		False	True	False	1	100.89255613088608
S1-295346696	S2-340420883		0.0	29.0	0.8880990147590637	0.0		False	True	False	1	100.88809901475906
S1-295346696	S2-37424835		0.0	30.0	0.8870021104812622	0.0		False	True	False	1	100.88700211048126
S1-295346696	S3-482581656		0.0	15.0	0.9104426503181458	0.0		False	True	False	1	100.91044265031815
S1-295346696	S3-221443476		0.0	16.0	0.9033001065254211	0.0		False	True	False	1	100.90330010652542
S1-295346696	S3-652287374		0.0	17.0	0.9019283652305603	0.0		False	True	False	1	100.90192836523056
S1-295346696	S3-668629842		0.0	18.0	0.9008864164352417	0.0		False	True	False	1	100.90088641643524
S1-295346696	S3-526709055		0.0	19.0	0.8981066346168518	0.0		False	True	False	1	100.89810663461685
S1-295346696	S3-416247723		0.0	20.0	0.8935561180114746	0.0		False	True	False	1	100.89355611801147
S1-295346696	S3-469272577		0.0	21.0	0.8930984139442444	0.0		False	True	False	1	100.89309841394424
S1-295346696	S3-536202929		0.0	22.0	0.8926530480384827	0.0		False	True	False	1	100.89265304803848
S1-295346696	S3-227725397		0.0	23.0	0.8916327953338623	0.0		False	True	False	1	100.89163279533386
S1-295346696	S3-289567021		0.0	24.0	0.8908824324607849	0.0		False	True	False	1	100.89088243246078
S1-295346696	S3-760959067		0.0	25.0	0.8906164169311523	0.0		False	True	False	1	100.89061641693115
S1-295346696	S3-22088661		0.0	26.0	0.8905050158500671	0.0		False	True	False	1	100.89050501585007
S1-295346696	S3-340374288		0.0	28.0	0.8855811357498169	0.0		False	True	False	1	100.88558113574982
S1-295346696	S3-380741339		0.0	29.0	0.8826255798339844	0.0		False	True	False	1	100.88262557983398
S1-295346696	S3-185659081		0.0	30.0	0.882504940032959	0.0		False	True	False	1	100.88250494003296
S1-252468250	S2-485885002	1.0	0.7100361585617065	19.0	0.9480091333389282	0.0		True	True	False	2	201.65804529190063
S1-252468250	S2-913930320	2.0	0.708701491355896	18.0	0.9493511915206909	0.0		True	True	False	2	201.6580526828766
S1-252468250	S2-317480348	3.0	0.6750632524490356		0.0	0.0		True	False	False	1	100.67506325244904
S1-252468250	S2-304177076	4.0	0.6584539413452148		0.0	0.0		True	False	False	1	100.65845394134521
S1-252468250	S2-786671109	5.0	0.6580685377120972	3.0	0.971771776676178	0.0		True	True	False	2	201.62984031438828
S1-252468250	S2-600460285	6.0	0.6547992825508118	5.0	0.968571126461029	0.0		True	True	False	2	201.62337040901184
S1-252468250	S2-785042722	7.0	0.6499176025390625	11.0	0.957441508769989	0.0		True	True	False	2	201.60735911130905
S1-252468250	S2-229677112	8.0	0.6479430794715881	6.0	0.9670495390892029	0.0		True	True	False	2	201.6149926185608
S1-252468250	S2-292567038	9.0	0.6477736234664917		0.0	0.0		True	False	False	1	100.64777362346649
S1-252468250	S2-434748052	10.0	0.6453646421432495		0.0	0.0		True	False	False	1	100.64536464214325
S1-252468250	S2-784442772	11.0	0.6404207944869995	10.0	0.9574748277664185	0.0		True	True	False	2	201.59789562225342
S1-252468250	S2-591078525	12.0	0.6344103813171387		0.0	0.0		True	False	False	1	100.63441038131714
S1-252468250	S2-905827553	13.0	0.6331012845039368	28.0	0.9363056421279907	0.0		True	True	False	2	201.56940692663193
S1-252468250	S2-77137709	14.0	0.6300263404846191	7.0	0.9642127752304077	0.0		True	True	False	2	201.59423911571503
S1-252468250	S2-742077842	15.0	0.6273910999298096		0.0	0.0		True	False	False	1	100.62739109992981
S1-252468250	S2-501534718	16.0	0.6141685843467712	8.0	0.9631699323654175	0.0		True	True	False	2	201.5773385167122
S1-252468250	S2-910351373	17.0	0.6109863519668579	13.0	0.9559582471847534	0.0		True	True	False	2	201.5669445991516
S1-252468250	S2-530685908	18.0	0.6083141565322876	4.0	0.9702324867248535	0.0		True	True	False	2	201.57854664325714
S1-252468250	S2-537184954	19.0	0.6079853773117065		0.0	0.0		True	False	False	1	100.6079853773117
S1-252468250	S2-787861634	20.0	0.5949543118476868	16.0	0.9542229771614075	0.0		True	True	False	2	201.5491772890091
S1-252468250	S2-192345572	21.0	0.5921266674995422	26.0	0.9369534254074097	0.0		True	True	False	2	201.52908009290695
S1-252468250	S2-578788567	22.0	0.5829181671142578	2.0	0.9741525650024414	0.0		True	True	False	2	201.5570707321167
S1-252468250	S2-495461061	23.0	0.5784984230995178		0.0	0.0		True	False	False	1	100.57849842309952
S1-252468250	S2-634571997	24.0	0.5774888396263123	29.0	0.9354009628295898	0.0		True	True	False	2	201.5128898024559
S1-252468250	S2-357438552	25.0	0.5727784633636475	1.0	0.975022554397583	0.0		True	True	False	2	201.54780101776123
S1-252468250	S2-779040268	26.0	0.5687527656555176		0.0	0.0		True	False	False	1	100.56875276565552
S1-252468250	S2-767997013	27.0	0.5683516263961792	12.0	0.9568493366241455	0.0		True	True	False	2	201.52520096302032
S1-252468250	S2-956479781	28.0	0.5678083896636963		0.0	0.0		True	False	False	1	100.5678083896637
S1-252468250	S2-875724478	29.0	0.567226767539978	9.0	0.9576208591461182	0.0		True	True	False	2	201.5248476266861
S1-252468250	S2-934716922	30.0	0.5635240077972412		0.0	0.0		True	False	False	1	100.56352400779724
S1-252468250	S3-323904182	1.0	0.7281336784362793	26.0	0.9541256427764893	0.0		True	True	False	2	201.68225932121277
S1-252468250	S3-219041197	2.0	0.7018840909004211		0.0	0.0		True	False	False	1	100.70188409090042
S1-252468250	S3-18976400	3.0	0.6918458342552185	13.0	0.9683302640914917	0.0		True	True	False	2	201.6601760983467
S1-252468250	S3-604980231	4.0	0.6687992811203003		0.0	0.0		True	False	False	1	100.6687992811203
S1-252468250	S3-536202929	5.0	0.6631300449371338	22.0	0.9568731188774109	0.0		True	True	False	2	201.62000316381454
S1-252468250	S3-960416326	6.0	0.6626413464546204	17.0	0.9642069339752197	0.0		True	True	False	2	201.62684828042984
S1-252468250	S3-560657213	7.0	0.6606897711753845		0.0	0.0		True	False	False	1	100.66068977117538
S1-252468250	S3-288440193	8.0	0.6600887775421143	9.0	0.9710438251495361	0.0		True	True	False	2	201.63113260269165
S1-252468250	S3-264170444	9.0	0.6568156480789185		0.0	0.0		True	False	False	1	100.65681564807892
S1-252468250	S3-895598264	10.0	0.655106782913208	23.0	0.9561705589294434	0.0		True	True	False	2	201.61127734184265
S1-252468250	S3-825495383	11.0	0.6540679931640625	18.0	0.9624407291412354	0.0		True	True	False	2	201.6165087223053
S1-252468250	S3-867263634	12.0	0.650825023651123		0.0	0.0		True	False	False	1	100.65082502365112
S1-252468250	S3-276427681	13.0	0.6415577530860901	20.0	0.958783745765686	0.0		True	True	False	2	201.60034149885178
S1-252468250	S3-289697426	14.0	0.6307611465454102		0.0	0.0		True	False	False	1	100.63076114654541
S1-252468250	S3-580736465	15.0	0.6300208568572998	30.0	0.9486820697784424	0.0		True	True	False	2	201.57870292663574
S1-252468250	S3-436480804	16.0	0.6282800436019897	10.0	0.9697489738464355	0.0		True	True	False	2	201.59802901744843
S1-252468250	S3-10300249	17.0	0.6279588341712952		0.0	0.0		True	False	False	1	100.6279588341713
S1-252468250	S3-811459169	18.0	0.6233617067337036		0.0	0.0		True	False	False	1	100.6233617067337
S1-252468250	S3-250324284	19.0	0.6216397881507874	3.0	0.9762488603591919	0.0		True	True	False	2	201.59788864850998
S1-252468250	S3-652287374	20.0	0.6209677457809448		0.0	0.0		True	False	False	1	100.62096774578094
S1-252468250	S3-191842349	21.0	0.6194567680358887		0.0	0.0		True	False	False	1	100.61945676803589
S1-252468250	S3-374810425	22.0	0.6182526350021362		0.0	0.0		True	False	False	1	100.61825263500214
S1-252468250	S3-125349995	23.0	0.6157819032669067	6.0	0.9742655754089355	0.0		True	True	False	2	201.59004747867584
S1-252468250	S3-610536355	24.0	0.6116522550582886	28.0	0.9494264125823975	0.0		True	True	False	2	201.5610786676407
S1-252468250	S3-483958914	25.0	0.6115715503692627		0.0	0.0		True	False	False	1	100.61157155036926
S1-252468250	S3-361863410	26.0	0.6085145473480225		0.0	0.0		True	False	False	1	100.60851454734802
S1-252468250	S3-227725397	27.0	0.6068843603134155		0.0	0.0		True	False	False	1	100.60688436031342
S1-252468250	S3-688194826	28.0	0.5999279022216797	11.0	0.9691933393478394	0.0		True	True	False	2	201.56912124156952
S1-252468250	S3-577972146	29.0	0.5998803377151489	19.0	0.9613412618637085	0.0		True	True	False	2	201.56122159957886
S1-252468250	S3-464265492	30.0	0.5979551672935486	15.0	0.9668899774551392	0.0		True	True	False	2	201.5648451447487
S1-252468250	S2-223826524		0.0	14.0	0.9557896256446838	0.0		False	True	False	1	100.95578962564468
S1-252468250	S2-210791875		0.0	15.0	0.9553854465484619	0.0		False	True	False	1	100.95538544654846
S1-252468250	S2-4583532		0.0	17.0	0.9495176076889038	0.0		False	True	False	1	100.9495176076889
S1-252468250	S2-592412285		0.0	20.0	0.9430949687957764	0.0		False	True	False	1	100.94309496879578
S1-252468250	S2-262646344		0.0	21.0	0.9414127469062805	0.0		False	True	False	1	100.94141274690628
S1-252468250	S2-742018880		0.0	22.0	0.940759539604187	0.0		False	True	False	1	100.94075953960419
S1-252468250	S2-193013091		0.0	23.0	0.9397366046905518	0.0		False	True	False	1	100.93973660469055
S1-252468250	S2-933865098		0.0	24.0	0.9377336502075195	0.0		False	True	False	1	100.93773365020752
S1-252468250	S2-578484139		0.0	25.0	0.9370599985122681	0.0		False	True	False	1	100.93705999851227
S1-252468250	S2-638268338		0.0	27.0	0.936460018157959	0.0		False	True	False	1	100.93646001815796
S1-252468250	S2-891600450		0.0	30.0	0.934924840927124	0.0		False	True	False	1	100.93492484092712
S1-252468250	S3-819001322		0.0	1.0	0.9819088578224182	0.0		False	True	False	1	100.98190885782242
S1-252468250	S3-158901285		0.0	2.0	0.9782315492630005	0.0		False	True	False	1	100.978231549263
S1-252468250	S3-695502221		0.0	4.0	0.9753693342208862	0.0		False	True	False	1	100.97536933422089
S1-252468250	S3-662721327		0.0	5.0	0.9746627807617188	0.0		False	True	False	1	100.97466278076172
S1-252468250	S3-218566871		0.0	7.0	0.9741074442863464	0.0		False	True	False	1	100.97410744428635
S1-252468250	S3-961421742		0.0	8.0	0.9719014763832092	0.0		False	True	False	1	100.97190147638321
S1-252468250	S3-173398261		0.0	12.0	0.9690494537353516	0.0		False	True	False	1	100.96904945373535
S1-252468250	S3-98186645		0.0	14.0	0.9677003622055054	0.0		False	True	False	1	100.9677003622055
S1-252468250	S3-219844340		0.0	16.0	0.9665408730506897	0.0		False	True	False	1	100.96654087305069
S1-252468250	S3-162993152		0.0	21.0	0.9577592611312866	0.0		False	True	False	1	100.95775926113129
S1-252468250	S3-170975522		0.0	24.0	0.9554440379142761	0.0		False	True	False	1	100.95544403791428
S1-252468250	S3-526709055		0.0	25.0	0.9544903039932251	0.0		False	True	False	1	100.95449030399323
S1-252468250	S3-127741306		0.0	27.0	0.9530022144317627	0.0		False	True	False	1	100.95300221443176
S1-252468250	S3-482581656		0.0	29.0	0.9489835500717163	0.0		False	True	False	1	100.94898355007172
S1-781801397	S2-229677112	1.0	0.5728188753128052		0.0	0.0		True	False	False	1	100.5728188753128
S1-781801397	S2-787861634	2.0	0.5451693534851074		0.0	0.0		True	False	False	1	100.54516935348511
S1-781801397	S2-485885002	3.0	0.542952835559845		0.0	0.0		True	False	False	1	100.54295283555984
S1-781801397	S2-956479781	4.0	0.5415708422660828		0.0	0.0		True	False	False	1	100.54157084226608
S1-781801397	S2-910351373	5.0	0.5386530160903931	3.0	0.9711811542510986	0.0		True	True	False	2	201.5098341703415
S1-781801397	S2-292567038	6.0	0.5337850451469421		0.0	0.0		True	False	False	1	100.53378504514694
S1-781801397	S2-913930320	7.0	0.5263485312461853		0.0	0.0		True	False	False	1	100.52634853124619
S1-781801397	S2-779040268	8.0	0.5257667899131775	20.0	0.9566200971603394	0.0		True	True	False	2	201.48238688707352
S1-781801397	S2-317480348	9.0	0.5233061909675598		0.0	0.0		True	False	False	1	100.52330619096756
S1-781801397	S2-742077842	10.0	0.5156413316726685		0.0	0.0		True	False	False	1	100.51564133167267
S1-781801397	S2-501534718	11.0	0.5151921510696411	18.0	0.9567392468452454	0.0		True	True	False	2	201.4719313979149
S1-781801397	S2-905827553	12.0	0.5101293325424194		0.0	0.0		True	False	False	1	100.51012933254242
S1-781801397	S2-600460285	13.0	0.5074578523635864	14.0	0.9619256258010864	0.0		True	True	False	2	201.46938347816467
S1-781801397	S2-210791875	14.0	0.5040023922920227	6.0	0.9676861763000488	0.0		True	True	False	2	201.47168856859207
S1-781801397	S2-786671109	15.0	0.5036037564277649	24.0	0.9536291360855103	0.0		True	True	False	2	201.45723289251328
S1-781801397	S2-934716922	16.0	0.5032911896705627		0.0	0.0		True	False	False	1	100.50329118967056
S1-781801397	S2-537184954	17.0	0.4990530014038086		0.0	0.0		True	False	False	1	100.49905300140381
S1-781801397	S2-357438552	18.0	0.49807167053222656		0.0	0.0		True	False	False	1	100.49807167053223
S1-781801397	S2-785042722	19.0	0.4936932921409607	5.0	0.9695518016815186	0.0		True	True	False	2	201.46324509382248
S1-781801397	S2-767997013	20.0	0.49357402324676514	1.0	0.975993275642395	0.0		True	True	False	2	201.46956729888916
S1-781801397	S2-77137709	21.0	0.48507314920425415	11.0	0.9636406302452087	0.0		True	True	False	2	201.44871377944946
S1-781801397	S2-634571997	22.0	0.47922593355178833	8.0	0.9648866653442383	0.0		True	True	False	2	201.44411259889603
S1-781801397	S2-550697952	23.0	0.47752994298934937	19.0	0.9567119479179382	0.0		True	True	False	2	201.4342418909073
S1-781801397	S2-578788567	24.0	0.4728772044181824	12.0	0.962860107421875	0.0		True	True	False	2	201.43573731184006
S1-781801397	S2-434748052	25.0	0.4722789525985718		0.0	0.0		True	False	False	1	100.47227895259857
S1-781801397	S2-223826524	26.0	0.46236151456832886	7.0	0.9654065370559692	0.0		True	True	False	2	201.4277680516243
S1-781801397	S2-784442772	27.0	0.4606586694717407	4.0	0.970319926738739	0.0		True	True	False	2	201.43097859621048
S1-781801397	S2-193013091	28.0	0.46040260791778564	13.0	0.9620639681816101	0.0		True	True	False	2	201.4224665760994
S1-781801397	S2-729157829	29.0	0.45498043298721313		0.0	0.0		True	False	False	1	100.45498043298721
S1-781801397	S2-875724478	30.0	0.4485768973827362	23.0	0.9542299509048462	0.0		True	True	False	2	201.40280684828758
S1-781801397	S3-652287374	1.0	0.6307452917098999	20.0	0.9642945528030396	0.0		True	True	False	2	201.59503984451294
S1-781801397	S3-361863410	2.0	0.5795108079910278		0.0	0.0		True	False	False	1	100.57951080799103
S1-781801397	S3-580736465	3.0	0.5717841982841492		0.0	0.0		True	False	False	1	100.57178419828415
S1-781801397	S3-819001322	4.0	0.5484240651130676	1.0	0.9791165590286255	0.0		True	True	False	2	201.5275406241417
S1-781801397	S3-695502221	5.0	0.5456221103668213	5.0	0.9736629128456116	0.0		True	True	False	2	201.51928502321243
S1-781801397	S3-250324284	6.0	0.5454978942871094		0.0	0.0		True	False	False	1	100.54549789428711
S1-781801397	S3-158901285	7.0	0.5446615219116211	26.0	0.9556734561920166	0.0		True	True	False	2	201.50033497810364
S1-781801397	S3-10300249	8.0	0.5385245084762573		0.0	0.0		True	False	False	1	100.53852450847626
S1-781801397	S3-288440193	9.0	0.5365825891494751	4.0	0.9738898277282715	0.0		True	True	False	2	201.51047241687775
S1-781801397	S3-604980231	10.0	0.5349826812744141		0.0	0.0		True	False	False	1	100.53498268127441
S1-781801397	S3-159233685	11.0	0.5289782285690308		0.0	0.0		True	False	False	1	100.52897822856903
S1-781801397	S3-464265492	12.0	0.5269759893417358	28.0	0.9525922536849976	0.0		True	True	False	2	201.47956824302673
S1-781801397	S3-611681699	13.0	0.5227212905883789		0.0	0.0		True	False	False	1	100.52272129058838
S1-781801397	S3-289697426	14.0	0.5169282555580139		0.0	0.0		True	False	False	1	100.51692825555801
S1-781801397	S3-560657213	15.0	0.5159032344818115		0.0	0.0		True	False	False	1	100.51590323448181
S1-781801397	S3-688194826	16.0	0.5155889391899109	18.0	0.9656357765197754	0.0		True	True	False	2	201.4812247157097
S1-781801397	S3-825495383	17.0	0.5100682377815247	21.0	0.9605982303619385	0.0		True	True	False	2	201.47066646814346
S1-781801397	S3-436480804	18.0	0.5081663727760315	22.0	0.9604557752609253	0.0		True	True	False	2	201.46862214803696
S1-781801397	S3-191842349	19.0	0.5078102350234985		0.0	0.0		True	False	False	1	100.5078102350235
S1-781801397	S3-264170444	20.0	0.5066137313842773		0.0	0.0		True	False	False	1	100.50661373138428
S1-781801397	S3-115653125	21.0	0.5059522390365601		0.0	0.0		True	False	False	1	100.50595223903656
S1-781801397	S3-961421742	22.0	0.5007966756820679		0.0	0.0		True	False	False	1	100.50079667568207
S1-781801397	S3-227725397	23.0	0.4995228350162506		0.0	0.0		True	False	False	1	100.49952283501625
S1-781801397	S3-323904182	24.0	0.49750208854675293		0.0	0.0		True	False	False	1	100.49750208854675
S1-781801397	S3-577972146	25.0	0.49384039640426636	11.0	0.9725824594497681	0.0		True	True	False	2	201.46642285585403
S1-781801397	S3-895598264	26.0	0.4933013916015625	16.0	0.9664064645767212	0.0		True	True	False	2	201.45970785617828
S1-781801397	S3-960416326	27.0	0.4928097128868103	8.0	0.9734548330307007	0.0		True	True	False	2	201.4662645459175
S1-781801397	S3-610536355	28.0	0.4917512536048889	19.0	0.965567946434021	0.0		True	True	False	2	201.4573192000389
S1-781801397	S3-219041197	29.0	0.49116265773773193		0.0	0.0		True	False	False	1	100.49116265773773
S1-781801397	S3-536202929	30.0	0.48974496126174927	13.0	0.9686686992645264	0.0		True	True	False	2	201.45841366052628
S1-781801397	S2-530685908		0.0	2.0	0.9759877324104309	0.0		False	True	False	1	100.97598773241043
S1-781801397	S2-592412285		0.0	9.0	0.9641244411468506	0.0		False	True	False	1	100.96412444114685
S1-781801397	S2-258890831		0.0	10.0	0.9637525081634521	0.0		False	True	False	1	100.96375250816345
S1-781801397	S2-578484139		0.0	15.0	0.9600511789321899	0.0		False	True	False	1	100.96005117893219
S1-781801397	S2-576201028		0.0	16.0	0.9597881436347961	0.0		False	True	False	1	100.9597881436348
S1-781801397	S2-412565852		0.0	17.0	0.9584810733795166	0.0		False	True	False	1	100.95848107337952
S1-781801397	S2-933865098		0.0	21.0	0.9565882086753845	0.0		False	True	False	1	100.95658820867538
S1-781801397	S2-583840796		0.0	22.0	0.9542344212532043	0.0		False	True	False	1	100.9542344212532
S1-781801397	S2-744098365		0.0	25.0	0.9535960555076599	0.0		False	True	False	1	100.95359605550766
S1-781801397	S2-378846408		0.0	26.0	0.9512388706207275	0.0		False	True	False	1	100.95123887062073
S1-781801397	S2-638268338		0.0	27.0	0.9505298137664795	0.0		False	True	False	1	100.95052981376648
S1-781801397	S2-715460557		0.0	28.0	0.9500986337661743	0.0		False	True	False	1	100.95009863376617
S1-781801397	S2-84473557		0.0	29.0	0.9486441016197205	0.0		False	True	False	1	100.94864410161972
S1-781801397	S2-742018880		0.0	30.0	0.9485703706741333	0.0		False	True	False	1	100.94857037067413
S1-781801397	S3-218566871		0.0	2.0	0.9781992435455322	0.0		False	True	False	1	100.97819924354553
S1-781801397	S3-98186645		0.0	3.0	0.9748013615608215	0.0		False	True	False	1	100.97480136156082
S1-781801397	S3-276427681		0.0	6.0	0.9736514091491699	0.0		False	True	False	1	100.97365140914917
S1-781801397	S3-662721327		0.0	7.0	0.9735894799232483	0.0		False	True	False	1	100.97358947992325
S1-781801397	S3-170975522		0.0	9.0	0.9733245372772217	0.0		False	True	False	1	100.97332453727722
S1-781801397	S3-526709055		0.0	10.0	0.9725966453552246	0.0		False	True	False	1	100.97259664535522
S1-781801397	S3-125349995		0.0	12.0	0.9698288440704346	0.0		False	True	False	1	100.96982884407043
S1-781801397	S3-797381132		0.0	14.0	0.9673029184341431	0.0		False	True	False	1	100.96730291843414
S1-781801397	S3-482581656		0.0	15.0	0.9665639996528625	0.0		False	True	False	1	100.96656399965286
S1-781801397	S3-173398261		0.0	17.0	0.9659096002578735	0.0		False	True	False	1	100.96590960025787
S1-781801397	S3-219844340		0.0	23.0	0.9600445032119751	0.0		False	True	False	1	100.96004450321198
S1-781801397	S3-18976400		0.0	24.0	0.9582763910293579	0.0		False	True	False	1	100.95827639102936
S1-781801397	S3-367901084		0.0	25.0	0.9579269886016846	0.0		False	True	False	1	100.95792698860168
S1-781801397	S3-389830698		0.0	27.0	0.9527281522750854	0.0		False	True	False	1	100.95272815227509
S1-781801397	S3-768772995		0.0	29.0	0.952143132686615	0.0		False	True	False	1	100.95214313268661
S1-781801397	S3-483958914		0.0	30.0	0.9490875601768494	0.0		False	True	False	1	100.94908756017685
S1-669434847	S2-192345572	1.0	0.5627161860466003	21.0	0.918289303779602	0.0		True	True	False	2	201.4810054898262
S1-669434847	S2-913930320	2.0	0.5594696402549744	7.0	0.9378035068511963	0.0		True	True	False	2	201.49727314710617
S1-669434847	S2-999853272	3.0	0.555689811706543	12.0	0.9269053339958191	0.0		True	True	False	2	201.48259514570236
S1-669434847	S2-786671109	4.0	0.5530739426612854	5.0	0.9439854621887207	0.0		True	True	False	2	201.49705940485
S1-669434847	S2-485885002	5.0	0.5504931211471558	11.0	0.9286267757415771	0.0		True	True	False	2	201.47911989688873
S1-669434847	S2-317480348	6.0	0.5238454341888428		0.0	0.0		True	False	False	1	100.52384543418884
S1-669434847	S2-292567038	7.0	0.5185863971710205		0.0	0.0		True	False	False	1	100.51858639717102
S1-669434847	S2-434748052	8.0	0.5180595517158508		0.0	0.0		True	False	False	1	100.51805955171585
S1-669434847	S2-530685908	9.0	0.5163503885269165	2.0	0.9526616930961609	0.0		True	True	False	2	201.46901208162308
S1-669434847	S2-654270940	10.0	0.5148150324821472	17.0	0.9216856956481934	0.0		True	True	False	2	201.43650072813034
S1-669434847	S2-223826524	11.0	0.5132998824119568	4.0	0.9456606507301331	0.0		True	True	False	2	201.4589605331421
S1-669434847	S2-550697952	12.0	0.5102571249008179	14.0	0.9250726699829102	0.0		True	True	False	2	201.43532979488373
S1-669434847	S2-537184954	13.0	0.5082160234451294		0.0	0.0		True	False	False	1	100.50821602344513
S1-669434847	S2-956479781	14.0	0.4912071228027344		0.0	0.0		True	False	False	1	100.49120712280273
S1-669434847	S2-785042722	15.0	0.4899435043334961	8.0	0.9373921751976013	0.0		True	True	False	2	201.4273356795311
S1-669434847	S2-905827553	16.0	0.48536449670791626		0.0	0.0		True	False	False	1	100.48536449670792
S1-669434847	S2-357438552	17.0	0.48459890484809875		0.0	0.0		True	False	False	1	100.4845989048481
S1-669434847	S2-210791875	18.0	0.4837026000022888	16.0	0.9236997961997986	0.0		True	True	False	2	201.4074023962021
S1-669434847	S2-77137709	19.0	0.48318377137184143	6.0	0.940759539604187	0.0		True	True	False	2	201.42394331097603
S1-669434847	S2-559669701	20.0	0.4821467399597168		0.0	0.0		True	False	False	1	100.48214673995972
S1-669434847	S2-591078525	21.0	0.4803209900856018		0.0	0.0		True	False	False	1	100.4803209900856
S1-669434847	S2-440948455	22.0	0.47955965995788574		0.0	0.0		True	False	False	1	100.47955965995789
S1-669434847	S2-229677112	23.0	0.47878122329711914		0.0	0.0		True	False	False	1	100.47878122329712
S1-669434847	S2-787861634	24.0	0.4767405390739441		0.0	0.0		True	False	False	1	100.47674053907394
S1-669434847	S2-600460285	25.0	0.4736441969871521		0.0	0.0		True	False	False	1	100.47364419698715
S1-669434847	S2-166809876	26.0	0.4721921384334564		0.0	0.0		True	False	False	1	100.47219213843346
S1-669434847	S2-744098365	27.0	0.4704928696155548		0.0	0.0		True	False	False	1	100.47049286961555
S1-669434847	S2-742077842	28.0	0.46858423948287964		0.0	0.0		True	False	False	1	100.46858423948288
S1-669434847	S2-578788567	29.0	0.4669465124607086	25.0	0.9127095341682434	0.0		True	True	False	2	201.37965604662895
S1-669434847	S2-495461061	30.0	0.46627944707870483		0.0	0.0		True	False	False	1	100.4662794470787
S1-669434847	S3-695502221	1.0	0.583116888999939	11.0	0.9394712448120117	0.0		True	True	False	2	201.52258813381195
S1-669434847	S3-289697426	2.0	0.5500738620758057	29.0	0.9108695387840271	0.0		True	True	False	2	201.46094340085983
S1-669434847	S3-10300249	3.0	0.5451623797416687		0.0	0.0		True	False	False	1	100.54516237974167
S1-669434847	S3-604980231	4.0	0.5429219007492065		0.0	0.0		True	False	False	1	100.5429219007492
S1-669434847	S3-18976400	5.0	0.5363004803657532	9.0	0.9419798851013184	0.0		True	True	False	2	201.47828036546707
S1-669434847	S3-127741306	6.0	0.530623197555542		0.0	0.0		True	False	False	1	100.53062319755554
S1-669434847	S3-482581656	7.0	0.5245108008384705	16.0	0.9367291927337646	0.0		True	True	False	2	201.46123999357224
S1-669434847	S3-688194826	8.0	0.519995391368866	7.0	0.9452268481254578	0.0		True	True	False	2	201.46522223949432
S1-669434847	S3-536202929	9.0	0.514193058013916	27.0	0.9139782190322876	0.0		True	True	False	2	201.4281712770462
S1-669434847	S3-170975522	10.0	0.5138454437255859	24.0	0.9188069701194763	0.0		True	True	False	2	201.43265241384506
S1-669434847	S3-218566871	11.0	0.5109062194824219	5.0	0.9465580582618713	0.0		True	True	False	2	201.4574642777443
S1-669434847	S3-580736465	12.0	0.5108689069747925		0.0	0.0		True	False	False	1	100.51086890697479
S1-669434847	S3-611681699	13.0	0.510298490524292		0.0	0.0		True	False	False	1	100.51029849052429
S1-669434847	S3-577972146	14.0	0.5099497437477112	22.0	0.9199849367141724	0.0		True	True	False	2	201.42993468046188
S1-669434847	S3-288440193	15.0	0.5095301866531372	21.0	0.9238162040710449	0.0		True	True	False	2	201.43334639072418
S1-669434847	S3-825495383	16.0	0.5080928206443787	4.0	0.9489787817001343	0.0		True	True	False	2	201.4570716023445
S1-669434847	S3-867263634	17.0	0.5064201951026917		0.0	0.0		True	False	False	1	100.50642019510269
S1-669434847	S3-159233685	18.0	0.5053743124008179		0.0	0.0		True	False	False	1	100.50537431240082
S1-669434847	S3-115653125	19.0	0.5038238167762756	30.0	0.9105559587478638	0.0		True	True	False	2	201.41437977552414
S1-669434847	S3-464265492	20.0	0.5031218528747559	14.0	0.9380209445953369	0.0		True	True	False	2	201.4411427974701
S1-669434847	S3-158901285	21.0	0.5018104314804077	17.0	0.936406672000885	0.0		True	True	False	2	201.4382171034813
S1-669434847	S3-264170444	22.0	0.5000036954879761		0.0	0.0		True	False	False	1	100.50000369548798
S1-669434847	S3-162993152	23.0	0.49380889534950256		0.0	0.0		True	False	False	1	100.4938088953495
S1-669434847	S3-276427681	24.0	0.4932636618614197	19.0	0.9298604726791382	0.0		True	True	False	2	201.42312413454056
S1-669434847	S3-227725397	25.0	0.4909000098705292		0.0	0.0		True	False	False	1	100.49090000987053
S1-669434847	S3-811459169	26.0	0.4899798631668091		0.0	0.0		True	False	False	1	100.48997986316681
S1-669434847	S3-250324284	27.0	0.48656973242759705		0.0	0.0		True	False	False	1	100.4865697324276
S1-669434847	S3-960416326	28.0	0.4832574725151062	28.0	0.9116412997245789	0.0		True	True	False	2	201.39489877223969
S1-669434847	S3-853414998	29.0	0.4823291599750519		0.0	0.0		True	False	False	1	100.48232915997505
S1-669434847	S3-526709055	30.0	0.4784885346889496	20.0	0.9270938038825989	0.0		True	True	False	2	201.40558233857155
S1-669434847	S2-658886344		0.0	1.0	0.9613703489303589	0.0		False	True	False	1	100.96137034893036
S1-669434847	S2-592412285		0.0	3.0	0.9483398795127869	0.0		False	True	False	1	100.94833987951279
S1-669434847	S2-594115095		0.0	9.0	0.9306285381317139	0.0		False	True	False	1	100.93062853813171
S1-669434847	S2-910351373		0.0	10.0	0.9289320707321167	0.0		False	True	False	1	100.92893207073212
S1-669434847	S2-875724478		0.0	13.0	0.9256454706192017	0.0		False	True	False	1	100.9256454706192
S1-669434847	S2-262646344		0.0	15.0	0.9246115684509277	0.0		False	True	False	1	100.92461156845093
S1-669434847	S2-501534718		0.0	18.0	0.919716477394104	0.0		False	True	False	1	100.9197164773941
S1-669434847	S2-170244057		0.0	19.0	0.9195058941841125	0.0		False	True	False	1	100.91950589418411
S1-669434847	S2-784442772		0.0	20.0	0.9183855652809143	0.0		False	True	False	1	100.91838556528091
S1-669434847	S2-715460557		0.0	22.0	0.9166895747184753	0.0		False	True	False	1	100.91668957471848
S1-669434847	S2-767997013		0.0	23.0	0.9163153171539307	0.0		False	True	False	1	100.91631531715393
S1-669434847	S2-258890831		0.0	24.0	0.9153510332107544	0.0		False	True	False	1	100.91535103321075
S1-669434847	S2-4583532		0.0	26.0	0.912267804145813	0.0		False	True	False	1	100.91226780414581
S1-669434847	S2-305637735		0.0	27.0	0.9105554819107056	0.0		False	True	False	1	100.9105554819107
S1-669434847	S2-638268338		0.0	28.0	0.9099757075309753	0.0		False	True	False	1	100.90997570753098
S1-669434847	S2-891600450		0.0	29.0	0.909518837928772	0.0		False	True	False	1	100.90951883792877
S1-669434847	S2-583840796		0.0	30.0	0.9094048738479614	0.0		False	True	False	1	100.90940487384796
S1-669434847	S3-74786614		0.0	1.0	0.9735928773880005	0.0		False	True	False	1	100.973592877388
S1-669434847	S3-98186645		0.0	2.0	0.9545564651489258	0.0		False	True	False	1	100.95455646514893
S1-669434847	S3-895598264		0.0	3.0	0.9530498385429382	0.0		False	True	False	1	100.95304983854294
S1-669434847	S3-483958914		0.0	6.0	0.9462544918060303	0.0		False	True	False	1	100.94625449180603
S1-669434847	S3-797381132		0.0	8.0	0.9442632794380188	0.0		False	True	False	1	100.94426327943802
S1-669434847	S3-662721327		0.0	10.0	0.941581130027771	0.0		False	True	False	1	100.94158113002777
S1-669434847	S3-305215419		0.0	12.0	0.9390564560890198	0.0		False	True	False	1	100.93905645608902
S1-669434847	S3-819001322		0.0	13.0	0.9383816719055176	0.0		False	True	False	1	100.93838167190552
S1-669434847	S3-219844340		0.0	15.0	0.9377193450927734	0.0		False	True	False	1	100.93771934509277
S1-669434847	S3-436480804		0.0	18.0	0.9326359033584595	0.0		False	True	False	1	100.93263590335846
S1-669434847	S3-125349995		0.0	23.0	0.9195812940597534	0.0		False	True	False	1	100.91958129405975
S1-669434847	S3-768772995		0.0	25.0	0.9175204038619995	0.0		False	True	False	1	100.917520403862
S1-669434847	S3-971111671		0.0	26.0	0.917512834072113	0.0		False	True	False	1	100.91751283407211
S1-570053103	S2-600460285	1.0	0.5930267572402954		0.0	0.0		True	False	False	1	100.5930267572403
S1-570053103	S2-578788567	2.0	0.5855869054794312	14.0	0.94510418176651	0.0		True	True	False	2	201.53069108724594
S1-570053103	S2-530685908	3.0	0.5598655939102173	3.0	0.9675137996673584	0.0		True	True	False	2	201.52737939357758
S1-570053103	S2-591078525	4.0	0.5596559643745422		0.0	0.0		True	False	False	1	100.55965596437454
S1-570053103	S2-550697952	5.0	0.5537704825401306	19.0	0.940712034702301	0.0		True	True	False	2	201.49448251724243
S1-570053103	S2-875724478	6.0	0.5512169599533081		0.0	0.0		True	False	False	1	100.55121695995331
S1-570053103	S2-905827553	7.0	0.5486294031143188		0.0	0.0		True	False	False	1	100.54862940311432
S1-570053103	S2-77137709	8.0	0.5398764610290527	4.0	0.9552274346351624	0.0		True	True	False	2	201.49510389566422
S1-570053103	S2-537184954	9.0	0.5382744073867798		0.0	0.0		True	False	False	1	100.53827440738678
S1-570053103	S2-779040268	10.0	0.5354992151260376		0.0	0.0		True	False	False	1	100.53549921512604
S1-570053103	S2-485885002	11.0	0.5317724943161011		0.0	0.0		True	False	False	1	100.5317724943161
S1-570053103	S2-576201028	12.0	0.5279480814933777	28.0	0.9310634136199951	0.0		True	True	False	2	201.45901149511337
S1-570053103	S2-913930320	13.0	0.5264507532119751	22.0	0.9345484972000122	0.0		True	True	False	2	201.460999250412
S1-570053103	S2-495461061	14.0	0.5237703919410706		0.0	0.0		True	False	False	1	100.52377039194107
S1-570053103	S2-634571997	15.0	0.5167240500450134	21.0	0.9374357461929321	0.0		True	True	False	2	201.45415979623795
S1-570053103	S2-786671109	16.0	0.5142112970352173	16.0	0.9442396759986877	0.0		True	True	False	2	201.4584509730339
S1-570053103	S2-192345572	17.0	0.513560950756073	26.0	0.931816816329956	0.0		True	True	False	2	201.44537776708603
S1-570053103	S2-434748052	18.0	0.5127719640731812	9.0	0.9493484497070312	0.0		True	True	False	2	201.4621204137802
S1-570053103	S2-292567038	19.0	0.510012149810791		0.0	0.0		True	False	False	1	100.51001214981079
S1-570053103	S2-229677112	20.0	0.5071104168891907		0.0	0.0		True	False	False	1	100.50711041688919
S1-570053103	S2-440948455	21.0	0.5061008930206299		0.0	0.0		True	False	False	1	100.50610089302063
S1-570053103	S2-304177076	22.0	0.504132866859436		0.0	0.0		True	False	False	1	100.50413286685944
S1-570053103	S2-166809876	23.0	0.5013312101364136		0.0	0.0		True	False	False	1	100.50133121013641
S1-570053103	S2-501534718	24.0	0.49758338928222656		0.0	0.0		True	False	False	1	100.49758338928223
S1-570053103	S2-357438552	25.0	0.4961116313934326		0.0	0.0		True	False	False	1	100.49611163139343
S1-570053103	S2-223826524	26.0	0.48885107040405273	7.0	0.9504846334457397	0.0		True	True	False	2	201.4393357038498
S1-570053103	S2-784442772	27.0	0.4877123236656189	15.0	0.9448748826980591	0.0		True	True	False	2	201.43258720636368
S1-570053103	S2-999853272	28.0	0.4851357340812683		0.0	0.0		True	False	False	1	100.48513573408127
S1-570053103	S2-787861634	29.0	0.4810635447502136		0.0	0.0		True	False	False	1	100.48106354475021
S1-570053103	S2-317480348	30.0	0.4790290296077728		0.0	0.0		True	False	False	1	100.47902902960777
S1-570053103	S3-811459169	1.0	0.5680484771728516		0.0	0.0		True	False	False	1	100.56804847717285
S1-570053103	S3-374810425	2.0	0.5644111037254333		0.0	0.0		True	False	False	1	100.56441110372543
S1-570053103	S3-464265492	3.0	0.5547435283660889	12.0	0.952989935874939	0.0		True	True	False	2	201.50773346424103
S1-570053103	S3-961421742	4.0	0.5532951951026917		0.0	0.0		True	False	False	1	100.55329519510269
S1-570053103	S3-219041197	5.0	0.5484554767608643		0.0	0.0		True	False	False	1	100.54845547676086
S1-570053103	S3-877919199	6.0	0.5478232502937317		0.0	0.0		True	False	False	1	100.54782325029373
S1-570053103	S3-895598264	7.0	0.5449544191360474	16.0	0.9480355381965637	0.0		True	True	False	2	201.4929899573326
S1-570053103	S3-170975522	8.0	0.5415247082710266	11.0	0.9532797336578369	0.0		True	True	False	2	201.49480444192886
S1-570053103	S3-218566871	9.0	0.5399999618530273	4.0	0.964474618434906	0.0		True	True	False	2	201.50447458028793
S1-570053103	S3-288440193	10.0	0.5374411344528198	8.0	0.9573029279708862	0.0		True	True	False	2	201.4947440624237
S1-570053103	S3-536202929	11.0	0.5309789776802063	7.0	0.957304060459137	0.0		True	True	False	2	201.48828303813934
S1-570053103	S3-652287374	12.0	0.5279557704925537	27.0	0.9337467551231384	0.0		True	True	False	2	201.4617025256157
S1-570053103	S3-526709055	13.0	0.5192959308624268	2.0	0.967774510383606	0.0		True	True	False	2	201.48707044124603
S1-570053103	S3-483958914	14.0	0.5184342861175537		0.0	0.0		True	False	False	1	100.51843428611755
S1-570053103	S3-18976400	15.0	0.5101428627967834	19.0	0.9417262077331543	0.0		True	True	False	2	201.45186907052994
S1-570053103	S3-960416326	16.0	0.5090770721435547	15.0	0.9481076002120972	0.0		True	True	False	2	201.45718467235565
S1-570053103	S3-173398261	17.0	0.5073039531707764	28.0	0.9329918622970581	0.0		True	True	False	2	201.44029581546783
S1-570053103	S3-250853646	18.0	0.5057564973831177		0.0	0.0		True	False	False	1	100.50575649738312
S1-570053103	S3-361863410	19.0	0.5053337812423706		0.0	0.0		True	False	False	1	100.50533378124237
S1-570053103	S3-688194826	20.0	0.49941277503967285	24.0	0.9378499388694763	0.0		True	True	False	2	201.43726271390915
S1-570053103	S3-227725397	21.0	0.49817168712615967		0.0	0.0		True	False	False	1	100.49817168712616
S1-570053103	S3-825495383	22.0	0.49763113260269165	23.0	0.9386264085769653	0.0		True	True	False	2	201.43625754117966
S1-570053103	S3-867263634	23.0	0.4975387156009674		0.0	0.0		True	False	False	1	100.49753871560097
S1-570053103	S3-289697426	24.0	0.49308475852012634		0.0	0.0		True	False	False	1	100.49308475852013
S1-570053103	S3-276427681	25.0	0.4893095791339874	14.0	0.9486781358718872	0.0		True	True	False	2	201.43798771500587
S1-570053103	S3-611681699	26.0	0.48754066228866577		0.0	0.0		True	False	False	1	100.48754066228867
S1-570053103	S3-323904182	27.0	0.48404496908187866		0.0	0.0		True	False	False	1	100.48404496908188
S1-570053103	S3-462677478	28.0	0.48234474658966064		0.0	0.0		True	False	False	1	100.48234474658966
S1-570053103	S3-560657213	29.0	0.481414258480072		0.0	0.0		True	False	False	1	100.48141425848007
S1-570053103	S3-191842349	30.0	0.4803076982498169		0.0	0.0		True	False	False	1	100.48030769824982
S1-570053103	S2-592412285		0.0	1.0	0.9735458493232727	0.0		False	True	False	1	100.97354584932327
S1-570053103	S2-210791875		0.0	2.0	0.9720638394355774	0.0		False	True	False	1	100.97206383943558
S1-570053103	S2-594115095		0.0	5.0	0.9526092410087585	0.0		False	True	False	1	100.95260924100876
S1-570053103	S2-785042722		0.0	6.0	0.9512211084365845	0.0		False	True	False	1	100.95122110843658
S1-570053103	S2-170244057		0.0	8.0	0.9493957757949829	0.0		False	True	False	1	100.94939577579498
S1-570053103	S2-910351373		0.0	10.0	0.9484796524047852	0.0		False	True	False	1	100.94847965240479
S1-570053103	S2-767997013		0.0	11.0	0.9479199647903442	0.0		False	True	False	1	100.94791996479034
S1-570053103	S2-262646344		0.0	12.0	0.9458184242248535	0.0		False	True	False	1	100.94581842422485
S1-570053103	S2-715460557		0.0	13.0	0.9456421136856079	0.0		False	True	False	1	100.94564211368561
S1-570053103	S2-583840796		0.0	17.0	0.9425978660583496	0.0		False	True	False	1	100.94259786605835
S1-570053103	S2-744098365		0.0	18.0	0.9415991306304932	0.0		False	True	False	1	100.9415991306305
S1-570053103	S2-459485143		0.0	20.0	0.9390130043029785	0.0		False	True	False	1	100.93901300430298
S1-570053103	S2-193013091		0.0	23.0	0.9329113960266113	0.0		False	True	False	1	100.93291139602661
S1-570053103	S2-305637735		0.0	24.0	0.9327936172485352	0.0		False	True	False	1	100.93279361724854
S1-570053103	S2-578484139		0.0	25.0	0.9321798086166382	0.0		False	True	False	1	100.93217980861664
S1-570053103	S2-638268338		0.0	27.0	0.93135666847229	0.0		False	True	False	1	100.93135666847229
S1-570053103	S2-647447093		0.0	29.0	0.9299390912055969	0.0		False	True	False	1	100.9299390912056
S1-570053103	S2-575142052		0.0	30.0	0.9298509955406189	0.0		False	True	False	1	100.92985099554062
S1-570053103	S3-662721327		0.0	1.0	0.9682793617248535	0.0		False	True	False	1	100.96827936172485
S1-570053103	S3-98186645		0.0	3.0	0.9663711190223694	0.0		False	True	False	1	100.96637111902237
S1-570053103	S3-482581656		0.0	5.0	0.9639689326286316	0.0		False	True	False	1	100.96396893262863
S1-570053103	S3-819001322		0.0	6.0	0.9592046141624451	0.0		False	True	False	1	100.95920461416245
S1-570053103	S3-695502221		0.0	9.0	0.955286979675293	0.0		False	True	False	1	100.9552869796753
S1-570053103	S3-797381132		0.0	10.0	0.9550528526306152	0.0		False	True	False	1	100.95505285263062
S1-570053103	S3-219844340		0.0	13.0	0.9523887634277344	0.0		False	True	False	1	100.95238876342773
S1-570053103	S3-125349995		0.0	17.0	0.9447207450866699	0.0		False	True	False	1	100.94472074508667
S1-570053103	S3-127741306		0.0	18.0	0.9426626563072205	0.0		False	True	False	1	100.94266265630722
S1-570053103	S3-577972146		0.0	20.0	0.9416685104370117	0.0		False	True	False	1	100.94166851043701
S1-570053103	S3-158901285		0.0	21.0	0.9400467276573181	0.0		False	True	False	1	100.94004672765732
S1-570053103	S3-436480804		0.0	22.0	0.9394392967224121	0.0		False	True	False	1	100.93943929672241
S1-570053103	S3-305215419		0.0	25.0	0.9371539354324341	0.0		False	True	False	1	100.93715393543243
S1-570053103	S3-92755938		0.0	26.0	0.9346393346786499	0.0		False	True	False	1	100.93463933467865
S1-570053103	S3-74786614		0.0	29.0	0.932204008102417	0.0		False	True	False	1	100.93220400810242
S1-570053103	S3-610536355		0.0	30.0	0.9307276010513306	0.0		False	True	False	1	100.93072760105133
S1-736469556	S2-786671109	1.0	0.6932318210601807		0.0	0.0		True	False	False	1	100.69323182106018
S1-736469556	S2-600460285	2.0	0.6837567687034607		0.0	0.0		True	False	False	1	100.68375676870346
S1-736469556	S2-292567038	3.0	0.6801908612251282		0.0	0.0		True	False	False	1	100.68019086122513
S1-736469556	S2-591078525	4.0	0.6564050912857056		0.0	0.0		True	False	False	1	100.6564050912857
S1-736469556	S2-634571997	5.0	0.6301103830337524	22.0	0.9380378127098083	0.0		True	True	False	2	201.56814819574356
S1-736469556	S2-913930320	6.0	0.6242931485176086		0.0	0.0		True	False	False	1	100.62429314851761
S1-736469556	S2-530685908	7.0	0.6223021149635315		0.0	0.0		True	False	False	1	100.62230211496353
S1-736469556	S2-485885002	8.0	0.622251033782959		0.0	0.0		True	False	False	1	100.62225103378296
S1-736469556	S2-910351373	9.0	0.6205623149871826		0.0	0.0		True	False	False	1	100.62056231498718
S1-736469556	S2-578788567	10.0	0.6167123317718506		0.0	0.0		True	False	False	1	100.61671233177185
S1-736469556	S2-742077842	11.0	0.6026477813720703		0.0	0.0		True	False	False	1	100.60264778137207
S1-736469556	S2-787861634	12.0	0.6019880771636963		0.0	0.0		True	False	False	1	100.6019880771637
S1-736469556	S2-434748052	13.0	0.5980315208435059		0.0	0.0		True	False	False	1	100.5980315208435
S1-736469556	S2-210791875	14.0	0.595312237739563	28.0	0.9329056143760681	0.0		True	True	False	2	201.52821785211563
S1-736469556	S2-550697952	15.0	0.5934052467346191	5.0	0.9578733444213867	0.0		True	True	False	2	201.551278591156
S1-736469556	S2-77137709	16.0	0.5844850540161133		0.0	0.0		True	False	False	1	100.58448505401611
S1-736469556	S2-192345572	17.0	0.581264078617096		0.0	0.0		True	False	False	1	100.5812640786171
S1-736469556	S2-905827553	18.0	0.5801762342453003		0.0	0.0		True	False	False	1	100.5801762342453
S1-736469556	S2-537184954	19.0	0.573111891746521		0.0	0.0		True	False	False	1	100.57311189174652
S1-736469556	S2-317480348	20.0	0.5727049112319946		0.0	0.0		True	False	False	1	100.572704911232
S1-736469556	S2-784442772	21.0	0.5709378719329834	10.0	0.9476076364517212	0.0		True	True	False	2	201.5185455083847
S1-736469556	S2-779040268	22.0	0.5695896148681641		0.0	0.0		True	False	False	1	100.56958961486816
S1-736469556	S2-875724478	23.0	0.5689618587493896		0.0	0.0		True	False	False	1	100.56896185874939
S1-736469556	S2-956479781	24.0	0.5679410696029663		0.0	0.0		True	False	False	1	100.56794106960297
S1-736469556	S2-495461061	25.0	0.5613948106765747		0.0	0.0		True	False	False	1	100.56139481067657
S1-736469556	S2-501534718	26.0	0.5570234656333923		0.0	0.0		True	False	False	1	100.55702346563339
S1-736469556	S2-229677112	27.0	0.5498448610305786		0.0	0.0		True	False	False	1	100.54984486103058
S1-736469556	S2-785042722	28.0	0.5440788269042969		0.0	0.0		True	False	False	1	100.5440788269043
S1-736469556	S2-357438552	29.0	0.53943932056427		0.0	0.0		True	False	False	1	100.53943932056427
S1-736469556	S2-999853272	30.0	0.5349352359771729		0.0	0.0		True	False	False	1	100.53493523597717
S1-736469556	S3-219041197	1.0	0.7305280566215515		0.0	0.0		True	False	False	1	100.73052805662155
S1-736469556	S3-374810425	2.0	0.7055090665817261	17.0	0.9386224150657654	0.0		True	True	False	2	201.6441314816475
S1-736469556	S3-536202929	3.0	0.6948866844177246		0.0	0.0		True	False	False	1	100.69488668441772
S1-736469556	S3-895598264	4.0	0.67589271068573		0.0	0.0		True	False	False	1	100.67589271068573
S1-736469556	S3-867263634	5.0	0.6726392507553101		0.0	0.0		True	False	False	1	100.67263925075531
S1-736469556	S3-323904182	6.0	0.6578501462936401		0.0	0.0		True	False	False	1	100.65785014629364
S1-736469556	S3-288440193	7.0	0.6552351117134094		0.0	0.0		True	False	False	1	100.65523511171341
S1-736469556	S3-227725397	8.0	0.6263850927352905	1.0	0.9683699607849121	0.0		True	True	False	2	201.5947550535202
S1-736469556	S3-604980231	9.0	0.6192509531974792		0.0	0.0		True	False	False	1	100.61925095319748
S1-736469556	S3-652287374	10.0	0.6166492700576782	8.0	0.9485194683074951	0.0		True	True	False	2	201.56516873836517
S1-736469556	S3-610536355	11.0	0.6083340048789978	7.0	0.9497982263565063	0.0		True	True	False	2	201.5581322312355
S1-736469556	S3-877919199	12.0	0.6077219247817993		0.0	0.0		True	False	False	1	100.6077219247818
S1-736469556	S3-125349995	13.0	0.6057044267654419		0.0	0.0		True	False	False	1	100.60570442676544
S1-736469556	S3-170975522	14.0	0.5983809232711792		0.0	0.0		True	False	False	1	100.59838092327118
S1-736469556	S3-436480804	15.0	0.5974084138870239		0.0	0.0		True	False	False	1	100.59740841388702
S1-736469556	S3-264170444	16.0	0.595683217048645		0.0	0.0		True	False	False	1	100.59568321704865
S1-736469556	S3-127741306	17.0	0.5903971195220947		0.0	0.0		True	False	False	1	100.5903971195221
S1-736469556	S3-560657213	18.0	0.5902968645095825		0.0	0.0		True	False	False	1	100.59029686450958
S1-736469556	S3-462677478	19.0	0.5851476788520813		0.0	0.0		True	False	False	1	100.58514767885208
S1-736469556	S3-73958887	20.0	0.584105908870697		0.0	0.0		True	False	False	1	100.5841059088707
S1-736469556	S3-483958914	21.0	0.5836188197135925		0.0	0.0		True	False	False	1	100.58361881971359
S1-736469556	S3-18976400	22.0	0.5822937488555908		0.0	0.0		True	False	False	1	100.58229374885559
S1-736469556	S3-276427681	23.0	0.5798871517181396		0.0	0.0		True	False	False	1	100.57988715171814
S1-736469556	S3-811459169	24.0	0.5791401267051697		0.0	0.0		True	False	False	1	100.57914012670517
S1-736469556	S3-611681699	25.0	0.5732577443122864		0.0	0.0		True	False	False	1	100.57325774431229
S1-736469556	S3-662721327	26.0	0.5710417032241821		0.0	0.0		True	False	False	1	100.57104170322418
S1-736469556	S3-250853646	27.0	0.5657312870025635		0.0	0.0		True	False	False	1	100.56573128700256
S1-736469556	S3-289697426	28.0	0.5653876066207886		0.0	0.0		True	False	False	1	100.56538760662079
S1-736469556	S3-10300249	29.0	0.5630970001220703		0.0	0.0		True	False	False	1	100.56309700012207
S1-736469556	S3-191842349	30.0	0.5621840953826904		0.0	0.0		True	False	False	1	100.56218409538269
S1-736469556	S2-809665812		0.0	1.0	0.968185544013977	0.0		False	True	False	1	100.96818554401398
S1-736469556	S2-222871632		0.0	2.0	0.9656201601028442	0.0		False	True	False	1	100.96562016010284
S1-736469556	S2-440948455		0.0	3.0	0.9588848352432251	0.0		False	True	False	1	100.95888483524323
S1-736469556	S2-375151053		0.0	4.0	0.9585857391357422	0.0		False	True	False	1	100.95858573913574
S1-736469556	S2-729157829		0.0	6.0	0.9548389911651611	0.0		False	True	False	1	100.95483899116516
S1-736469556	S2-400190057		0.0	7.0	0.9532895684242249	0.0		False	True	False	1	100.95328956842422
S1-736469556	S2-823489243		0.0	8.0	0.9491804838180542	0.0		False	True	False	1	100.94918048381805
S1-736469556	S2-340420883		0.0	9.0	0.9479478597640991	0.0		False	True	False	1	100.9479478597641
S1-736469556	S2-89663826		0.0	11.0	0.9461454153060913	0.0		False	True	False	1	100.94614541530609
S1-736469556	S2-495604525		0.0	12.0	0.9439805150032043	0.0		False	True	False	1	100.9439805150032
S1-736469556	S2-416136682		0.0	13.0	0.9433935880661011	0.0		False	True	False	1	100.9433935880661
S1-736469556	S2-934716922		0.0	14.0	0.9431284666061401	0.0		False	True	False	1	100.94312846660614
S1-736469556	S2-119647643		0.0	15.0	0.9428136348724365	0.0		False	True	False	1	100.94281363487244
S1-736469556	S2-715460557		0.0	16.0	0.9426639080047607	0.0		False	True	False	1	100.94266390800476
S1-736469556	S2-583840796		0.0	17.0	0.9426119327545166	0.0		False	True	False	1	100.94261193275452
S1-736469556	S2-37424835		0.0	18.0	0.9425792694091797	0.0		False	True	False	1	100.94257926940918
S1-736469556	S2-476476786		0.0	19.0	0.9422248601913452	0.0		False	True	False	1	100.94222486019135
S1-736469556	S2-449438476		0.0	20.0	0.9413663148880005	0.0		False	True	False	1	100.941366314888
S1-736469556	S2-576201028		0.0	21.0	0.9389744997024536	0.0		False	True	False	1	100.93897449970245
S1-736469556	S2-744098365		0.0	23.0	0.9376558661460876	0.0		False	True	False	1	100.93765586614609
S1-736469556	S2-594115095		0.0	24.0	0.9375345706939697	0.0		False	True	False	1	100.93753457069397
S1-736469556	S2-378846408		0.0	25.0	0.9375159740447998	0.0		False	True	False	1	100.9375159740448
S1-736469556	S2-884102769		0.0	26.0	0.9334776997566223	0.0		False	True	False	1	100.93347769975662
S1-736469556	S2-412565852		0.0	27.0	0.9330427646636963	0.0		False	True	False	1	100.9330427646637
S1-736469556	S2-193013091		0.0	29.0	0.9327072501182556	0.0		False	True	False	1	100.93270725011826
S1-736469556	S2-160823657		0.0	30.0	0.9323612451553345	0.0		False	True	False	1	100.93236124515533
S1-736469556	S3-185659081		0.0	2.0	0.9612506031990051	0.0		False	True	False	1	100.961250603199
S1-736469556	S3-289567021		0.0	3.0	0.9592136740684509	0.0		False	True	False	1	100.95921367406845
S1-736469556	S3-760959067		0.0	4.0	0.958469033241272	0.0		False	True	False	1	100.95846903324127
S1-736469556	S3-668629842		0.0	5.0	0.9519699215888977	0.0		False	True	False	1	100.9519699215889
S1-736469556	S3-22088661		0.0	6.0	0.9507893323898315	0.0		False	True	False	1	100.95078933238983
S1-736469556	S3-380741339		0.0	9.0	0.9463473558425903	0.0		False	True	False	1	100.94634735584259
S1-736469556	S3-150632472		0.0	10.0	0.9459911584854126	0.0		False	True	False	1	100.94599115848541
S1-736469556	S3-340374288		0.0	11.0	0.9424954652786255	0.0		False	True	False	1	100.94249546527863
S1-736469556	S3-75604340		0.0	12.0	0.9423643946647644	0.0		False	True	False	1	100.94236439466476
S1-736469556	S3-573605691		0.0	13.0	0.9416280388832092	0.0		False	True	False	1	100.94162803888321
S1-736469556	S3-797337828		0.0	14.0	0.9413287043571472	0.0		False	True	False	1	100.94132870435715
S1-736469556	S3-521783865		0.0	15.0	0.9404661655426025	0.0		False	True	False	1	100.9404661655426
S1-736469556	S3-221443476		0.0	16.0	0.9396248459815979	0.0		False	True	False	1	100.9396248459816
S1-736469556	S3-995796854		0.0	18.0	0.9381114840507507	0.0		False	True	False	1	100.93811148405075
S1-736469556	S3-469272577		0.0	19.0	0.9363706111907959	0.0		False	True	False	1	100.9363706111908
S1-736469556	S3-543902884		0.0	20.0	0.9361032247543335	0.0		False	True	False	1	100.93610322475433
S1-736469556	S3-577972146		0.0	21.0	0.9330025911331177	0.0		False	True	False	1	100.93300259113312
S1-736469556	S3-367901084		0.0	22.0	0.9326858520507812	0.0		False	True	False	1	100.93268585205078
S1-736469556	S3-184174096		0.0	23.0	0.9316432476043701	0.0		False	True	False	1	100.93164324760437
S1-736469556	S3-768772995		0.0	24.0	0.9310667514801025	0.0		False	True	False	1	100.9310667514801
S1-736469556	S3-715117209		0.0	25.0	0.9301038980484009	0.0		False	True	False	1	100.9301038980484
S1-736469556	S3-468731115		0.0	26.0	0.9300445318222046	0.0		False	True	False	1	100.9300445318222
S1-736469556	S3-22321512		0.0	27.0	0.9282817244529724	0.0		False	True	False	1	100.92828172445297
S1-736469556	S3-835032939		0.0	28.0	0.9279487133026123	0.0		False	True	False	1	100.92794871330261
S1-736469556	S3-556228627		0.0	29.0	0.9278212785720825	0.0		False	True	False	1	100.92782127857208
S1-736469556	S3-517069981		0.0	30.0	0.9273494482040405	0.0		False	True	False	1	100.92734944820404
S1-483126440	S2-485885002	1.0	0.5945188403129578		0.0	0.0		True	False	False	1	100.59451884031296
S1-483126440	S2-537184954	2.0	0.5776532888412476		0.0	0.0		True	False	False	1	100.57765328884125
S1-483126440	S2-530685908	3.0	0.5752626657485962		0.0	0.0		True	False	False	1	100.5752626657486
S1-483126440	S2-910351373	4.0	0.5447273850440979	14.0	0.8245843052864075	0.0		True	True	False	2	201.3693116903305
S1-483126440	S2-875724478	5.0	0.5344414710998535		0.0	0.0		True	False	False	1	100.53444147109985
S1-483126440	S2-905827553	6.0	0.5341513156890869		0.0	0.0		True	False	False	1	100.53415131568909
S1-483126440	S2-578788567	7.0	0.5267300009727478		0.0	0.0		True	False	False	1	100.52673000097275
S1-483126440	S2-166809876	8.0	0.52106112241745		0.0	0.0		True	False	False	1	100.52106112241745
S1-483126440	S2-550697952	9.0	0.5171374678611755	9.0	0.8286993503570557	0.0		True	True	False	2	201.34583681821823
S1-483126440	S2-292567038	10.0	0.5158529877662659		0.0	0.0		True	False	False	1	100.51585298776627
S1-483126440	S2-634571997	11.0	0.5083681344985962	25.0	0.8099752068519592	0.0		True	True	False	2	201.31834334135056
S1-483126440	S2-591078525	12.0	0.5067965984344482		0.0	0.0		True	False	False	1	100.50679659843445
S1-483126440	S2-913930320	13.0	0.5037299990653992		0.0	0.0		True	False	False	1	100.5037299990654
S1-483126440	S2-600460285	14.0	0.4974147081375122		0.0	0.0		True	False	False	1	100.49741470813751
S1-483126440	S2-357438552	15.0	0.49395257234573364		0.0	0.0		True	False	False	1	100.49395257234573
S1-483126440	S2-4583532	16.0	0.4909355640411377		0.0	0.0		True	False	False	1	100.49093556404114
S1-483126440	S2-501534718	17.0	0.49020978808403015		0.0	0.0		True	False	False	1	100.49020978808403
S1-483126440	S2-495461061	18.0	0.48425108194351196		0.0	0.0		True	False	False	1	100.48425108194351
S1-483126440	S2-956479781	19.0	0.4834230840206146		0.0	0.0		True	False	False	1	100.48342308402061
S1-483126440	S2-304177076	20.0	0.47869932651519775		0.0	0.0		True	False	False	1	100.4786993265152
S1-483126440	S2-767997013	21.0	0.47491455078125		0.0	0.0		True	False	False	1	100.47491455078125
S1-483126440	S2-786671109	22.0	0.47257760167121887		0.0	0.0		True	False	False	1	100.47257760167122
S1-483126440	S2-784442772	23.0	0.4724653959274292	13.0	0.8250075578689575	0.0		True	True	False	2	201.2974729537964
S1-483126440	S2-223826524	24.0	0.47192978858947754	20.0	0.8165076375007629	0.0		True	True	False	2	201.28843742609024
S1-483126440	S2-434748052	25.0	0.46805083751678467		0.0	0.0		True	False	False	1	100.46805083751678
S1-483126440	S2-785042722	26.0	0.46669328212738037		0.0	0.0		True	False	False	1	100.46669328212738
S1-483126440	S2-654270940	27.0	0.46549081802368164	3.0	0.8689296841621399	0.0		True	True	False	2	201.33442050218582
S1-483126440	S2-317480348	28.0	0.4636502265930176	6.0	0.8342811465263367	0.0		True	True	False	2	201.29793137311935
S1-483126440	S2-742077842	29.0	0.4585036039352417		0.0	0.0		True	False	False	1	100.45850360393524
S1-483126440	S2-999853272	30.0	0.4581831693649292		0.0	0.0		True	False	False	1	100.45818316936493
S1-483126440	S3-158901285	1.0	0.6359333992004395		0.0	0.0		True	False	False	1	100.63593339920044
S1-483126440	S3-526709055	2.0	0.5543389320373535		0.0	0.0		True	False	False	1	100.55433893203735
S1-483126440	S3-960416326	3.0	0.5533965826034546		0.0	0.0		True	False	False	1	100.55339658260345
S1-483126440	S3-361863410	4.0	0.5392176508903503		0.0	0.0		True	False	False	1	100.53921765089035
S1-483126440	S3-853414998	5.0	0.5315172672271729		0.0	0.0		True	False	False	1	100.53151726722717
S1-483126440	S3-219041197	6.0	0.5284718871116638	24.0	0.8167572021484375	0.0		True	True	False	2	201.3452290892601
S1-483126440	S3-436480804	7.0	0.524934709072113		0.0	0.0		True	False	False	1	100.52493470907211
S1-483126440	S3-18976400	8.0	0.5167782306671143		0.0	0.0		True	False	False	1	100.51677823066711
S1-483126440	S3-877919199	9.0	0.5157167315483093	10.0	0.8394606113433838	0.0		True	True	False	2	201.3551773428917
S1-483126440	S3-604980231	10.0	0.5127530097961426		0.0	0.0		True	False	False	1	100.51275300979614
S1-483126440	S3-811459169	11.0	0.5113739967346191		0.0	0.0		True	False	False	1	100.51137399673462
S1-483126440	S3-464265492	12.0	0.5110063552856445		0.0	0.0		True	False	False	1	100.51100635528564
S1-483126440	S3-895598264	13.0	0.5085554122924805	5.0	0.8490533232688904	0.0		True	True	False	2	201.35760873556137
S1-483126440	S3-695502221	14.0	0.505497932434082		0.0	0.0		True	False	False	1	100.50549793243408
S1-483126440	S3-227725397	15.0	0.503291666507721	17.0	0.8266348242759705	0.0		True	True	False	2	201.3299264907837
S1-483126440	S3-688194826	16.0	0.5014374256134033		0.0	0.0		True	False	False	1	100.5014374256134
S1-483126440	S3-276427681	17.0	0.5012413263320923		0.0	0.0		True	False	False	1	100.50124132633209
S1-483126440	S3-115653125	18.0	0.5006710290908813	4.0	0.8492218255996704	0.0		True	True	False	2	201.34989285469055
S1-483126440	S3-170975522	19.0	0.4994840621948242		0.0	0.0		True	False	False	1	100.49948406219482
S1-483126440	S3-462677478	20.0	0.494717538356781		0.0	0.0		True	False	False	1	100.49471753835678
S1-483126440	S3-611681699	21.0	0.4945082664489746		0.0	0.0		True	False	False	1	100.49450826644897
S1-483126440	S3-323904182	22.0	0.492794930934906		0.0	0.0		True	False	False	1	100.4927949309349
S1-483126440	S3-264170444	23.0	0.49010583758354187		0.0	0.0		True	False	False	1	100.49010583758354
S1-483126440	S3-577972146	24.0	0.4873218536376953		0.0	0.0		True	False	False	1	100.4873218536377
S1-483126440	S3-250853646	25.0	0.48710721731185913		0.0	0.0		True	False	False	1	100.48710721731186
S1-483126440	S3-288440193	26.0	0.48705950379371643		0.0	0.0		True	False	False	1	100.48705950379372
S1-483126440	S3-536202929	27.0	0.48663944005966187		0.0	0.0		True	False	False	1	100.48663944005966
S1-483126440	S3-250324284	28.0	0.48081305623054504		0.0	0.0		True	False	False	1	100.48081305623055
S1-483126440	S3-652287374	29.0	0.47152048349380493		0.0	0.0		True	False	False	1	100.4715204834938
S1-483126440	S3-961421742	30.0	0.4670981168746948		0.0	0.0		True	False	False	1	100.4670981168747
S1-483126440	S2-378851466		0.0	1.0	0.9247580766677856	0.0		False	True	False	1	100.92475807666779
S1-483126440	S2-658886344		0.0	2.0	0.8784658312797546	0.0		False	True	False	1	100.87846583127975
S1-483126440	S2-884102769		0.0	4.0	0.8374359607696533	0.0		False	True	False	1	100.83743596076965
S1-483126440	S2-375151053		0.0	5.0	0.8353652358055115	0.0		False	True	False	1	100.83536523580551
S1-483126440	S2-440948455		0.0	7.0	0.8311836123466492	0.0		False	True	False	1	100.83118361234665
S1-483126440	S2-476476786		0.0	8.0	0.8302209377288818	0.0		False	True	False	1	100.83022093772888
S1-483126440	S2-340420883		0.0	10.0	0.8279637694358826	0.0		False	True	False	1	100.82796376943588
S1-483126440	S2-729157829		0.0	11.0	0.8274223804473877	0.0		False	True	False	1	100.82742238044739
S1-483126440	S2-934716922		0.0	12.0	0.8255745768547058	0.0		False	True	False	1	100.8255745768547
S1-483126440	S2-222871632		0.0	15.0	0.8244519233703613	0.0		False	True	False	1	100.82445192337036
S1-483126440	S2-89663826		0.0	16.0	0.8222522735595703	0.0		False	True	False	1	100.82225227355957
S1-483126440	S2-594115095		0.0	17.0	0.8211551904678345	0.0		False	True	False	1	100.82115519046783
S1-483126440	S2-933724724		0.0	18.0	0.8206145167350769	0.0		False	True	False	1	100.82061451673508
S1-483126440	S2-400190057		0.0	19.0	0.8168057203292847	0.0		False	True	False	1	100.81680572032928
S1-483126440	S2-576201028		0.0	21.0	0.8160244226455688	0.0		False	True	False	1	100.81602442264557
S1-483126440	S2-744098365		0.0	22.0	0.8135678172111511	0.0		False	True	False	1	100.81356781721115
S1-483126440	S2-809665812		0.0	23.0	0.8113490343093872	0.0		False	True	False	1	100.81134903430939
S1-483126440	S2-210791875		0.0	24.0	0.8107595443725586	0.0		False	True	False	1	100.81075954437256
S1-483126440	S2-592412285		0.0	26.0	0.809462308883667	0.0		False	True	False	1	100.80946230888367
S1-483126440	S2-770341988		0.0	27.0	0.8051626682281494	0.0		False	True	False	1	100.80516266822815
S1-483126440	S2-583840796		0.0	28.0	0.8051227927207947	0.0		False	True	False	1	100.8051227927208
S1-483126440	S2-715460557		0.0	29.0	0.8050456047058105	0.0		False	True	False	1	100.80504560470581
S1-483126440	S2-119647643		0.0	30.0	0.8043673634529114	0.0		False	True	False	1	100.80436736345291
S1-483126440	S3-86143878		0.0	1.0	0.9392776489257812	0.0		False	True	False	1	100.93927764892578
S1-483126440	S3-369430171		0.0	2.0	0.9140076041221619	0.0		False	True	False	1	100.91400760412216
S1-483126440	S3-934627663		0.0	3.0	0.9061056971549988	0.0		False	True	False	1	100.906105697155
S1-483126440	S3-521783865		0.0	6.0	0.8485901355743408	0.0		False	True	False	1	100.84859013557434
S1-483126440	S3-760959067		0.0	7.0	0.8479024767875671	0.0		False	True	False	1	100.84790247678757
S1-483126440	S3-469272577		0.0	8.0	0.8465930819511414	0.0		False	True	False	1	100.84659308195114
S1-483126440	S3-483958914		0.0	9.0	0.8441727757453918	0.0		False	True	False	1	100.84417277574539
S1-483126440	S3-185659081		0.0	11.0	0.8367817401885986	0.0		False	True	False	1	100.8367817401886
S1-483126440	S3-74786614		0.0	12.0	0.8342709541320801	0.0		False	True	False	1	100.83427095413208
S1-483126440	S3-75604340		0.0	13.0	0.8341395854949951	0.0		False	True	False	1	100.834139585495
S1-483126440	S3-64079929		0.0	14.0	0.8340197801589966	0.0		False	True	False	1	100.834019780159
S1-483126440	S3-517069981		0.0	15.0	0.8328166007995605	0.0		False	True	False	1	100.83281660079956
S1-483126440	S3-573605691		0.0	16.0	0.8315691947937012	0.0		False	True	False	1	100.8315691947937
S1-483126440	S3-200532536		0.0	18.0	0.8230768442153931	0.0		False	True	False	1	100.8230768442154
S1-483126440	S3-340374288		0.0	19.0	0.8228771686553955	0.0		False	True	False	1	100.8228771686554
S1-483126440	S3-22321512		0.0	20.0	0.8199032545089722	0.0		False	True	False	1	100.81990325450897
S1-483126440	S3-825495383		0.0	21.0	0.8185600638389587	0.0		False	True	False	1	100.81856006383896
S1-483126440	S3-150632472		0.0	22.0	0.8180993795394897	0.0		False	True	False	1	100.81809937953949
S1-483126440	S3-768772995		0.0	23.0	0.8174752593040466	0.0		False	True	False	1	100.81747525930405
S1-483126440	S3-556228627		0.0	25.0	0.8159934282302856	0.0		False	True	False	1	100.81599342823029
S1-483126440	S3-797337828		0.0	26.0	0.815719485282898	0.0		False	True	False	1	100.8157194852829
S1-483126440	S3-184174096		0.0	27.0	0.8156090974807739	0.0		False	True	False	1	100.81560909748077
S1-483126440	S3-468731115		0.0	28.0	0.8153649568557739	0.0		False	True	False	1	100.81536495685577
S1-483126440	S3-221443476		0.0	29.0	0.8140579462051392	0.0		False	True	False	1	100.81405794620514
S1-483126440	S3-543902884		0.0	30.0	0.8135015368461609	0.0		False	True	False	1	100.81350153684616
S1-270951405	S2-292567038	1.0	0.6114895939826965	26.0	0.9327422380447388	0.0		True	True	False	2	201.54423183202744
S1-270951405	S2-913930320	2.0	0.5877723097801208		0.0	0.0		True	False	False	1	100.58777230978012
S1-270951405	S2-956479781	3.0	0.5859200358390808	17.0	0.9396371841430664	0.0		True	True	False	2	201.52555721998215
S1-270951405	S2-784442772	4.0	0.5713003873825073	9.0	0.9490864276885986	0.0		True	True	False	2	201.5203868150711
S1-270951405	S2-485885002	5.0	0.5679904222488403		0.0	0.0		True	False	False	1	100.56799042224884
S1-270951405	S2-317480348	6.0	0.5608775615692139		0.0	0.0		True	False	False	1	100.56087756156921
S1-270951405	S2-434748052	7.0	0.5371317863464355	30.0	0.930479109287262	0.0		True	True	False	2	201.4676108956337
S1-270951405	S2-786671109	8.0	0.5370849370956421		0.0	0.0		True	False	False	1	100.53708493709564
S1-270951405	S2-742077842	9.0	0.5343408584594727		0.0	0.0		True	False	False	1	100.53434085845947
S1-270951405	S2-910351373	10.0	0.5300343036651611	25.0	0.9343400001525879	0.0		True	True	False	2	201.46437430381775
S1-270951405	S2-537184954	11.0	0.5278784036636353		0.0	0.0		True	False	False	1	100.52787840366364
S1-270951405	S2-715460557	12.0	0.5173448324203491		0.0	0.0		True	False	False	1	100.51734483242035
S1-270951405	S2-304177076	13.0	0.5154569745063782		0.0	0.0		True	False	False	1	100.51545697450638
S1-270951405	S2-787861634	14.0	0.5087303519248962	7.0	0.950872540473938	0.0		True	True	False	2	201.45960289239883
S1-270951405	S2-501534718	15.0	0.5048384666442871	3.0	0.9606224298477173	0.0		True	True	False	2	201.465460896492
S1-270951405	S2-767997013	16.0	0.502246081829071	6.0	0.951081395149231	0.0		True	True	False	2	201.4533274769783
S1-270951405	S2-192345572	17.0	0.5005252957344055		0.0	0.0		True	False	False	1	100.5005252957344
S1-270951405	S2-550697952	18.0	0.4999769926071167		0.0	0.0		True	False	False	1	100.49997699260712
S1-270951405	S2-166809876	19.0	0.4998762011528015		0.0	0.0		True	False	False	1	100.4998762011528
S1-270951405	S2-229677112	20.0	0.49068933725357056	20.0	0.9375737905502319	0.0		True	True	False	2	201.4282631278038
S1-270951405	S2-905827553	21.0	0.4880010783672333		0.0	0.0		True	False	False	1	100.48800107836723
S1-270951405	S2-592412285	22.0	0.48608851432800293		0.0	0.0		True	False	False	1	100.486088514328
S1-270951405	S2-223826524	23.0	0.4852369427680969	4.0	0.957080066204071	0.0		True	True	False	2	201.44231700897217
S1-270951405	S2-600460285	24.0	0.4830009341239929	2.0	0.9628371000289917	0.0		True	True	False	2	201.44583803415298
S1-270951405	S2-495461061	25.0	0.4818503260612488		0.0	0.0		True	False	False	1	100.48185032606125
S1-270951405	S2-654270940	26.0	0.47899001836776733		0.0	0.0		True	False	False	1	100.47899001836777
S1-270951405	S2-77137709	27.0	0.47561484575271606		0.0	0.0		True	False	False	1	100.47561484575272
S1-270951405	S2-785042722	28.0	0.4745824933052063	1.0	0.9655861854553223	0.0		True	True	False	2	201.44016867876053
S1-270951405	S2-591078525	29.0	0.47146469354629517		0.0	0.0		True	False	False	1	100.4714646935463
S1-270951405	S2-210791875	30.0	0.4675860106945038	19.0	0.9382897019386292	0.0		True	True	False	2	201.40587571263313
S1-270951405	S3-323904182	1.0	0.64407879114151	23.0	0.9375194311141968	0.0		True	True	False	2	201.5815982222557
S1-270951405	S3-227725397	2.0	0.5869443416595459		0.0	0.0		True	False	False	1	100.58694434165955
S1-270951405	S3-289697426	3.0	0.5805635452270508		0.0	0.0		True	False	False	1	100.58056354522705
S1-270951405	S3-695502221	4.0	0.5658701062202454	20.0	0.9414538741111755	0.0		True	True	False	2	201.50732398033142
S1-270951405	S3-191842349	5.0	0.5658468008041382		0.0	0.0		True	False	False	1	100.56584680080414
S1-270951405	S3-115653125	6.0	0.5656707286834717		0.0	0.0		True	False	False	1	100.56567072868347
S1-270951405	S3-436480804	7.0	0.5486111640930176		0.0	0.0		True	False	False	1	100.54861116409302
S1-270951405	S3-10300249	8.0	0.5457785129547119		0.0	0.0		True	False	False	1	100.54577851295471
S1-270951405	S3-604980231	9.0	0.544847846031189		0.0	0.0		True	False	False	1	100.54484784603119
S1-270951405	S3-288440193	10.0	0.544478714466095	4.0	0.958879828453064	0.0		True	True	False	2	201.50335854291916
S1-270951405	S3-853414998	11.0	0.5354657769203186		0.0	0.0		True	False	False	1	100.53546577692032
S1-270951405	S3-127741306	12.0	0.5353877544403076	26.0	0.9348950386047363	0.0		True	True	False	2	201.47028279304504
S1-270951405	S3-652287374	13.0	0.5265390276908875	29.0	0.9309817552566528	0.0		True	True	False	2	201.45752078294754
S1-270951405	S3-536202929	14.0	0.5237456560134888	5.0	0.9569739103317261	0.0		True	True	False	2	201.48071956634521
S1-270951405	S3-361863410	15.0	0.5166234970092773		0.0	0.0		True	False	False	1	100.51662349700928
S1-270951405	S3-580736465	16.0	0.5147860050201416		0.0	0.0		True	False	False	1	100.51478600502014
S1-270951405	S3-250324284	17.0	0.5131849050521851	22.0	0.9392169713973999	0.0		True	True	False	2	201.45240187644958
S1-270951405	S3-264170444	18.0	0.5103422403335571		0.0	0.0		True	False	False	1	100.51034224033356
S1-270951405	S3-611681699	19.0	0.5097663402557373		0.0	0.0		True	False	False	1	100.50976634025574
S1-270951405	S3-170975522	20.0	0.5090562105178833	3.0	0.9617287516593933	0.0		True	True	False	2	201.47078496217728
S1-270951405	S3-867263634	21.0	0.5032573342323303		0.0	0.0		True	False	False	1	100.50325733423233
S1-270951405	S3-462677478	22.0	0.5027353167533875		0.0	0.0		True	False	False	1	100.50273531675339
S1-270951405	S3-960416326	23.0	0.501384973526001	6.0	0.9569427967071533	0.0		True	True	False	2	201.45832777023315
S1-270951405	S3-18976400	24.0	0.5010443925857544		0.0	0.0		True	False	False	1	100.50104439258575
S1-270951405	S3-688194826	25.0	0.49290239810943604	28.0	0.9320172667503357	0.0		True	True	False	2	201.42491966485977
S1-270951405	S3-125349995	26.0	0.48991185426712036	8.0	0.9536294341087341	0.0		True	True	False	2	201.44354128837585
S1-270951405	S3-482581656	27.0	0.48738962411880493	25.0	0.9365202784538269	0.0		True	True	False	2	201.42390990257263
S1-270951405	S3-464265492	28.0	0.4831256568431854	12.0	0.9499356150627136	0.0		True	True	False	2	201.4330612719059
S1-270951405	S3-577972146	29.0	0.4830860197544098	11.0	0.9517335891723633	0.0		True	True	False	2	201.43481960892677
S1-270951405	S3-819001322	30.0	0.4829045236110687	16.0	0.9460543990135193	0.0		True	True	False	2	201.4289589226246
S1-270951405	S2-875724478		0.0	5.0	0.952948808670044	0.0		False	True	False	1	100.95294880867004
S1-270951405	S2-891600450		0.0	8.0	0.9499360918998718	0.0		False	True	False	1	100.94993609189987
S1-270951405	S2-357438552		0.0	10.0	0.9483587741851807	0.0		False	True	False	1	100.94835877418518
S1-270951405	S2-193013091		0.0	11.0	0.9434707164764404	0.0		False	True	False	1	100.94347071647644
S1-270951405	S2-578788567		0.0	12.0	0.9425442814826965	0.0		False	True	False	1	100.9425442814827
S1-270951405	S2-412565852		0.0	13.0	0.9423099756240845	0.0		False	True	False	1	100.94230997562408
S1-270951405	S2-495604525		0.0	14.0	0.9422690272331238	0.0		False	True	False	1	100.94226902723312
S1-270951405	S2-84473557		0.0	15.0	0.941730260848999	0.0		False	True	False	1	100.941730260849
S1-270951405	S2-530685908		0.0	16.0	0.9401593208312988	0.0		False	True	False	1	100.9401593208313
S1-270951405	S2-463756409		0.0	18.0	0.9386577010154724	0.0		False	True	False	1	100.93865770101547
S1-270951405	S2-566025912		0.0	21.0	0.9364749789237976	0.0		False	True	False	1	100.9364749789238
S1-270951405	S2-378846408		0.0	22.0	0.9351699352264404	0.0		False	True	False	1	100.93516993522644
S1-270951405	S2-917258438		0.0	23.0	0.9349713325500488	0.0		False	True	False	1	100.93497133255005
S1-270951405	S2-634571997		0.0	24.0	0.9344910383224487	0.0		False	True	False	1	100.93449103832245
S1-270951405	S2-999853272		0.0	27.0	0.9323355555534363	0.0		False	True	False	1	100.93233555555344
S1-270951405	S2-938316135		0.0	28.0	0.9315180778503418	0.0		False	True	False	1	100.93151807785034
S1-270951405	S2-440948455		0.0	29.0	0.9308448433876038	0.0		False	True	False	1	100.9308448433876
S1-270951405	S3-173398261		0.0	1.0	0.9642826318740845	0.0		False	True	False	1	100.96428263187408
S1-270951405	S3-162993152		0.0	2.0	0.9623134732246399	0.0		False	True	False	1	100.96231347322464
S1-270951405	S3-159233685		0.0	7.0	0.9563114643096924	0.0		False	True	False	1	100.95631146430969
S1-270951405	S3-610536355		0.0	9.0	0.9528898596763611	0.0		False	True	False	1	100.95288985967636
S1-270951405	S3-662721327		0.0	10.0	0.9522666931152344	0.0		False	True	False	1	100.95226669311523
S1-270951405	S3-483958914		0.0	13.0	0.9485390782356262	0.0		False	True	False	1	100.94853907823563
S1-270951405	S3-158901285		0.0	14.0	0.9485028982162476	0.0		False	True	False	1	100.94850289821625
S1-270951405	S3-961421742		0.0	15.0	0.9473457336425781	0.0		False	True	False	1	100.94734573364258
S1-270951405	S3-768772995		0.0	17.0	0.9451042413711548	0.0		False	True	False	1	100.94510424137115
S1-270951405	S3-895598264		0.0	18.0	0.9448294639587402	0.0		False	True	False	1	100.94482946395874
S1-270951405	S3-218566871		0.0	19.0	0.9425438642501831	0.0		False	True	False	1	100.94254386425018
S1-270951405	S3-825495383		0.0	21.0	0.941048264503479	0.0		False	True	False	1	100.94104826450348
S1-270951405	S3-367901084		0.0	24.0	0.937102198600769	0.0		False	True	False	1	100.93710219860077
S1-270951405	S3-219844340		0.0	27.0	0.9322444200515747	0.0		False	True	False	1	100.93224442005157
S1-270951405	S3-389830698		0.0	30.0	0.9283532500267029	0.0		False	True	False	1	100.9283532500267
S1-520799361	S2-89663826	1.0	0.5457988977432251	1.0	0.9716633558273315	0.0		True	True	False	2	201.51746225357056
S1-520799361	S2-416136682	2.0	0.4262316823005676	12.0	0.9412053227424622	0.0		True	True	False	2	201.36743700504303
S1-520799361	S2-578484139	3.0	0.4003344178199768		0.0	0.0		True	False	False	1	100.40033441781998
S1-520799361	S2-268861424	4.0	0.39996159076690674		0.0	0.0		True	False	False	1	100.3999615907669
S1-520799361	S2-786671109	5.0	0.38377559185028076		0.0	0.0		True	False	False	1	100.38377559185028
S1-520799361	S2-787861634	6.0	0.3834455609321594		0.0	0.0		True	False	False	1	100.38344556093216
S1-520799361	S2-504393659	7.0	0.36926454305648804		0.0	0.0		True	False	False	1	100.36926454305649
S1-520799361	S2-956479781	8.0	0.36909228563308716		0.0	0.0		True	False	False	1	100.36909228563309
S1-520799361	S2-550697952	9.0	0.3660111129283905		0.0	0.0		True	False	False	1	100.36601111292839
S1-520799361	S2-875724478	10.0	0.3631404638290405		0.0	0.0		True	False	False	1	100.36314046382904
S1-520799361	S2-412565852	11.0	0.36187320947647095	25.0	0.925039529800415	0.0		True	True	False	2	201.2869127392769
S1-520799361	S2-537184954	12.0	0.3568156659603119		0.0	0.0		True	False	False	1	100.35681566596031
S1-520799361	S2-559669701	13.0	0.3547161817550659	19.0	0.9307628870010376	0.0		True	True	False	2	201.2854790687561
S1-520799361	S2-375151053	14.0	0.3495989441871643	5.0	0.9501646757125854	0.0		True	True	False	2	201.29976361989975
S1-520799361	S2-933865098	15.0	0.3452666401863098		0.0	0.0		True	False	False	1	100.34526664018631
S1-520799361	S2-434748052	16.0	0.3450654447078705		0.0	0.0		True	False	False	1	100.34506544470787
S1-520799361	S2-262646344	17.0	0.3441990315914154		0.0	0.0		True	False	False	1	100.34419903159142
S1-520799361	S2-910351373	18.0	0.34216421842575073		0.0	0.0		True	False	False	1	100.34216421842575
S1-520799361	S2-223826524	19.0	0.3415447473526001		0.0	0.0		True	False	False	1	100.3415447473526
S1-520799361	S2-785042722	20.0	0.3398289084434509		0.0	0.0		True	False	False	1	100.33982890844345
S1-520799361	S2-119647643	21.0	0.3360269367694855	11.0	0.9415971636772156	0.0		True	True	False	2	201.2776241004467
S1-520799361	S2-938316135	22.0	0.33330366015434265	21.0	0.9296129941940308	0.0		True	True	False	2	201.26291665434837
S1-520799361	S2-463756409	23.0	0.33190393447875977		0.0	0.0		True	False	False	1	100.33190393447876
S1-520799361	S2-767997013	24.0	0.32960420846939087		0.0	0.0		True	False	False	1	100.32960420846939
S1-520799361	S2-576201028	25.0	0.3292781114578247	23.0	0.929070770740509	0.0		True	True	False	2	201.25834888219833
S1-520799361	S2-17102176	26.0	0.32846593856811523		0.0	0.0		True	False	False	1	100.32846593856812
S1-520799361	S2-583840796	27.0	0.3261592984199524	26.0	0.9245909452438354	0.0		True	True	False	2	201.2507502436638
S1-520799361	S2-193013091	28.0	0.3241707384586334		0.0	0.0		True	False	False	1	100.32417073845863
S1-520799361	S2-600460285	29.0	0.3222154378890991		0.0	0.0		True	False	False	1	100.3222154378891
S1-520799361	S2-84473557	30.0	0.3220387101173401		0.0	0.0		True	False	False	1	100.32203871011734
S1-520799361	S3-305215419	1.0	0.4071350693702698		0.0	0.0		True	False	False	1	100.40713506937027
S1-520799361	S3-995796854	2.0	0.4019739329814911	15.0	0.9351493716239929	0.0		True	True	False	2	201.33712330460548
S1-520799361	S3-22088661	3.0	0.40041035413742065	3.0	0.9571187496185303	0.0		True	True	False	2	201.35752910375595
S1-520799361	S3-877919199	4.0	0.3972512483596802		0.0	0.0		True	False	False	1	100.39725124835968
S1-520799361	S3-895598264	5.0	0.38100117444992065		0.0	0.0		True	False	False	1	100.38100117444992
S1-520799361	S3-162993152	6.0	0.3788700997829437		0.0	0.0		True	False	False	1	100.37887009978294
S1-520799361	S3-289567021	7.0	0.3768167495727539	5.0	0.9546907544136047	0.0		True	True	False	2	201.33150750398636
S1-520799361	S3-468731115	8.0	0.3751586377620697	24.0	0.9200178384780884	0.0		True	True	False	2	201.29517647624016
S1-520799361	S3-198586129	9.0	0.36879777908325195		0.0	0.0		True	False	False	1	100.36879777908325
S1-520799361	S3-159233685	10.0	0.36624374985694885		0.0	0.0		True	False	False	1	100.36624374985695
S1-520799361	S3-610536355	11.0	0.3625887632369995	28.0	0.9162060022354126	0.0		True	True	False	2	201.2787947654724
S1-520799361	S3-98186645	12.0	0.3599824905395508		0.0	0.0		True	False	False	1	100.35998249053955
S1-520799361	S3-380741339	13.0	0.35731741786003113	14.0	0.9392654299736023	0.0		True	True	False	2	201.29658284783363
S1-520799361	S3-825495383	14.0	0.35620802640914917		0.0	0.0		True	False	False	1	100.35620802640915
S1-520799361	S3-75604340	15.0	0.35044801235198975	2.0	0.9574117660522461	0.0		True	True	False	2	201.30785977840424
S1-520799361	S3-150632472	16.0	0.3499992787837982	8.0	0.9491612315177917	0.0		True	True	False	2	201.2991605103016
S1-520799361	S3-288440193	17.0	0.3493402600288391		0.0	0.0		True	False	False	1	100.34934026002884
S1-520799361	S3-695502221	18.0	0.34691572189331055		0.0	0.0		True	False	False	1	100.34691572189331
S1-520799361	S3-191842349	19.0	0.34440067410469055		0.0	0.0		True	False	False	1	100.34440067410469
S1-520799361	S3-580736465	20.0	0.3442266285419464		0.0	0.0		True	False	False	1	100.34422662854195
S1-520799361	S3-416247723	21.0	0.33574166893959045	22.0	0.9227142930030823	0.0		True	True	False	2	201.25845596194267
S1-520799361	S3-464265492	22.0	0.3347353935241699		0.0	0.0		True	False	False	1	100.33473539352417
S1-520799361	S3-125349995	23.0	0.3313007950782776		0.0	0.0		True	False	False	1	100.33130079507828
S1-520799361	S3-611681699	24.0	0.3286362290382385		0.0	0.0		True	False	False	1	100.32863622903824
S1-520799361	S3-184174096	25.0	0.3269050717353821	11.0	0.9426182508468628	0.0		True	True	False	2	201.26952332258224
S1-520799361	S3-768772995	26.0	0.3250574767589569	29.0	0.9154021739959717	0.0		True	True	False	2	201.24045965075493
S1-520799361	S3-369430171	27.0	0.32136034965515137		0.0	0.0		True	False	False	1	100.32136034965515
S1-520799361	S3-517069981	28.0	0.3212687373161316	26.0	0.917958676815033	0.0		True	True	False	2	201.23922741413116
S1-520799361	S3-250324284	29.0	0.3211778998374939		0.0	0.0		True	False	False	1	100.3211778998375
S1-520799361	S3-218566871	30.0	0.3201121687889099		0.0	0.0		True	False	False	1	100.32011216878891
S1-520799361	S2-37424835		0.0	2.0	0.9598696231842041	0.0		False	True	False	1	100.9598696231842
S1-520799361	S2-823489243		0.0	3.0	0.9514063596725464	0.0		False	True	False	1	100.95140635967255
S1-520799361	S2-340420883		0.0	4.0	0.9504964351654053	0.0		False	True	False	1	100.9504964351654
S1-520799361	S2-449438476		0.0	6.0	0.9498105645179749	0.0		False	True	False	1	100.94981056451797
S1-520799361	S2-726058757		0.0	7.0	0.9484820365905762	0.0		False	True	False	1	100.94848203659058
S1-520799361	S2-884102769		0.0	8.0	0.9459437131881714	0.0		False	True	False	1	100.94594371318817
S1-520799361	S2-809665812		0.0	9.0	0.9444190263748169	0.0		False	True	False	1	100.94441902637482
S1-520799361	S2-222871632		0.0	10.0	0.9421950578689575	0.0		False	True	False	1	100.94219505786896
S1-520799361	S2-476476786		0.0	13.0	0.939010500907898	0.0		False	True	False	1	100.9390105009079
S1-520799361	S2-400190057		0.0	14.0	0.9375938177108765	0.0		False	True	False	1	100.93759381771088
S1-520799361	S2-729157829		0.0	15.0	0.9359043836593628	0.0		False	True	False	1	100.93590438365936
S1-520799361	S2-160823657		0.0	16.0	0.9339730143547058	0.0		False	True	False	1	100.9339730143547
S1-520799361	S2-378846408		0.0	17.0	0.9328026175498962	0.0		False	True	False	1	100.9328026175499
S1-520799361	S2-258890831		0.0	18.0	0.9318188428878784	0.0		False	True	False	1	100.93181884288788
S1-520799361	S2-481572644		0.0	20.0	0.9298762679100037	0.0		False	True	False	1	100.92987626791
S1-520799361	S2-744098365		0.0	22.0	0.9295610189437866	0.0		False	True	False	1	100.92956101894379
S1-520799361	S2-560710588		0.0	24.0	0.9284947514533997	0.0		False	True	False	1	100.9284947514534
S1-520799361	S2-715460557		0.0	27.0	0.9240542054176331	0.0		False	True	False	1	100.92405420541763
S1-520799361	S2-440948455		0.0	28.0	0.9239907264709473	0.0		False	True	False	1	100.92399072647095
S1-520799361	S2-933724724		0.0	29.0	0.9230517745018005	0.0		False	True	False	1	100.9230517745018
S1-520799361	S2-784442772		0.0	30.0	0.9227449893951416	0.0		False	True	False	1	100.92274498939514
S1-520799361	S3-797337828		0.0	1.0	0.9674842953681946	0.0		False	True	False	1	100.9674842953682
S1-520799361	S3-227725397		0.0	4.0	0.9563354849815369	0.0		False	True	False	1	100.95633548498154
S1-520799361	S3-185659081		0.0	6.0	0.9526855945587158	0.0		False	True	False	1	100.95268559455872
S1-520799361	S3-760959067		0.0	7.0	0.9499750733375549	0.0		False	True	False	1	100.94997507333755
S1-520799361	S3-374810425		0.0	9.0	0.9461857080459595	0.0		False	True	False	1	100.94618570804596
S1-520799361	S3-469272577		0.0	10.0	0.9445105195045471	0.0		False	True	False	1	100.94451051950455
S1-520799361	S3-668629842		0.0	12.0	0.9415987730026245	0.0		False	True	False	1	100.94159877300262
S1-520799361	S3-573605691		0.0	13.0	0.9405776858329773	0.0		False	True	False	1	100.94057768583298
S1-520799361	S3-367901084		0.0	16.0	0.9344395995140076	0.0		False	True	False	1	100.93443959951401
S1-520799361	S3-521783865		0.0	17.0	0.9309319257736206	0.0		False	True	False	1	100.93093192577362
S1-520799361	S3-221443476		0.0	18.0	0.9303621649742126	0.0		False	True	False	1	100.93036216497421
S1-520799361	S3-340374288		0.0	19.0	0.9293777346611023	0.0		False	True	False	1	100.9293777346611
S1-520799361	S3-715117209		0.0	20.0	0.9267773628234863	0.0		False	True	False	1	100.92677736282349
S1-520799361	S3-556228627		0.0	21.0	0.9252824783325195	0.0		False	True	False	1	100.92528247833252
S1-520799361	S3-937140604		0.0	23.0	0.9205098152160645	0.0		False	True	False	1	100.92050981521606
S1-520799361	S3-543902884		0.0	25.0	0.9194560050964355	0.0		False	True	False	1	100.91945600509644
S1-520799361	S3-265204232		0.0	27.0	0.9174832701683044	0.0		False	True	False	1	100.9174832701683
S1-520799361	S3-22321512		0.0	30.0	0.9151458740234375	0.0		False	True	False	1	100.91514587402344
S1-81033582	S2-158121477	1.0	0.7181177735328674	4.0	0.9665173292160034	0.0		True	True	False	2	201.68463510274887
S1-81033582	S2-262646344	2.0	0.7086548805236816	7.0	0.9572877883911133	0.0		True	True	False	2	201.6659426689148
S1-81033582	S2-575142052	3.0	0.6646862030029297	2.0	0.9779413342475891	0.0		True	True	False	2	201.64262753725052
S1-81033582	S2-800542765	4.0	0.6504964828491211	6.0	0.9609414935112	0.0		True	True	False	2	201.61143797636032
S1-81033582	S2-112287031	5.0	0.6305121183395386	1.0	0.9787997007369995	0.0		True	True	False	2	201.60931181907654
S1-81033582	S2-170244057	6.0	0.5770580172538757	11.0	0.9454625844955444	0.0		True	True	False	2	201.52252060174942
S1-81033582	S2-459485143	7.0	0.5709593892097473	12.0	0.9445358514785767	0.0		True	True	False	2	201.51549524068832
S1-81033582	S2-647447093	8.0	0.5634847283363342	14.0	0.942254364490509	0.0		True	True	False	2	201.50573909282684
S1-81033582	S2-878037834	9.0	0.5494211316108704	13.0	0.94305419921875	0.0		True	True	False	2	201.49247533082962
S1-81033582	S2-566025912	10.0	0.549310564994812	8.0	0.9502497315406799	0.0		True	True	False	2	201.4995602965355
S1-81033582	S2-770341988	11.0	0.4930891692638397	5.0	0.9612343907356262	0.0		True	True	False	2	201.45432355999947
S1-81033582	S2-742018880	12.0	0.49110662937164307		0.0	0.0		True	False	False	1	100.49110662937164
S1-81033582	S2-933724724	13.0	0.47414347529411316	29.0	0.9072051644325256	0.0		True	True	False	2	201.38134863972664
S1-81033582	S2-160823657	14.0	0.47252362966537476	15.0	0.9401593804359436	0.0		True	True	False	2	201.41268301010132
S1-81033582	S2-654270940	15.0	0.4438624978065491		0.0	0.0		True	False	False	1	100.44386249780655
S1-81033582	S2-305637735	16.0	0.4293263256549835	9.0	0.949508011341095	0.0		True	True	False	2	201.37883433699608
S1-81033582	S2-108012128	17.0	0.42746326327323914	3.0	0.9774425029754639	0.0		True	True	False	2	201.4049057662487
S1-81033582	S2-495604525	18.0	0.41600242257118225		0.0	0.0		True	False	False	1	100.41600242257118
S1-81033582	S2-476476786	19.0	0.40428096055984497	21.0	0.9194297790527344	0.0		True	True	False	2	201.32371073961258
S1-81033582	S2-767997013	20.0	0.40382418036460876		0.0	0.0		True	False	False	1	100.40382418036461
S1-81033582	S2-412565852	21.0	0.4027320146560669		0.0	0.0		True	False	False	1	100.40273201465607
S1-81033582	S2-891600450	22.0	0.39667052030563354		0.0	0.0		True	False	False	1	100.39667052030563
S1-81033582	S2-956479781	23.0	0.3964846432209015		0.0	0.0		True	False	False	1	100.3964846432209
S1-81033582	S2-416136682	24.0	0.3900225758552551	26.0	0.9150201082229614	0.0		True	True	False	2	201.30504268407822
S1-81033582	S2-223826524	25.0	0.3845614194869995	27.0	0.9109370708465576	0.0		True	True	False	2	201.29549849033356
S1-81033582	S2-785042722	26.0	0.38283130526542664	20.0	0.9195888042449951	0.0		True	True	False	2	201.30242010951042
S1-81033582	S2-559669701	27.0	0.3762991428375244	24.0	0.9180094599723816	0.0		True	True	False	2	201.2943086028099
S1-81033582	S2-229677112	28.0	0.3704531192779541		0.0	0.0		True	False	False	1	100.37045311927795
S1-81033582	S2-913930320	29.0	0.36872759461402893		0.0	0.0		True	False	False	1	100.36872759461403
S1-81033582	S2-550697952	30.0	0.3595234155654907	16.0	0.9376618266105652	0.0		True	True	False	2	201.29718524217606
S1-81033582	S3-305215419	1.0	0.679933488368988	5.0	0.9561307430267334	0.0		True	True	False	2	201.63606423139572
S1-81033582	S3-198586129	2.0	0.624992311000824	6.0	0.9542174935340881	0.0		True	True	False	2	201.5792098045349
S1-81033582	S3-712130770	3.0	0.6245779991149902	7.0	0.953215479850769	0.0		True	True	False	2	201.57779347896576
S1-81033582	S3-934627663	4.0	0.6201625466346741		0.0	0.0		True	False	False	1	100.62016254663467
S1-81033582	S3-971111671	5.0	0.6171565055847168	4.0	0.9605909585952759	0.0		True	True	False	2	201.57774746418
S1-81033582	S3-715117209	6.0	0.6111189126968384	2.0	0.965233325958252	0.0		True	True	False	2	201.5763522386551
S1-81033582	S3-543902884	7.0	0.5789541006088257	11.0	0.9500266909599304	0.0		True	True	False	2	201.52898079156876
S1-81033582	S3-22321512	8.0	0.5619423985481262	12.0	0.9467123746871948	0.0		True	True	False	2	201.50865477323532
S1-81033582	S3-203608044	9.0	0.5491105318069458	9.0	0.9517185091972351	0.0		True	True	False	2	201.50082904100418
S1-81033582	S3-556228627	10.0	0.5413006544113159	13.0	0.9424672722816467	0.0		True	True	False	2	201.48376792669296
S1-81033582	S3-643284918	11.0	0.5359753370285034		0.0	0.0		True	False	False	1	100.5359753370285
S1-81033582	S3-1062100	12.0	0.518552839756012	1.0	0.9716557860374451	0.0		True	True	False	2	201.49020862579346
S1-81033582	S3-200532536	13.0	0.5114611983299255	17.0	0.9202821254730225	0.0		True	True	False	2	201.43174332380295
S1-81033582	S3-835032939	14.0	0.5008324384689331	8.0	0.9523809552192688	0.0		True	True	False	2	201.4532133936882
S1-81033582	S3-369430171	15.0	0.5007760524749756		0.0	0.0		True	False	False	1	100.50077605247498
S1-81033582	S3-64079929	16.0	0.43980276584625244	10.0	0.9510751962661743	0.0		True	True	False	2	201.39087796211243
S1-81033582	S3-92755938	17.0	0.4274101257324219	3.0	0.9609033465385437	0.0		True	True	False	2	201.38831347227097
S1-81033582	S3-688194826	18.0	0.42533108592033386		0.0	0.0		True	False	False	1	100.42533108592033
S1-81033582	S3-159233685	19.0	0.4208328127861023		0.0	0.0		True	False	False	1	100.4208328127861
S1-81033582	S3-191842349	20.0	0.4168623089790344		0.0	0.0		True	False	False	1	100.41686230897903
S1-81033582	S3-580736465	21.0	0.41301587224006653		0.0	0.0		True	False	False	1	100.41301587224007
S1-81033582	S3-115653125	22.0	0.4076361656188965		0.0	0.0		True	False	False	1	100.4076361656189
S1-81033582	S3-819001322	23.0	0.4053017199039459		0.0	0.0		True	False	False	1	100.40530171990395
S1-81033582	S3-464265492	24.0	0.3922353982925415		0.0	0.0		True	False	False	1	100.39223539829254
S1-81033582	S3-227725397	25.0	0.3767505884170532	30.0	0.8993145227432251	0.0		True	True	False	2	201.27606511116028
S1-81033582	S3-560657213	26.0	0.3737327456474304		0.0	0.0		True	False	False	1	100.37373274564743
S1-81033582	S3-577972146	27.0	0.3732984662055969	15.0	0.9291495084762573	0.0		True	True	False	2	201.30244797468185
S1-81033582	S3-289697426	28.0	0.36999040842056274		0.0	0.0		True	False	False	1	100.36999040842056
S1-81033582	S3-125349995	29.0	0.3698471486568451		0.0	0.0		True	False	False	1	100.36984714865685
S1-81033582	S3-162993152	30.0	0.36833712458610535		0.0	0.0		True	False	False	1	100.3683371245861
S1-81033582	S2-583840796		0.0	10.0	0.9463422894477844	0.0		False	True	False	1	100.94634228944778
S1-81033582	S2-592412285		0.0	17.0	0.9331411123275757	0.0		False	True	False	1	100.93314111232758
S1-81033582	S2-594115095		0.0	18.0	0.9326475858688354	0.0		False	True	False	1	100.93264758586884
S1-81033582	S2-715460557		0.0	19.0	0.9287623167037964	0.0		False	True	False	1	100.9287623167038
S1-81033582	S2-440948455		0.0	22.0	0.9185161590576172	0.0		False	True	False	1	100.91851615905762
S1-81033582	S2-809665812		0.0	23.0	0.9184819459915161	0.0		False	True	False	1	100.91848194599152
S1-81033582	S2-744098365		0.0	25.0	0.9172501564025879	0.0		False	True	False	1	100.91725015640259
S1-81033582	S2-258890831		0.0	28.0	0.9083021879196167	0.0		False	True	False	1	100.90830218791962
S1-81033582	S2-884102769		0.0	30.0	0.9063193798065186	0.0		False	True	False	1	100.90631937980652
S1-81033582	S3-482581656		0.0	14.0	0.9388588666915894	0.0		False	True	False	1	100.93885886669159
S1-81033582	S3-526709055		0.0	16.0	0.9271924495697021	0.0		False	True	False	1	100.9271924495697
S1-81033582	S3-652287374		0.0	18.0	0.9132846593856812	0.0		False	True	False	1	100.91328465938568
S1-81033582	S3-536202929		0.0	19.0	0.912007212638855	0.0		False	True	False	1	100.91200721263885
S1-81033582	S3-221443476		0.0	20.0	0.9091894626617432	0.0		False	True	False	1	100.90918946266174
S1-81033582	S3-797381132		0.0	21.0	0.9082228541374207	0.0		False	True	False	1	100.90822285413742
S1-81033582	S3-380741339		0.0	22.0	0.907860517501831	0.0		False	True	False	1	100.90786051750183
S1-81033582	S3-768772995		0.0	23.0	0.9066092371940613	0.0		False	True	False	1	100.90660923719406
S1-81033582	S3-668629842		0.0	24.0	0.9061160087585449	0.0		False	True	False	1	100.90611600875854
S1-81033582	S3-276427681		0.0	25.0	0.9048759937286377	0.0		False	True	False	1	100.90487599372864
S1-81033582	S3-389830698		0.0	26.0	0.9036162495613098	0.0		False	True	False	1	100.90361624956131
S1-81033582	S3-760959067		0.0	27.0	0.903375506401062	0.0		False	True	False	1	100.90337550640106
S1-81033582	S3-416247723		0.0	28.0	0.9012842178344727	0.0		False	True	False	1	100.90128421783447
S1-81033582	S3-340374288		0.0	29.0	0.9001800417900085	0.0		False	True	False	1	100.90018004179001
S1-56410032	S2-193013091	1.0	0.5627615451812744		0.0	0.0		True	False	False	1	100.56276154518127
S1-56410032	S2-84473557	2.0	0.5247329473495483		0.0	0.0		True	False	False	1	100.52473294734955
S1-56410032	S2-119647643	3.0	0.5014700889587402	22.0	0.9243610501289368	0.0		True	True	False	2	201.42583113908768
S1-56410032	S2-744098365	4.0	0.47195684909820557	5.0	0.9450996518135071	0.0		True	True	False	2	201.4170565009117
S1-56410032	S2-933865098	5.0	0.46834850311279297		0.0	0.0		True	False	False	1	100.4683485031128
S1-56410032	S2-485885002	6.0	0.45851075649261475		0.0	0.0		True	False	False	1	100.45851075649261
S1-56410032	S2-559669701	7.0	0.4543968439102173	7.0	0.9420948028564453	0.0		True	True	False	2	201.39649164676666
S1-56410032	S2-823489243	8.0	0.43485477566719055	9.0	0.941343367099762	0.0		True	True	False	2	201.37619814276695
S1-56410032	S2-638268338	9.0	0.4288303852081299	26.0	0.9191447496414185	0.0		True	True	False	2	201.34797513484955
S1-56410032	S2-905827553	10.0	0.4228757619857788		0.0	0.0		True	False	False	1	100.42287576198578
S1-56410032	S2-400190057	11.0	0.41145583987236023	4.0	0.9463944435119629	0.0		True	True	False	2	201.35785028338432
S1-56410032	S2-729157829	12.0	0.40997880697250366	8.0	0.9418582916259766	0.0		True	True	False	2	201.35183709859848
S1-56410032	S2-658886344	13.0	0.3904879689216614		0.0	0.0		True	False	False	1	100.39048796892166
S1-56410032	S2-229677112	14.0	0.38794541358947754		0.0	0.0		True	False	False	1	100.38794541358948
S1-56410032	S2-537184954	15.0	0.3866538405418396		0.0	0.0		True	False	False	1	100.38665384054184
S1-56410032	S2-550697952	16.0	0.38519054651260376	16.0	0.9316393136978149	0.0		True	True	False	2	201.31682986021042
S1-56410032	S2-340420883	17.0	0.3842540383338928	10.0	0.9395159482955933	0.0		True	True	False	2	201.3237699866295
S1-56410032	S2-222871632	18.0	0.3827384412288666	20.0	0.9274271726608276	0.0		True	True	False	2	201.3101656138897
S1-56410032	S2-495604525	19.0	0.37861794233322144	28.0	0.9189776182174683	0.0		True	True	False	2	201.2975955605507
S1-56410032	S2-412565852	20.0	0.3786044716835022		0.0	0.0		True	False	False	1	100.3786044716835
S1-56410032	S2-504393659	21.0	0.3773048520088196		0.0	0.0		True	False	False	1	100.37730485200882
S1-56410032	S2-999853272	22.0	0.37578827142715454		0.0	0.0		True	False	False	1	100.37578827142715
S1-56410032	S2-578788567	23.0	0.36868467926979065		0.0	0.0		True	False	False	1	100.36868467926979
S1-56410032	S2-938316135	24.0	0.36538243293762207		0.0	0.0		True	False	False	1	100.36538243293762
S1-56410032	S2-268861424	25.0	0.36506927013397217		0.0	0.0		True	False	False	1	100.36506927013397
S1-56410032	S2-913930320	26.0	0.363604336977005		0.0	0.0		True	False	False	1	100.363604336977
S1-56410032	S2-416136682	27.0	0.3623785376548767		0.0	0.0		True	False	False	1	100.36237853765488
S1-56410032	S2-583840796	28.0	0.359957218170166	2.0	0.9549592733383179	0.0		True	True	False	2	201.31491649150848
S1-56410032	S2-375151053	29.0	0.35955679416656494	13.0	0.936495304107666	0.0		True	True	False	2	201.29605209827423
S1-56410032	S2-258890831	30.0	0.3582610487937927	11.0	0.9391359090805054	0.0		True	True	False	2	201.2973969578743
S1-56410032	S3-995796854	1.0	0.4354034662246704	21.0	0.9229226112365723	0.0		True	True	False	2	201.35832607746124
S1-56410032	S3-668629842	2.0	0.42161309719085693	8.0	0.9405766129493713	0.0		True	True	False	2	201.36218971014023
S1-56410032	S3-265204232	3.0	0.41206973791122437	12.0	0.9300630688667297	0.0		True	True	False	2	201.34213280677795
S1-56410032	S3-536202929	4.0	0.40740424394607544		0.0	0.0		True	False	False	1	100.40740424394608
S1-56410032	S3-521783865	5.0	0.407289057970047	2.0	0.9538697004318237	0.0		True	True	False	2	201.36115875840187
S1-56410032	S3-18976400	6.0	0.40728870034217834		0.0	0.0		True	False	False	1	100.40728870034218
S1-56410032	S3-10300249	7.0	0.39462295174598694		0.0	0.0		True	False	False	1	100.39462295174599
S1-56410032	S3-937140604	8.0	0.39279210567474365		0.0	0.0		True	False	False	1	100.39279210567474
S1-56410032	S3-288440193	9.0	0.39120420813560486		0.0	0.0		True	False	False	1	100.3912042081356
S1-56410032	S3-797337828	10.0	0.38465583324432373	25.0	0.9206235408782959	0.0		True	True	False	2	201.30527937412262
S1-56410032	S3-380741339	11.0	0.38395071029663086	1.0	0.9605038166046143	0.0		True	True	False	2	201.34445452690125
S1-56410032	S3-367901084	12.0	0.3838205933570862	18.0	0.9260454177856445	0.0		True	True	False	2	201.30986601114273
S1-56410032	S3-184174096	13.0	0.3835459053516388		0.0	0.0		True	False	False	1	100.38354590535164
S1-56410032	S3-652287374	14.0	0.38190996646881104	15.0	0.9291115999221802	0.0		True	True	False	2	201.311021566391
S1-56410032	S3-185659081	15.0	0.38168710470199585	6.0	0.9425486326217651	0.0		True	True	False	2	201.32423573732376
S1-56410032	S3-264170444	16.0	0.3794431686401367		0.0	0.0		True	False	False	1	100.37944316864014
S1-56410032	S3-250324284	17.0	0.377788245677948		0.0	0.0		True	False	False	1	100.37778824567795
S1-56410032	S3-289697426	18.0	0.37488722801208496		0.0	0.0		True	False	False	1	100.37488722801208
S1-56410032	S3-695502221	19.0	0.3728218674659729		0.0	0.0		True	False	False	1	100.37282186746597
S1-56410032	S3-389830698	20.0	0.37175148725509644	26.0	0.9154596924781799	0.0		True	True	False	2	201.28721117973328
S1-56410032	S3-150632472	21.0	0.3675047755241394	30.0	0.9102449417114258	0.0		True	True	False	2	201.27774971723557
S1-56410032	S3-74786614	22.0	0.3667239546775818		0.0	0.0		True	False	False	1	100.36672395467758
S1-56410032	S3-610536355	23.0	0.3665512800216675	29.0	0.9124586582183838	0.0		True	True	False	2	201.27900993824005
S1-56410032	S3-768772995	24.0	0.36333656311035156	27.0	0.915164589881897	0.0		True	True	False	2	201.27850115299225
S1-56410032	S3-289567021	25.0	0.3630061149597168	20.0	0.925507664680481	0.0		True	True	False	2	201.2885137796402
S1-56410032	S3-797381132	26.0	0.3627084791660309	9.0	0.9343702793121338	0.0		True	True	False	2	201.29707875847816
S1-56410032	S3-760959067	27.0	0.36080145835876465	4.0	0.9463381171226501	0.0		True	True	False	2	201.30713957548141
S1-56410032	S3-517069981	28.0	0.36065712571144104		0.0	0.0		True	False	False	1	100.36065712571144
S1-56410032	S3-159233685	29.0	0.3576473593711853		0.0	0.0		True	False	False	1	100.35764735937119
S1-56410032	S3-853414998	30.0	0.35756734013557434		0.0	0.0		True	False	False	1	100.35756734013557
S1-56410032	S2-809665812		0.0	1.0	0.9572209119796753	0.0		False	True	False	1	100.95722091197968
S1-56410032	S2-884102769		0.0	3.0	0.9483095407485962	0.0		False	True	False	1	100.9483095407486
S1-56410032	S2-715460557		0.0	6.0	0.9439340829849243	0.0		False	True	False	1	100.94393408298492
S1-56410032	S2-440948455		0.0	12.0	0.9366514086723328	0.0		False	True	False	1	100.93665140867233
S1-56410032	S2-476476786		0.0	14.0	0.9331913590431213	0.0		False	True	False	1	100.93319135904312
S1-56410032	S2-594115095		0.0	15.0	0.932855486869812	0.0		False	True	False	1	100.93285548686981
S1-56410032	S2-210791875		0.0	17.0	0.9304931163787842	0.0		False	True	False	1	100.93049311637878
S1-56410032	S2-934716922		0.0	18.0	0.9290757775306702	0.0		False	True	False	1	100.92907577753067
S1-56410032	S2-784442772		0.0	19.0	0.9275934100151062	0.0		False	True	False	1	100.9275934100151
S1-56410032	S2-592412285		0.0	21.0	0.9261841773986816	0.0		False	True	False	1	100.92618417739868
S1-56410032	S2-89663826		0.0	23.0	0.9232144355773926	0.0		False	True	False	1	100.92321443557739
S1-56410032	S2-170244057		0.0	24.0	0.922897458076477	0.0		False	True	False	1	100.92289745807648
S1-56410032	S2-634571997		0.0	25.0	0.9204548597335815	0.0		False	True	False	1	100.92045485973358
S1-56410032	S2-578484139		0.0	27.0	0.9191159009933472	0.0		False	True	False	1	100.91911590099335
S1-56410032	S2-910351373		0.0	29.0	0.9182846546173096	0.0		False	True	False	1	100.91828465461731
S1-56410032	S2-378846408		0.0	30.0	0.9176827669143677	0.0		False	True	False	1	100.91768276691437
S1-56410032	S3-22088661		0.0	3.0	0.9524974822998047	0.0		False	True	False	1	100.9524974822998
S1-56410032	S3-469272577		0.0	5.0	0.9435075521469116	0.0		False	True	False	1	100.94350755214691
S1-56410032	S3-221443476		0.0	7.0	0.9414883852005005	0.0		False	True	False	1	100.9414883852005
S1-56410032	S3-526709055		0.0	10.0	0.9321856498718262	0.0		False	True	False	1	100.93218564987183
S1-56410032	S3-340374288		0.0	11.0	0.9310451149940491	0.0		False	True	False	1	100.93104511499405
S1-56410032	S3-227725397		0.0	13.0	0.9294493198394775	0.0		False	True	False	1	100.92944931983948
S1-56410032	S3-416247723		0.0	14.0	0.92933189868927	0.0		False	True	False	1	100.92933189868927
S1-56410032	S3-75604340		0.0	16.0	0.9275027513504028	0.0		False	True	False	1	100.9275027513504
S1-56410032	S3-276427681		0.0	17.0	0.9270604252815247	0.0		False	True	False	1	100.92706042528152
S1-56410032	S3-835032939		0.0	19.0	0.9260125160217285	0.0		False	True	False	1	100.92601251602173
S1-56410032	S3-482581656		0.0	22.0	0.9217211008071899	0.0		False	True	False	1	100.92172110080719
S1-56410032	S3-92755938		0.0	23.0	0.9212851524353027	0.0		False	True	False	1	100.9212851524353
S1-56410032	S3-573605691		0.0	24.0	0.9210797548294067	0.0		False	True	False	1	100.9210797548294
S1-56410032	S3-577972146		0.0	28.0	0.9148857593536377	0.0		False	True	False	1	100.91488575935364
S1-518847572	S2-878037834	1.0	0.4609108865261078		0.0	0.0		True	False	False	1	100.46091088652611
S1-518847572	S2-784442772	2.0	0.4449026584625244	17.0	0.9564974308013916	0.0		True	True	False	2	201.40140008926392
S1-518847572	S2-575142052	3.0	0.4419087767601013		0.0	0.0		True	False	False	1	100.4419087767601
S1-518847572	S2-726058757	4.0	0.4284701347351074	11.0	0.9622960090637207	0.0		True	True	False	2	201.39076614379883
S1-518847572	S2-913930320	5.0	0.4191966652870178		0.0	0.0		True	False	False	1	100.41919666528702
S1-518847572	S2-158121477	6.0	0.41892436146736145	25.0	0.9482794404029846	0.0		True	True	False	2	201.36720380187035
S1-518847572	S2-654270940	7.0	0.40952253341674805		0.0	0.0		True	False	False	1	100.40952253341675
S1-518847572	S2-160823657	8.0	0.39931103587150574		0.0	0.0		True	False	False	1	100.3993110358715
S1-518847572	S2-600460285	9.0	0.3992757201194763		0.0	0.0		True	False	False	1	100.39927572011948
S1-518847572	S2-262646344	10.0	0.3928942084312439		0.0	0.0		True	False	False	1	100.39289420843124
S1-518847572	S2-449438476	11.0	0.38692706823349	18.0	0.9546423554420471	0.0		True	True	False	2	201.34156942367554
S1-518847572	S2-530685908	12.0	0.37658625841140747		0.0	0.0		True	False	False	1	100.37658625841141
S1-518847572	S2-112287031	13.0	0.375960111618042		0.0	0.0		True	False	False	1	100.37596011161804
S1-518847572	S2-229677112	14.0	0.37247830629348755		0.0	0.0		True	False	False	1	100.37247830629349
S1-518847572	S2-485885002	15.0	0.368472158908844		0.0	0.0		True	False	False	1	100.36847215890884
S1-518847572	S2-501534718	16.0	0.366035521030426		0.0	0.0		True	False	False	1	100.36603552103043
S1-518847572	S2-800542765	17.0	0.3652987480163574		0.0	0.0		True	False	False	1	100.36529874801636
S1-518847572	S2-537184954	18.0	0.36363494396209717		0.0	0.0		True	False	False	1	100.3636349439621
S1-518847572	S2-210791875	19.0	0.3602778911590576		0.0	0.0		True	False	False	1	100.36027789115906
S1-518847572	S2-917258438	20.0	0.3558405041694641		0.0	0.0		True	False	False	1	100.35584050416946
S1-518847572	S2-742018880	21.0	0.3528934419155121	24.0	0.9502975940704346	0.0		True	True	False	2	201.30319103598595
S1-518847572	S2-463756409	22.0	0.3527027368545532		0.0	0.0		True	False	False	1	100.35270273685455
S1-518847572	S2-119647643	23.0	0.34979015588760376	1.0	0.9765182733535767	0.0		True	True	False	2	201.32630842924118
S1-518847572	S2-412565852	24.0	0.34652963280677795	14.0	0.9609187841415405	0.0		True	True	False	2	201.30744841694832
S1-518847572	S2-375151053	25.0	0.34110575914382935	21.0	0.9539098143577576	0.0		True	True	False	2	201.2950155735016
S1-518847572	S2-495604525	26.0	0.33915871381759644		0.0	0.0		True	False	False	1	100.3391587138176
S1-518847572	S2-786671109	27.0	0.3388722836971283		0.0	0.0		True	False	False	1	100.33887228369713
S1-518847572	S2-378846408	28.0	0.33626872301101685	13.0	0.9614114761352539	0.0		True	True	False	2	201.29768019914627
S1-518847572	S2-416136682	29.0	0.3355335593223572	10.0	0.9625898599624634	0.0		True	True	False	2	201.29812341928482
S1-518847572	S2-317480348	30.0	0.3337711691856384		0.0	0.0		True	False	False	1	100.33377116918564
S1-518847572	S3-198586129	1.0	0.5069279074668884		0.0	0.0		True	False	False	1	100.50692790746689
S1-518847572	S3-468731115	2.0	0.4661177396774292	22.0	0.942419171333313	0.0		True	True	False	2	201.40853691101074
S1-518847572	S3-200532536	3.0	0.44130831956863403		0.0	0.0		True	False	False	1	100.44130831956863
S1-518847572	S3-289567021	4.0	0.4356238842010498	15.0	0.9497485160827637	0.0		True	True	False	2	201.3853724002838
S1-518847572	S3-560657213	5.0	0.4346272349357605		0.0	0.0		True	False	False	1	100.43462723493576
S1-518847572	S3-162993152	6.0	0.42779219150543213		0.0	0.0		True	False	False	1	100.42779219150543
S1-518847572	S3-712130770	7.0	0.41156888008117676		0.0	0.0		True	False	False	1	100.41156888008118
S1-518847572	S3-305215419	8.0	0.41028308868408203		0.0	0.0		True	False	False	1	100.41028308868408
S1-518847572	S3-811459169	9.0	0.4083103537559509		0.0	0.0		True	False	False	1	100.40831035375595
S1-518847572	S3-203608044	10.0	0.4060361385345459		0.0	0.0		True	False	False	1	100.40603613853455
S1-518847572	S3-604980231	11.0	0.4026185870170593		0.0	0.0		True	False	False	1	100.40261858701706
S1-518847572	S3-543902884	12.0	0.396365761756897	30.0	0.9334321022033691	0.0		True	True	False	2	201.32979786396027
S1-518847572	S3-825495383	13.0	0.3937390148639679		0.0	0.0		True	False	False	1	100.39373901486397
S1-518847572	S3-464265492	14.0	0.39240899682044983		0.0	0.0		True	False	False	1	100.39240899682045
S1-518847572	S3-289697426	15.0	0.38107210397720337		0.0	0.0		True	False	False	1	100.3810721039772
S1-518847572	S3-797337828	16.0	0.3772064447402954		0.0	0.0		True	False	False	1	100.3772064447403
S1-518847572	S3-436480804	17.0	0.3768785893917084		0.0	0.0		True	False	False	1	100.37687858939171
S1-518847572	S3-797381132	18.0	0.3752208948135376	21.0	0.9441962242126465	0.0		True	True	False	2	201.31941711902618
S1-518847572	S3-159233685	19.0	0.37293970584869385		0.0	0.0		True	False	False	1	100.3729397058487
S1-518847572	S3-92755938	20.0	0.36597055196762085		0.0	0.0		True	False	False	1	100.36597055196762
S1-518847572	S3-835032939	21.0	0.3634641170501709		0.0	0.0		True	False	False	1	100.36346411705017
S1-518847572	S3-18976400	22.0	0.36206522583961487		0.0	0.0		True	False	False	1	100.36206522583961
S1-518847572	S3-715117209	23.0	0.3619791865348816	26.0	0.9391117691993713	0.0		True	True	False	2	201.30109095573425
S1-518847572	S3-877919199	24.0	0.36020898818969727		0.0	0.0		True	False	False	1	100.3602089881897
S1-518847572	S3-115653125	25.0	0.35245048999786377		0.0	0.0		True	False	False	1	100.35245048999786
S1-518847572	S3-611681699	26.0	0.3521425127983093		0.0	0.0		True	False	False	1	100.35214251279831
S1-518847572	S3-22321512	27.0	0.3505515158176422	27.0	0.939072847366333	0.0		True	True	False	2	201.28962436318398
S1-518847572	S3-158901285	28.0	0.34935200214385986		0.0	0.0		True	False	False	1	100.34935200214386
S1-518847572	S3-573605691	29.0	0.34927085041999817	11.0	0.9534993171691895	0.0		True	True	False	2	201.3027701675892
S1-518847572	S3-191842349	30.0	0.3474866449832916		0.0	0.0		True	False	False	1	100.34748664498329
S1-518847572	S2-933865098		0.0	2.0	0.9692432284355164	0.0		False	True	False	1	100.96924322843552
S1-518847572	S2-258890831		0.0	3.0	0.9691692590713501	0.0		False	True	False	1	100.96916925907135
S1-518847572	S2-583840796		0.0	4.0	0.9689895510673523	0.0		False	True	False	1	100.96898955106735
S1-518847572	S2-400190057		0.0	5.0	0.9670052528381348	0.0		False	True	False	1	100.96700525283813
S1-518847572	S2-744098365		0.0	6.0	0.9655739665031433	0.0		False	True	False	1	100.96557396650314
S1-518847572	S2-823489243		0.0	7.0	0.9651870727539062	0.0		False	True	False	1	100.9651870727539
S1-518847572	S2-809665812		0.0	8.0	0.9648042321205139	0.0		False	True	False	1	100.96480423212051
S1-518847572	S2-89663826		0.0	9.0	0.963744044303894	0.0		False	True	False	1	100.9637440443039
S1-518847572	S2-884102769		0.0	12.0	0.9614124298095703	0.0		False	True	False	1	100.96141242980957
S1-518847572	S2-715460557		0.0	15.0	0.9593402147293091	0.0		False	True	False	1	100.95934021472931
S1-518847572	S2-638268338		0.0	16.0	0.9591172933578491	0.0		False	True	False	1	100.95911729335785
S1-518847572	S2-647447093		0.0	19.0	0.9544045329093933	0.0		False	True	False	1	100.9544045329094
S1-518847572	S2-550697952		0.0	20.0	0.9540495276451111	0.0		False	True	False	1	100.95404952764511
S1-518847572	S2-37424835		0.0	22.0	0.9518921971321106	0.0		False	True	False	1	100.95189219713211
S1-518847572	S2-476476786		0.0	23.0	0.9513671398162842	0.0		False	True	False	1	100.95136713981628
S1-518847572	S2-193013091		0.0	26.0	0.9480058550834656	0.0		False	True	False	1	100.94800585508347
S1-518847572	S2-701289183		0.0	27.0	0.9469554424285889	0.0		False	True	False	1	100.94695544242859
S1-518847572	S2-785042722		0.0	28.0	0.9460105895996094	0.0		False	True	False	1	100.94601058959961
S1-518847572	S2-938316135		0.0	29.0	0.9458916783332825	0.0		False	True	False	1	100.94589167833328
S1-518847572	S2-742077842		0.0	30.0	0.945404052734375	0.0		False	True	False	1	100.94540405273438
S1-518847572	S3-380741339		0.0	1.0	0.9645059108734131	0.0		False	True	False	1	100.96450591087341
S1-518847572	S3-760959067		0.0	2.0	0.963176965713501	0.0		False	True	False	1	100.9631769657135
S1-518847572	S3-768772995		0.0	3.0	0.9619432687759399	0.0		False	True	False	1	100.96194326877594
S1-518847572	S3-389830698		0.0	4.0	0.9615864753723145	0.0		False	True	False	1	100.96158647537231
S1-518847572	S3-185659081		0.0	5.0	0.9611976742744446	0.0		False	True	False	1	100.96119767427444
S1-518847572	S3-265204232		0.0	6.0	0.9567561745643616	0.0		False	True	False	1	100.95675617456436
S1-518847572	S3-668629842		0.0	7.0	0.9552732706069946	0.0		False	True	False	1	100.955273270607
S1-518847572	S3-937140604		0.0	8.0	0.9552417993545532	0.0		False	True	False	1	100.95524179935455
S1-518847572	S3-75604340		0.0	9.0	0.9550198912620544	0.0		False	True	False	1	100.95501989126205
S1-518847572	S3-227725397		0.0	10.0	0.9545281529426575	0.0		False	True	False	1	100.95452815294266
S1-518847572	S3-367901084		0.0	12.0	0.9533196687698364	0.0		False	True	False	1	100.95331966876984
S1-518847572	S3-577972146		0.0	13.0	0.952255129814148	0.0		False	True	False	1	100.95225512981415
S1-518847572	S3-22088661		0.0	14.0	0.9517718553543091	0.0		False	True	False	1	100.95177185535431
S1-518847572	S3-995796854		0.0	16.0	0.9496418237686157	0.0		False	True	False	1	100.94964182376862
S1-518847572	S3-150632472		0.0	17.0	0.9484960436820984	0.0		False	True	False	1	100.9484960436821
S1-518847572	S3-221443476		0.0	18.0	0.9477575421333313	0.0		False	True	False	1	100.94775754213333
S1-518847572	S3-184174096		0.0	19.0	0.946479320526123	0.0		False	True	False	1	100.94647932052612
S1-518847572	S3-276427681		0.0	20.0	0.9451308250427246	0.0		False	True	False	1	100.94513082504272
S1-518847572	S3-469272577		0.0	23.0	0.9413575530052185	0.0		False	True	False	1	100.94135755300522
S1-518847572	S3-416247723		0.0	24.0	0.9401274919509888	0.0		False	True	False	1	100.94012749195099
S1-518847572	S3-556228627		0.0	25.0	0.9393249750137329	0.0		False	True	False	1	100.93932497501373
S1-518847572	S3-521783865		0.0	28.0	0.9375776648521423	0.0		False	True	False	1	100.93757766485214
S1-518847572	S3-610536355		0.0	29.0	0.9375501871109009	0.0		False	True	False	1	100.9375501871109
S1-776267063	S2-800542765	1.0	0.7284375429153442	2.0	0.9695566892623901	0.0		True	True	False	2	201.69799423217773
S1-776267063	S2-575142052	2.0	0.6083288192749023	8.0	0.957225501537323	0.0		True	True	False	2	201.56555432081223
S1-776267063	S2-112287031	3.0	0.6030992865562439	1.0	0.9775002002716064	0.0		True	True	False	2	201.58059948682785
S1-776267063	S2-566025912	4.0	0.5669692754745483	6.0	0.9624354839324951	0.0		True	True	False	2	201.52940475940704
S1-776267063	S2-158121477	5.0	0.5520780682563782	10.0	0.9493593573570251	0.0		True	True	False	2	201.5014374256134
S1-776267063	S2-262646344	6.0	0.5460985898971558	12.0	0.9413186311721802	0.0		True	True	False	2	201.48741722106934
S1-776267063	S2-459485143	7.0	0.5302916169166565	15.0	0.9375828504562378	0.0		True	True	False	2	201.4678744673729
S1-776267063	S2-170244057	8.0	0.5258090496063232	7.0	0.9602269530296326	0.0		True	True	False	2	201.48603600263596
S1-776267063	S2-878037834	9.0	0.49058765172958374	11.0	0.9465302228927612	0.0		True	True	False	2	201.43711787462234
S1-776267063	S2-647447093	10.0	0.4883444607257843	9.0	0.9494918584823608	0.0		True	True	False	2	201.43783631920815
S1-776267063	S2-742018880	11.0	0.47025707364082336		0.0	0.0		True	False	False	1	100.47025707364082
S1-776267063	S2-160823657	12.0	0.467191219329834	3.0	0.9684703350067139	0.0		True	True	False	2	201.43566155433655
S1-776267063	S2-770341988	13.0	0.41922593116760254	5.0	0.9649689197540283	0.0		True	True	False	2	201.38419485092163
S1-776267063	S2-108012128	14.0	0.40256306529045105	4.0	0.9659468531608582	0.0		True	True	False	2	201.3685099184513
S1-776267063	S2-933724724	15.0	0.3898760676383972	17.0	0.9365346431732178	0.0		True	True	False	2	201.32641071081161
S1-776267063	S2-785042722	16.0	0.35935527086257935		0.0	0.0		True	False	False	1	100.35935527086258
S1-776267063	S2-305637735	17.0	0.358881413936615		0.0	0.0		True	False	False	1	100.35888141393661
S1-776267063	S2-229677112	18.0	0.3508661687374115		0.0	0.0		True	False	False	1	100.35086616873741
S1-776267063	S2-654270940	19.0	0.34863144159317017		0.0	0.0		True	False	False	1	100.34863144159317
S1-776267063	S2-638268338	20.0	0.3461977541446686		0.0	0.0		True	False	False	1	100.34619775414467
S1-776267063	S2-416136682	21.0	0.3400944769382477	23.0	0.9251607060432434	0.0		True	True	False	2	201.2652551829815
S1-776267063	S2-786671109	22.0	0.3358311653137207		0.0	0.0		True	False	False	1	100.33583116531372
S1-776267063	S2-412565852	23.0	0.33175331354141235		0.0	0.0		True	False	False	1	100.33175331354141
S1-776267063	S2-913930320	24.0	0.3280677795410156		0.0	0.0		True	False	False	1	100.32806777954102
S1-776267063	S2-223826524	25.0	0.3280579149723053		0.0	0.0		True	False	False	1	100.3280579149723
S1-776267063	S2-910351373	26.0	0.32215258479118347		0.0	0.0		True	False	False	1	100.32215258479118
S1-776267063	S2-77137709	27.0	0.31699663400650024		0.0	0.0		True	False	False	1	100.3169966340065
S1-776267063	S2-956479781	28.0	0.3133072257041931		0.0	0.0		True	False	False	1	100.3133072257042
S1-776267063	S2-476476786	29.0	0.3119061291217804	18.0	0.9361132979393005	0.0		True	True	False	2	201.24801942706108
S1-776267063	S2-485885002	30.0	0.31185537576675415		0.0	0.0		True	False	False	1	100.31185537576675
S1-776267063	S3-305215419	1.0	0.6894403100013733	12.0	0.9405282735824585	0.0		True	True	False	2	201.62996858358383
S1-776267063	S3-543902884	2.0	0.6075248718261719	5.0	0.9625251889228821	0.0		True	True	False	2	201.57005006074905
S1-776267063	S3-556228627	3.0	0.5688836574554443	4.0	0.9635564088821411	0.0		True	True	False	2	201.53244006633759
S1-776267063	S3-934627663	4.0	0.5424305200576782		0.0	0.0		True	False	False	1	100.54243052005768
S1-776267063	S3-198586129	5.0	0.5300782322883606	14.0	0.9329456686973572	0.0		True	True	False	2	201.46302390098572
S1-776267063	S3-22321512	6.0	0.511376142501831	9.0	0.9442421197891235	0.0		True	True	False	2	201.45561826229095
S1-776267063	S3-715117209	7.0	0.5108081698417664	1.0	0.9772653579711914	0.0		True	True	False	2	201.48807352781296
S1-776267063	S3-712130770	8.0	0.5051674842834473	8.0	0.9510337710380554	0.0		True	True	False	2	201.4562012553215
S1-776267063	S3-159233685	9.0	0.469521701335907		0.0	0.0		True	False	False	1	100.4695217013359
S1-776267063	S3-971111671	10.0	0.468022882938385	11.0	0.9411072731018066	0.0		True	True	False	2	201.4091301560402
S1-776267063	S3-200532536	11.0	0.46413370966911316	13.0	0.9360517263412476	0.0		True	True	False	2	201.40018543601036
S1-776267063	S3-92755938	12.0	0.45683953166007996	2.0	0.9730406403541565	0.0		True	True	False	2	201.42988017201424
S1-776267063	S3-203608044	13.0	0.44868338108062744	10.0	0.9432175159454346	0.0		True	True	False	2	201.39190089702606
S1-776267063	S3-369430171	14.0	0.4333433508872986		0.0	0.0		True	False	False	1	100.4333433508873
S1-776267063	S3-643284918	15.0	0.42783617973327637		0.0	0.0		True	False	False	1	100.42783617973328
S1-776267063	S3-825495383	16.0	0.42106926441192627		0.0	0.0		True	False	False	1	100.42106926441193
S1-776267063	S3-580736465	17.0	0.41493457555770874		0.0	0.0		True	False	False	1	100.41493457555771
S1-776267063	S3-835032939	18.0	0.4042488634586334	6.0	0.9617314338684082	0.0		True	True	False	2	201.36598029732704
S1-776267063	S3-125349995	19.0	0.38839036226272583		0.0	0.0		True	False	False	1	100.38839036226273
S1-776267063	S3-64079929	20.0	0.38586628437042236	3.0	0.9653710126876831	0.0		True	True	False	2	201.3512372970581
S1-776267063	S3-250324284	21.0	0.37899014353752136		0.0	0.0		True	False	False	1	100.37899014353752
S1-776267063	S3-577972146	22.0	0.3731534481048584	17.0	0.9266420006752014	0.0		True	True	False	2	201.29979544878006
S1-776267063	S3-127741306	23.0	0.3710302710533142		0.0	0.0		True	False	False	1	100.37103027105331
S1-776267063	S3-191842349	24.0	0.3699968755245209		0.0	0.0		True	False	False	1	100.36999687552452
S1-776267063	S3-162993152	25.0	0.3666412830352783		0.0	0.0		True	False	False	1	100.36664128303528
S1-776267063	S3-688194826	26.0	0.3480619788169861		0.0	0.0		True	False	False	1	100.34806197881699
S1-776267063	S3-1062100	27.0	0.34672266244888306	7.0	0.9564436674118042	0.0		True	True	False	2	201.3031663298607
S1-776267063	S3-536202929	28.0	0.34610581398010254	22.0	0.9232244491577148	0.0		True	True	False	2	201.26933026313782
S1-776267063	S3-436480804	29.0	0.3404141068458557		0.0	0.0		True	False	False	1	100.34041410684586
S1-776267063	S3-289567021	30.0	0.3366992175579071	21.0	0.9243177175521851	0.0		True	True	False	2	201.2610169351101
S1-776267063	S2-559669701		0.0	13.0	0.9393916130065918	0.0		False	True	False	1	100.93939161300659
S1-776267063	S2-550697952		0.0	14.0	0.939301609992981	0.0		False	True	False	1	100.93930160999298
S1-776267063	S2-583840796		0.0	16.0	0.9368005394935608	0.0		False	True	False	1	100.93680053949356
S1-776267063	S2-440948455		0.0	19.0	0.9357563257217407	0.0		False	True	False	1	100.93575632572174
S1-776267063	S2-592412285		0.0	20.0	0.9322442412376404	0.0		False	True	False	1	100.93224424123764
S1-776267063	S2-715460557		0.0	21.0	0.9312236905097961	0.0		False	True	False	1	100.9312236905098
S1-776267063	S2-340420883		0.0	22.0	0.9256209135055542	0.0		False	True	False	1	100.92562091350555
S1-776267063	S2-594115095		0.0	24.0	0.9250808358192444	0.0		False	True	False	1	100.92508083581924
S1-776267063	S2-726058757		0.0	25.0	0.9244043827056885	0.0		False	True	False	1	100.92440438270569
S1-776267063	S2-809665812		0.0	26.0	0.9223723411560059	0.0		False	True	False	1	100.922372341156
S1-776267063	S2-744098365		0.0	27.0	0.9219552278518677	0.0		False	True	False	1	100.92195522785187
S1-776267063	S2-729157829		0.0	28.0	0.9199749231338501	0.0		False	True	False	1	100.91997492313385
S1-776267063	S2-934716922		0.0	29.0	0.9195722937583923	0.0		False	True	False	1	100.91957229375839
S1-776267063	S2-884102769		0.0	30.0	0.9194857478141785	0.0		False	True	False	1	100.91948574781418
S1-776267063	S3-482581656		0.0	15.0	0.9305230975151062	0.0		False	True	False	1	100.9305230975151
S1-776267063	S3-221443476		0.0	16.0	0.9275254607200623	0.0		False	True	False	1	100.92752546072006
S1-776267063	S3-668629842		0.0	18.0	0.9255610108375549	0.0		False	True	False	1	100.92556101083755
S1-776267063	S3-760959067		0.0	19.0	0.9246156215667725	0.0		False	True	False	1	100.92461562156677
S1-776267063	S3-526709055		0.0	20.0	0.9245646595954895	0.0		False	True	False	1	100.92456465959549
S1-776267063	S3-416247723		0.0	23.0	0.9221277236938477	0.0		False	True	False	1	100.92212772369385
S1-776267063	S3-469272577		0.0	24.0	0.9205251932144165	0.0		False	True	False	1	100.92052519321442
S1-776267063	S3-652287374		0.0	25.0	0.9178325533866882	0.0		False	True	False	1	100.91783255338669
S1-776267063	S3-340374288		0.0	26.0	0.9158799052238464	0.0		False	True	False	1	100.91587990522385
S1-776267063	S3-227725397		0.0	27.0	0.915613055229187	0.0		False	True	False	1	100.91561305522919
S1-776267063	S3-185659081		0.0	28.0	0.9123326539993286	0.0		False	True	False	1	100.91233265399933
S1-776267063	S3-380741339		0.0	29.0	0.911727786064148	0.0		False	True	False	1	100.91172778606415
S1-776267063	S3-389830698		0.0	30.0	0.9093657732009888	0.0		False	True	False	1	100.90936577320099
S1-35309228	S2-375151053	1.0	0.5161197185516357	8.0	0.9602499008178711	0.0		True	True	False	2	201.4763696193695
S1-35309228	S2-119647643	2.0	0.4825202524662018	17.0	0.9466421604156494	0.0		True	True	False	2	201.42916241288185
S1-35309228	S2-449438476	3.0	0.4683021903038025	16.0	0.9472358822822571	0.0		True	True	False	2	201.41553807258606
S1-35309228	S2-193013091	4.0	0.46493101119995117	26.0	0.9391965866088867	0.0		True	True	False	2	201.40412759780884
S1-35309228	S2-268861424	5.0	0.4568414092063904		0.0	0.0		True	False	False	1	100.45684140920639
S1-35309228	S2-412565852	6.0	0.45540815591812134	15.0	0.9488171339035034	0.0		True	True	False	2	201.40422528982162
S1-35309228	S2-434748052	7.0	0.4506865441799164		0.0	0.0		True	False	False	1	100.45068654417992
S1-35309228	S2-229677112	8.0	0.44448035955429077		0.0	0.0		True	False	False	1	100.44448035955429
S1-35309228	S2-578484139	9.0	0.4411601722240448	14.0	0.9489530324935913	0.0		True	True	False	2	201.39011320471764
S1-35309228	S2-210791875	10.0	0.4401269257068634		0.0	0.0		True	False	False	1	100.44012692570686
S1-35309228	S2-495604525	11.0	0.43196284770965576		0.0	0.0		True	False	False	1	100.43196284770966
S1-35309228	S2-786671109	12.0	0.4314660429954529		0.0	0.0		True	False	False	1	100.43146604299545
S1-35309228	S2-913930320	13.0	0.43120646476745605		0.0	0.0		True	False	False	1	100.43120646476746
S1-35309228	S2-729157829	14.0	0.43051326274871826	27.0	0.9391434788703918	0.0		True	True	False	2	201.3696567416191
S1-35309228	S2-84473557	15.0	0.42551806569099426	28.0	0.9384034872055054	0.0		True	True	False	2	201.3639215528965
S1-35309228	S2-416136682	16.0	0.4246158003807068		0.0	0.0		True	False	False	1	100.4246158003807
S1-35309228	S2-485885002	17.0	0.4215790331363678		0.0	0.0		True	False	False	1	100.42157903313637
S1-35309228	S2-701289183	18.0	0.4155166447162628		0.0	0.0		True	False	False	1	100.41551664471626
S1-35309228	S2-550697952	19.0	0.41061872243881226	18.0	0.9456928968429565	0.0		True	True	False	2	201.35631161928177
S1-35309228	S2-378846408	20.0	0.4034644365310669	21.0	0.9439186453819275	0.0		True	True	False	2	201.347383081913
S1-35309228	S2-340420883	21.0	0.40136563777923584	23.0	0.9419668912887573	0.0		True	True	False	2	201.343332529068
S1-35309228	S2-463756409	22.0	0.40046772360801697		0.0	0.0		True	False	False	1	100.40046772360802
S1-35309228	S2-504393659	23.0	0.4000357985496521		0.0	0.0		True	False	False	1	100.40003579854965
S1-35309228	S2-767997013	24.0	0.39241185784339905		0.0	0.0		True	False	False	1	100.3924118578434
S1-35309228	S2-583840796	25.0	0.38759249448776245	2.0	0.9709879755973816	0.0		True	True	False	2	201.35858047008514
S1-35309228	S2-956479781	26.0	0.38476940989494324		0.0	0.0		True	False	False	1	100.38476940989494
S1-35309228	S2-934716922	27.0	0.3812704384326935	12.0	0.9504296183586121	0.0		True	True	False	2	201.3317000567913
S1-35309228	S2-910351373	28.0	0.38042137026786804	22.0	0.9424558877944946	0.0		True	True	False	2	201.32287725806236
S1-35309228	S2-222871632	29.0	0.377019464969635		0.0	0.0		True	False	False	1	100.37701946496964
S1-35309228	S2-884102769	30.0	0.37422794103622437	7.0	0.9603228569030762	0.0		True	True	False	2	201.3345507979393
S1-35309228	S3-819001322	1.0	0.46194005012512207		0.0	0.0		True	False	False	1	100.46194005012512
S1-35309228	S3-389830698	2.0	0.44063615798950195	18.0	0.9437422156333923	0.0		True	True	False	2	201.3843783736229
S1-35309228	S3-573605691	3.0	0.4379537105560303	16.0	0.9457924365997314	0.0		True	True	False	2	201.38374614715576
S1-35309228	S3-185659081	4.0	0.43017637729644775	9.0	0.9525473117828369	0.0		True	True	False	2	201.38272368907928
S1-35309228	S3-521783865	5.0	0.4168354272842407	4.0	0.9627114534378052	0.0		True	True	False	2	201.37954688072205
S1-35309228	S3-995796854	6.0	0.41536056995391846	6.0	0.9580917358398438	0.0		True	True	False	2	201.37345230579376
S1-35309228	S3-464265492	7.0	0.41504108905792236		0.0	0.0		True	False	False	1	100.41504108905792
S1-35309228	S3-170975522	8.0	0.4064674377441406		0.0	0.0		True	False	False	1	100.40646743774414
S1-35309228	S3-191842349	9.0	0.40566515922546387		0.0	0.0		True	False	False	1	100.40566515922546
S1-35309228	S3-250324284	10.0	0.4051326513290405		0.0	0.0		True	False	False	1	100.40513265132904
S1-35309228	S3-162993152	11.0	0.40356728434562683		0.0	0.0		True	False	False	1	100.40356728434563
S1-35309228	S3-604980231	12.0	0.40032386779785156		0.0	0.0		True	False	False	1	100.40032386779785
S1-35309228	S3-760959067	13.0	0.4002769887447357	5.0	0.9600129127502441	0.0		True	True	False	2	201.36028990149498
S1-35309228	S3-219041197	14.0	0.3984498381614685		0.0	0.0		True	False	False	1	100.39844983816147
S1-35309228	S3-825495383	15.0	0.3937316834926605		0.0	0.0		True	False	False	1	100.39373168349266
S1-35309228	S3-125349995	16.0	0.3935934603214264		0.0	0.0		True	False	False	1	100.39359346032143
S1-35309228	S3-227725397	17.0	0.3906523585319519	12.0	0.9481174349784851	0.0		True	True	False	2	201.33876979351044
S1-35309228	S3-159233685	18.0	0.38781580328941345		0.0	0.0		True	False	False	1	100.38781580328941
S1-35309228	S3-184174096	19.0	0.38679584860801697		0.0	0.0		True	False	False	1	100.38679584860802
S1-35309228	S3-577972146	20.0	0.38347941637039185	8.0	0.9526026248931885	0.0		True	True	False	2	201.33608204126358
S1-35309228	S3-895598264	21.0	0.38060811161994934	30.0	0.9233565330505371	0.0		True	True	False	2	201.3039646446705
S1-35309228	S3-668629842	22.0	0.37738966941833496	10.0	0.9510182738304138	0.0		True	True	False	2	201.32840794324875
S1-35309228	S3-560657213	23.0	0.37730133533477783		0.0	0.0		True	False	False	1	100.37730133533478
S1-35309228	S3-468731115	24.0	0.36885005235671997	29.0	0.9238877296447754	0.0		True	True	False	2	201.2927377820015
S1-35309228	S3-961421742	25.0	0.3655776381492615		0.0	0.0		True	False	False	1	100.36557763814926
S1-35309228	S3-264170444	26.0	0.36476069688796997		0.0	0.0		True	False	False	1	100.36476069688797
S1-35309228	S3-367901084	27.0	0.3644871711730957	7.0	0.9568933248519897	0.0		True	True	False	2	201.32138049602509
S1-35309228	S3-536202929	28.0	0.36266061663627625		0.0	0.0		True	False	False	1	100.36266061663628
S1-35309228	S3-380741339	29.0	0.3556238114833832	1.0	0.981543779373169	0.0		True	True	False	2	201.33716759085655
S1-35309228	S3-22088661	30.0	0.3552590608596802	2.0	0.9646682143211365	0.0		True	True	False	2	201.31992727518082
S1-35309228	S2-823489243		0.0	1.0	0.9736443758010864	0.0		False	True	False	1	100.97364437580109
S1-35309228	S2-809665812		0.0	3.0	0.969169020652771	0.0		False	True	False	1	100.96916902065277
S1-35309228	S2-400190057		0.0	4.0	0.9675877094268799	0.0		False	True	False	1	100.96758770942688
S1-35309228	S2-258890831		0.0	5.0	0.9653422832489014	0.0		False	True	False	1	100.9653422832489
S1-35309228	S2-744098365		0.0	6.0	0.9603462815284729	0.0		False	True	False	1	100.96034628152847
S1-35309228	S2-933865098		0.0	9.0	0.9573895335197449	0.0		False	True	False	1	100.95738953351974
S1-35309228	S2-784442772		0.0	10.0	0.9546226263046265	0.0		False	True	False	1	100.95462262630463
S1-35309228	S2-715460557		0.0	11.0	0.9530685544013977	0.0		False	True	False	1	100.9530685544014
S1-35309228	S2-638268338		0.0	13.0	0.9503973722457886	0.0		False	True	False	1	100.95039737224579
S1-35309228	S2-89663826		0.0	19.0	0.9455416202545166	0.0		False	True	False	1	100.94554162025452
S1-35309228	S2-779040268		0.0	20.0	0.945348858833313	0.0		False	True	False	1	100.94534885883331
S1-35309228	S2-559669701		0.0	24.0	0.9396485090255737	0.0		False	True	False	1	100.93964850902557
S1-35309228	S2-576201028		0.0	25.0	0.9392111301422119	0.0		False	True	False	1	100.93921113014221
S1-35309228	S2-476476786		0.0	29.0	0.9383041858673096	0.0		False	True	False	1	100.93830418586731
S1-35309228	S2-594115095		0.0	30.0	0.9379099607467651	0.0		False	True	False	1	100.93790996074677
S1-35309228	S3-265204232		0.0	3.0	0.9642288684844971	0.0		False	True	False	1	100.9642288684845
S1-35309228	S3-797381132		0.0	11.0	0.9493992924690247	0.0		False	True	False	1	100.94939929246902
S1-35309228	S3-75604340		0.0	13.0	0.9479055404663086	0.0		False	True	False	1	100.94790554046631
S1-35309228	S3-221443476		0.0	14.0	0.9474825859069824	0.0		False	True	False	1	100.94748258590698
S1-35309228	S3-276427681		0.0	15.0	0.9469592571258545	0.0		False	True	False	1	100.94695925712585
S1-35309228	S3-289567021		0.0	17.0	0.9437689185142517	0.0		False	True	False	1	100.94376891851425
S1-35309228	S3-768772995		0.0	19.0	0.9437230229377747	0.0		False	True	False	1	100.94372302293777
S1-35309228	S3-652287374		0.0	20.0	0.9420698285102844	0.0		False	True	False	1	100.94206982851028
S1-35309228	S3-469272577		0.0	21.0	0.9409079551696777	0.0		False	True	False	1	100.94090795516968
S1-35309228	S3-610536355		0.0	22.0	0.9391189217567444	0.0		False	True	False	1	100.93911892175674
S1-35309228	S3-150632472		0.0	23.0	0.9383357763290405	0.0		False	True	False	1	100.93833577632904
S1-35309228	S3-526709055		0.0	24.0	0.9355061054229736	0.0		False	True	False	1	100.93550610542297
S1-35309228	S3-416247723		0.0	25.0	0.9348287582397461	0.0		False	True	False	1	100.93482875823975
S1-35309228	S3-482581656		0.0	26.0	0.9293913245201111	0.0		False	True	False	1	100.92939132452011
S1-35309228	S3-340374288		0.0	27.0	0.9253623485565186	0.0		False	True	False	1	100.92536234855652
S1-35309228	S3-695502221		0.0	28.0	0.9247394800186157	0.0		False	True	False	1	100.92473948001862
S1-493139457	S2-910351373	1.0	0.6661720871925354	3.0	0.9598071575164795	0.0		True	True	False	2	201.62597924470901
S1-493139457	S2-229677112	2.0	0.665907621383667		0.0	0.0		True	False	False	1	100.66590762138367
S1-493139457	S2-317480348	3.0	0.6638835668563843		0.0	0.0		True	False	False	1	100.66388356685638
S1-493139457	S2-600460285	4.0	0.6627936959266663		0.0	0.0		True	False	False	1	100.66279369592667
S1-493139457	S2-786671109	5.0	0.6615718603134155		0.0	0.0		True	False	False	1	100.66157186031342
S1-493139457	S2-77137709	6.0	0.6574127674102783		0.0	0.0		True	False	False	1	100.65741276741028
S1-493139457	S2-485885002	7.0	0.6370160579681396		0.0	0.0		True	False	False	1	100.63701605796814
S1-493139457	S2-913930320	8.0	0.6325079202651978		0.0	0.0		True	False	False	1	100.6325079202652
S1-493139457	S2-787861634	9.0	0.6242934465408325		0.0	0.0		True	False	False	1	100.62429344654083
S1-493139457	S2-434748052	10.0	0.6216238737106323		0.0	0.0		True	False	False	1	100.62162387371063
S1-493139457	S2-223826524	11.0	0.6166812777519226	16.0	0.9398443698883057	0.0		True	True	False	2	201.55652564764023
S1-493139457	S2-304177076	12.0	0.6081935167312622		0.0	0.0		True	False	False	1	100.60819351673126
S1-493139457	S2-292567038	13.0	0.6033079624176025		0.0	0.0		True	False	False	1	100.6033079624176
S1-493139457	S2-784442772	14.0	0.5958724021911621	8.0	0.9490179419517517	0.0		True	True	False	2	201.5448903441429
S1-493139457	S2-192345572	15.0	0.5893882513046265		0.0	0.0		True	False	False	1	100.58938825130463
S1-493139457	S2-440948455	16.0	0.5866700410842896	13.0	0.9420247077941895	0.0		True	True	False	2	201.52869474887848
S1-493139457	S2-210791875	17.0	0.5857185125350952	7.0	0.9504909515380859	0.0		True	True	False	2	201.53620946407318
S1-493139457	S2-785042722	18.0	0.5854387283325195	11.0	0.9460192918777466	0.0		True	True	False	2	201.53145802021027
S1-493139457	S2-501534718	19.0	0.585008442401886		0.0	0.0		True	False	False	1	100.58500844240189
S1-493139457	S2-742077842	20.0	0.5813395977020264	28.0	0.9288042783737183	0.0		True	True	False	2	201.51014387607574
S1-493139457	S2-530685908	21.0	0.5807838439941406	4.0	0.9545208215713501	0.0		True	True	False	2	201.5353046655655
S1-493139457	S2-537184954	22.0	0.5772901773452759		0.0	0.0		True	False	False	1	100.57729017734528
S1-493139457	S2-779040268	23.0	0.5766814947128296		0.0	0.0		True	False	False	1	100.57668149471283
S1-493139457	S2-357438552	24.0	0.5737273693084717		0.0	0.0		True	False	False	1	100.57372736930847
S1-493139457	S2-767997013	25.0	0.5728167295455933	10.0	0.9476419687271118	0.0		True	True	False	2	201.5204586982727
S1-493139457	S2-956479781	26.0	0.5724966526031494		0.0	0.0		True	False	False	1	100.57249665260315
S1-493139457	S2-905827553	27.0	0.5723397731781006		0.0	0.0		True	False	False	1	100.5723397731781
S1-493139457	S2-634571997	28.0	0.5532099008560181	24.0	0.9330286979675293	0.0		True	True	False	2	201.48623859882355
S1-493139457	S2-578788567	29.0	0.5505276918411255		0.0	0.0		True	False	False	1	100.55052769184113
S1-493139457	S2-875724478	30.0	0.5500202178955078		0.0	0.0		True	False	False	1	100.55002021789551
S1-493139457	S3-688194826	1.0	0.7267352938652039	17.0	0.9379894733428955	0.0		True	True	False	2	201.6647247672081
S1-493139457	S3-483958914	2.0	0.6852594614028931	15.0	0.9390881657600403	0.0		True	True	False	2	201.62434762716293
S1-493139457	S3-580736465	3.0	0.6590704321861267		0.0	0.0		True	False	False	1	100.65907043218613
S1-493139457	S3-895598264	4.0	0.6574612855911255	3.0	0.9608827829360962	0.0		True	True	False	2	201.61834406852722
S1-493139457	S3-604980231	5.0	0.6553546786308289		0.0	0.0		True	False	False	1	100.65535467863083
S1-493139457	S3-536202929	6.0	0.6530547142028809	10.0	0.9469133019447327	0.0		True	True	False	2	201.5999680161476
S1-493139457	S3-288440193	7.0	0.6407145261764526	24.0	0.9327400922775269	0.0		True	True	False	2	201.57345461845398
S1-493139457	S3-323904182	8.0	0.6287534236907959		0.0	0.0		True	False	False	1	100.6287534236908
S1-493139457	S3-289697426	9.0	0.6251765489578247		0.0	0.0		True	False	False	1	100.62517654895782
S1-493139457	S3-191842349	10.0	0.6246415376663208		0.0	0.0		True	False	False	1	100.62464153766632
S1-493139457	S3-610536355	11.0	0.6179667711257935	13.0	0.9403048753738403	0.0		True	True	False	2	201.55827164649963
S1-493139457	S3-276427681	12.0	0.6156216859817505	4.0	0.9596490263938904	0.0		True	True	False	2	201.57527071237564
S1-493139457	S3-361863410	13.0	0.6134541034698486		0.0	0.0		True	False	False	1	100.61345410346985
S1-493139457	S3-652287374	14.0	0.6093200445175171	2.0	0.962011456489563	0.0		True	True	False	2	201.57133150100708
S1-493139457	S3-611681699	15.0	0.6092601418495178		0.0	0.0		True	False	False	1	100.60926014184952
S1-493139457	S3-219041197	16.0	0.6077452898025513		0.0	0.0		True	False	False	1	100.60774528980255
S1-493139457	S3-695502221	17.0	0.5984428524971008	25.0	0.9323360323905945	0.0		True	True	False	2	201.5307788848877
S1-493139457	S3-115653125	18.0	0.595812201499939		0.0	0.0		True	False	False	1	100.59581220149994
S1-493139457	S3-218566871	19.0	0.5949854850769043	16.0	0.93907630443573	0.0		True	True	False	2	201.53406178951263
S1-493139457	S3-10300249	20.0	0.5946857929229736		0.0	0.0		True	False	False	1	100.59468579292297
S1-493139457	S3-464265492	21.0	0.594456672668457		0.0	0.0		True	False	False	1	100.59445667266846
S1-493139457	S3-577972146	22.0	0.5935547947883606	8.0	0.9483833312988281	0.0		True	True	False	2	201.5419381260872
S1-493139457	S3-125349995	23.0	0.591479480266571		0.0	0.0		True	False	False	1	100.59147948026657
S1-493139457	S3-227725397	24.0	0.589874267578125		0.0	0.0		True	False	False	1	100.58987426757812
S1-493139457	S3-374810425	25.0	0.5894457101821899		0.0	0.0		True	False	False	1	100.58944571018219
S1-493139457	S3-159233685	26.0	0.5854508280754089		0.0	0.0		True	False	False	1	100.58545082807541
S1-493139457	S3-436480804	27.0	0.5823186635971069		0.0	0.0		True	False	False	1	100.5823186635971
S1-493139457	S3-264170444	28.0	0.577412486076355		0.0	0.0		True	False	False	1	100.57741248607635
S1-493139457	S3-18976400	29.0	0.5767724514007568	29.0	0.9278673529624939	0.0		True	True	False	2	201.50463980436325
S1-493139457	S3-819001322	30.0	0.5719258785247803	18.0	0.9377795457839966	0.0		True	True	False	2	201.50970542430878
S1-493139457	S2-592412285		0.0	1.0	0.9654601216316223	0.0		False	True	False	1	100.96546012163162
S1-493139457	S2-550697952		0.0	2.0	0.965360164642334	0.0		False	True	False	1	100.96536016464233
S1-493139457	S2-594115095		0.0	5.0	0.9532855153083801	0.0		False	True	False	1	100.95328551530838
S1-493139457	S2-583840796		0.0	6.0	0.9511011242866516	0.0		False	True	False	1	100.95110112428665
S1-493139457	S2-809665812		0.0	9.0	0.9487278461456299	0.0		False	True	False	1	100.94872784614563
S1-493139457	S2-658886344		0.0	12.0	0.9457182288169861	0.0		False	True	False	1	100.94571822881699
S1-493139457	S2-193013091		0.0	14.0	0.9408959746360779	0.0		False	True	False	1	100.94089597463608
S1-493139457	S2-715460557		0.0	15.0	0.9406180381774902	0.0		False	True	False	1	100.94061803817749
S1-493139457	S2-744098365		0.0	17.0	0.9379869699478149	0.0		False	True	False	1	100.93798696994781
S1-493139457	S2-258890831		0.0	18.0	0.9373877048492432	0.0		False	True	False	1	100.93738770484924
S1-493139457	S2-170244057		0.0	19.0	0.9368264675140381	0.0		False	True	False	1	100.93682646751404
S1-493139457	S2-400190057		0.0	20.0	0.9354598522186279	0.0		False	True	False	1	100.93545985221863
S1-493139457	S2-576201028		0.0	21.0	0.9345013499259949	0.0		False	True	False	1	100.934501349926
S1-493139457	S2-934716922		0.0	22.0	0.9338966608047485	0.0		False	True	False	1	100.93389666080475
S1-493139457	S2-575142052		0.0	23.0	0.9334748387336731	0.0		False	True	False	1	100.93347483873367
S1-493139457	S2-262646344		0.0	25.0	0.9305040240287781	0.0		False	True	False	1	100.93050402402878
S1-493139457	S2-559669701		0.0	26.0	0.9299798011779785	0.0		False	True	False	1	100.92997980117798
S1-493139457	S2-770341988		0.0	27.0	0.9297745227813721	0.0		False	True	False	1	100.92977452278137
S1-493139457	S2-119647643		0.0	29.0	0.9287549257278442	0.0		False	True	False	1	100.92875492572784
S1-493139457	S2-158121477		0.0	30.0	0.9274101257324219	0.0		False	True	False	1	100.92741012573242
S1-493139457	S3-526709055		0.0	1.0	0.964224100112915	0.0		False	True	False	1	100.96422410011292
S1-493139457	S3-482581656		0.0	5.0	0.9575864672660828	0.0		False	True	False	1	100.95758646726608
S1-493139457	S3-797381132		0.0	6.0	0.9510098695755005	0.0		False	True	False	1	100.9510098695755
S1-493139457	S3-74786614		0.0	7.0	0.9485743045806885	0.0		False	True	False	1	100.94857430458069
S1-493139457	S3-98186645		0.0	9.0	0.947816014289856	0.0		False	True	False	1	100.94781601428986
S1-493139457	S3-971111671		0.0	11.0	0.9459863305091858	0.0		False	True	False	1	100.94598633050919
S1-493139457	S3-662721327		0.0	12.0	0.9447735548019409	0.0		False	True	False	1	100.94477355480194
S1-493139457	S3-835032939		0.0	14.0	0.9396249651908875	0.0		False	True	False	1	100.93962496519089
S1-493139457	S3-305215419		0.0	19.0	0.9374231696128845	0.0		False	True	False	1	100.93742316961288
S1-493139457	S3-825495383		0.0	20.0	0.9371046423912048	0.0		False	True	False	1	100.9371046423912
S1-493139457	S3-380741339		0.0	21.0	0.9366864562034607	0.0		False	True	False	1	100.93668645620346
S1-493139457	S3-760959067		0.0	22.0	0.9343166351318359	0.0		False	True	False	1	100.93431663513184
S1-493139457	S3-768772995		0.0	23.0	0.9335166215896606	0.0		False	True	False	1	100.93351662158966
S1-493139457	S3-92755938		0.0	26.0	0.9314944744110107	0.0		False	True	False	1	100.93149447441101
S1-493139457	S3-219844340		0.0	27.0	0.9303954243659973	0.0		False	True	False	1	100.930395424366
S1-493139457	S3-668629842		0.0	28.0	0.9293062090873718	0.0		False	True	False	1	100.92930620908737
S1-493139457	S3-543902884		0.0	30.0	0.9277622699737549	0.0		False	True	False	1	100.92776226997375
S1-895087526	S2-530685908	1.0	0.5789178609848022	12.0	0.9268455505371094	0.0		True	True	False	2	201.5057634115219
S1-895087526	S2-875724478	2.0	0.558748722076416	5.0	0.9535198211669922	0.0		True	True	False	2	201.5122685432434
S1-895087526	S2-166809876	3.0	0.547674298286438		0.0	0.0		True	False	False	1	100.54767429828644
S1-895087526	S2-786671109	4.0	0.5315368175506592	10.0	0.9328768849372864	0.0		True	True	False	2	201.46441370248795
S1-895087526	S2-787861634	5.0	0.5141340494155884	6.0	0.9428121447563171	0.0		True	True	False	2	201.4569461941719
S1-895087526	S2-785042722	6.0	0.5074257254600525	16.0	0.9238134026527405	0.0		True	True	False	2	201.4312391281128
S1-895087526	S2-634571997	7.0	0.48581722378730774		0.0	0.0		True	False	False	1	100.48581722378731
S1-895087526	S2-910351373	8.0	0.4852399230003357	27.0	0.9170188903808594	0.0		True	True	False	2	201.4022588133812
S1-895087526	S2-600460285	9.0	0.4817506968975067	4.0	0.9557930827140808	0.0		True	True	False	2	201.4375437796116
S1-895087526	S2-77137709	10.0	0.47840437293052673	15.0	0.9253620505332947	0.0		True	True	False	2	201.40376642346382
S1-895087526	S2-304177076	11.0	0.4746161103248596		0.0	0.0		True	False	False	1	100.47461611032486
S1-895087526	S2-357438552	12.0	0.4678741991519928	2.0	0.9612308144569397	0.0		True	True	False	2	201.42910501360893
S1-895087526	S2-292567038	13.0	0.46722176671028137	17.0	0.9217976331710815	0.0		True	True	False	2	201.38901939988136
S1-895087526	S2-742077842	14.0	0.46209654211997986		0.0	0.0		True	False	False	1	100.46209654211998
S1-895087526	S2-495461061	15.0	0.45722827315330505		0.0	0.0		True	False	False	1	100.4572282731533
S1-895087526	S2-485885002	16.0	0.45495498180389404		0.0	0.0		True	False	False	1	100.4549549818039
S1-895087526	S2-956479781	17.0	0.45217183232307434	23.0	0.9176110625267029	0.0		True	True	False	2	201.36978289484978
S1-895087526	S2-229677112	18.0	0.4514319896697998	1.0	0.9672024250030518	0.0		True	True	False	2	201.41863441467285
S1-895087526	S2-317480348	19.0	0.44921740889549255		0.0	0.0		True	False	False	1	100.44921740889549
S1-895087526	S2-501534718	20.0	0.44826972484588623	11.0	0.9317797422409058	0.0		True	True	False	2	201.3800494670868
S1-895087526	S2-223826524	21.0	0.4438323378562927	8.0	0.9372990131378174	0.0		True	True	False	2	201.3811313509941
S1-895087526	S2-537184954	22.0	0.4391937851905823		0.0	0.0		True	False	False	1	100.43919378519058
S1-895087526	S2-913930320	23.0	0.4361029267311096		0.0	0.0		True	False	False	1	100.43610292673111
S1-895087526	S2-591078525	24.0	0.43399372696876526		0.0	0.0		True	False	False	1	100.43399372696877
S1-895087526	S2-576201028	25.0	0.42923277616500854		0.0	0.0		True	False	False	1	100.42923277616501
S1-895087526	S2-779040268	26.0	0.4248904585838318		0.0	0.0		True	False	False	1	100.42489045858383
S1-895087526	S2-905827553	27.0	0.4229598045349121	7.0	0.9392929673194885	0.0		True	True	False	2	201.3622527718544
S1-895087526	S2-784442772	28.0	0.422055721282959	25.0	0.9175015687942505	0.0		True	True	False	2	201.3395572900772
S1-895087526	S2-999853272	29.0	0.414606511592865	22.0	0.9185149073600769	0.0		True	True	False	2	201.33312141895294
S1-895087526	S2-192345572	30.0	0.4134063422679901		0.0	0.0		True	False	False	1	100.41340634226799
S1-895087526	S3-961421742	1.0	0.5633556246757507	5.0	0.9540335536003113	0.0		True	True	False	2	201.51738917827606
S1-895087526	S3-877919199	2.0	0.5330667495727539		0.0	0.0		True	False	False	1	100.53306674957275
S1-895087526	S3-895598264	3.0	0.528688371181488	24.0	0.924992024898529	0.0		True	True	False	2	201.45368039608002
S1-895087526	S3-536202929	4.0	0.52264404296875	22.0	0.9290665984153748	0.0		True	True	False	2	201.45171064138412
S1-895087526	S3-288440193	5.0	0.5212134122848511	7.0	0.9508159160614014	0.0		True	True	False	2	201.47202932834625
S1-895087526	S3-127741306	6.0	0.5209395885467529	15.0	0.9368442296981812	0.0		True	True	False	2	201.45778381824493
S1-895087526	S3-219041197	7.0	0.5192209482192993		0.0	0.0		True	False	False	1	100.5192209482193
S1-895087526	S3-652287374	8.0	0.5187861919403076		0.0	0.0		True	False	False	1	100.51878619194031
S1-895087526	S3-580736465	9.0	0.5152683258056641	14.0	0.9371932148933411	0.0		True	True	False	2	201.452461540699
S1-895087526	S3-577972146	10.0	0.5151888132095337	16.0	0.9360165596008301	0.0		True	True	False	2	201.45120537281036
S1-895087526	S3-526709055	11.0	0.5079507827758789		0.0	0.0		True	False	False	1	100.50795078277588
S1-895087526	S3-86143878	12.0	0.5078348517417908		0.0	0.0		True	False	False	1	100.50783485174179
S1-895087526	S3-436480804	13.0	0.5023478269577026	20.0	0.9308419227600098	0.0		True	True	False	2	201.4331897497177
S1-895087526	S3-159233685	14.0	0.48409807682037354	18.0	0.9353787899017334	0.0		True	True	False	2	201.4194768667221
S1-895087526	S3-867263634	15.0	0.4823683202266693		0.0	0.0		True	False	False	1	100.48236832022667
S1-895087526	S3-10300249	16.0	0.4792032241821289		0.0	0.0		True	False	False	1	100.47920322418213
S1-895087526	S3-276427681	17.0	0.4735085666179657		0.0	0.0		True	False	False	1	100.47350856661797
S1-895087526	S3-374810425	18.0	0.4684201776981354		0.0	0.0		True	False	False	1	100.46842017769814
S1-895087526	S3-264170444	19.0	0.4680209159851074		0.0	0.0		True	False	False	1	100.46802091598511
S1-895087526	S3-604980231	20.0	0.46601641178131104		0.0	0.0		True	False	False	1	100.46601641178131
S1-895087526	S3-18976400	21.0	0.4610408544540405	27.0	0.9217446446418762	0.0		True	True	False	2	201.38278549909592
S1-895087526	S3-825495383	22.0	0.45951151847839355	28.0	0.9213261604309082	0.0		True	True	False	2	201.3808376789093
S1-895087526	S3-289697426	23.0	0.45549947023391724		0.0	0.0		True	False	False	1	100.45549947023392
S1-895087526	S3-610536355	24.0	0.4547494649887085	26.0	0.9233756065368652	0.0		True	True	False	2	201.37812507152557
S1-895087526	S3-218566871	25.0	0.4533213973045349	19.0	0.9323534965515137	0.0		True	True	False	2	201.38567489385605
S1-895087526	S3-125349995	26.0	0.4523067772388458	4.0	0.9615005254745483	0.0		True	True	False	2	201.4138073027134
S1-895087526	S3-158901285	27.0	0.4509465992450714	8.0	0.9488316774368286	0.0		True	True	False	2	201.3997782766819
S1-895087526	S3-464265492	28.0	0.44885408878326416	11.0	0.9407374262809753	0.0		True	True	False	2	201.38959151506424
S1-895087526	S3-115653125	29.0	0.4459127187728882		0.0	0.0		True	False	False	1	100.44591271877289
S1-895087526	S3-170975522	30.0	0.4451183080673218	13.0	0.9375215172767639	0.0		True	True	False	2	201.38263982534409
S1-895087526	S2-578788567		0.0	3.0	0.9603893160820007	0.0		False	True	False	1	100.960389316082
S1-895087526	S2-767997013		0.0	9.0	0.9347293972969055	0.0		False	True	False	1	100.9347293972969
S1-895087526	S2-463756409		0.0	13.0	0.9258756637573242	0.0		False	True	False	1	100.92587566375732
S1-895087526	S2-84473557		0.0	14.0	0.9253886938095093	0.0		False	True	False	1	100.92538869380951
S1-895087526	S2-578484139		0.0	18.0	0.9210482835769653	0.0		False	True	False	1	100.92104828357697
S1-895087526	S2-193013091		0.0	19.0	0.9189549684524536	0.0		False	True	False	1	100.91895496845245
S1-895087526	S2-4583532		0.0	20.0	0.9188526272773743	0.0		False	True	False	1	100.91885262727737
S1-895087526	S2-210791875		0.0	21.0	0.9185267090797424	0.0		False	True	False	1	100.91852670907974
S1-895087526	S2-933865098		0.0	24.0	0.9175755381584167	0.0		False	True	False	1	100.91757553815842
S1-895087526	S2-412565852		0.0	26.0	0.9173381328582764	0.0		False	True	False	1	100.91733813285828
S1-895087526	S2-17102176		0.0	28.0	0.9159858226776123	0.0		False	True	False	1	100.91598582267761
S1-895087526	S2-917258438		0.0	29.0	0.9139219522476196	0.0		False	True	False	1	100.91392195224762
S1-895087526	S2-434748052		0.0	30.0	0.9135862588882446	0.0		False	True	False	1	100.91358625888824
S1-895087526	S3-250324284		0.0	1.0	0.9631868600845337	0.0		False	True	False	1	100.96318686008453
S1-895087526	S3-173398261		0.0	2.0	0.9631118774414062	0.0		False	True	False	1	100.9631118774414
S1-895087526	S3-162993152		0.0	3.0	0.9626243710517883	0.0		False	True	False	1	100.96262437105179
S1-895087526	S3-695502221		0.0	6.0	0.9527488946914673	0.0		False	True	False	1	100.95274889469147
S1-895087526	S3-819001322		0.0	9.0	0.9413115382194519	0.0		False	True	False	1	100.94131153821945
S1-895087526	S3-960416326		0.0	10.0	0.9412276744842529	0.0		False	True	False	1	100.94122767448425
S1-895087526	S3-323904182		0.0	12.0	0.9375265836715698	0.0		False	True	False	1	100.93752658367157
S1-895087526	S3-483958914		0.0	17.0	0.9355967044830322	0.0		False	True	False	1	100.93559670448303
S1-895087526	S3-662721327		0.0	21.0	0.9295703768730164	0.0		False	True	False	1	100.92957037687302
S1-895087526	S3-688194826		0.0	23.0	0.9288809299468994	0.0		False	True	False	1	100.9288809299469
S1-895087526	S3-367901084		0.0	25.0	0.9245864748954773	0.0		False	True	False	1	100.92458647489548
S1-895087526	S3-219844340		0.0	29.0	0.9177373647689819	0.0		False	True	False	1	100.91773736476898
S1-895087526	S3-98186645		0.0	30.0	0.9176474809646606	0.0		False	True	False	1	100.91764748096466
S1-829126727	S2-786671109	1.0	0.6601539850234985	4.0	0.9604331254959106	0.0		True	True	False	2	201.6205871105194
S1-829126727	S2-600460285	2.0	0.656676173210144	13.0	0.9462061524391174	0.0		True	True	False	2	201.60288232564926
S1-829126727	S2-485885002	3.0	0.6557567119598389	3.0	0.9654958248138428	0.0		True	True	False	2	201.62125253677368
S1-829126727	S2-956479781	4.0	0.641780436038971		0.0	0.0		True	False	False	1	100.64178043603897
S1-829126727	S2-913930320	5.0	0.6390205025672913	9.0	0.949512243270874	0.0		True	True	False	2	201.58853274583817
S1-829126727	S2-550697952	6.0	0.6377644538879395	27.0	0.9316070079803467	0.0		True	True	False	2	201.5693714618683
S1-829126727	S2-910351373	7.0	0.6364189386367798	23.0	0.9354007244110107	0.0		True	True	False	2	201.5718196630478
S1-829126727	S2-905827553	8.0	0.6318494081497192		0.0	0.0		True	False	False	1	100.63184940814972
S1-829126727	S2-434748052	9.0	0.6280532479286194		0.0	0.0		True	False	False	1	100.62805324792862
S1-829126727	S2-537184954	10.0	0.6278467178344727		0.0	0.0		True	False	False	1	100.62784671783447
S1-829126727	S2-292567038	11.0	0.6252454519271851		0.0	0.0		True	False	False	1	100.62524545192719
S1-829126727	S2-229677112	12.0	0.6195117235183716	16.0	0.9441512227058411	0.0		True	True	False	2	201.5636629462242
S1-829126727	S2-530685908	13.0	0.618030846118927	1.0	0.9759225845336914	0.0		True	True	False	2	201.59395343065262
S1-829126727	S2-77137709	14.0	0.6113664507865906	8.0	0.9530170559883118	0.0		True	True	False	2	201.5643835067749
S1-829126727	S2-578788567	15.0	0.6038423776626587	24.0	0.9344239234924316	0.0		True	True	False	2	201.5382663011551
S1-829126727	S2-317480348	16.0	0.6010134816169739		0.0	0.0		True	False	False	1	100.60101348161697
S1-829126727	S2-785042722	17.0	0.5964938402175903	7.0	0.957666277885437	0.0		True	True	False	2	201.55416011810303
S1-829126727	S2-784442772	18.0	0.5941551327705383	17.0	0.9415221214294434	0.0		True	True	False	2	201.53567725419998
S1-829126727	S2-742077842	19.0	0.5880559682846069		0.0	0.0		True	False	False	1	100.5880559682846
S1-829126727	S2-223826524	20.0	0.5862981677055359	10.0	0.9480738639831543	0.0		True	True	False	2	201.5343720316887
S1-829126727	S2-357438552	21.0	0.5826358795166016	11.0	0.947779655456543	0.0		True	True	False	2	201.53041553497314
S1-829126727	S2-787861634	22.0	0.5815520286560059	14.0	0.9458348751068115	0.0		True	True	False	2	201.52738690376282
S1-829126727	S2-192345572	23.0	0.580701470375061	30.0	0.930851399898529	0.0		True	True	False	2	201.5115528702736
S1-829126727	S2-304177076	24.0	0.5801587104797363		0.0	0.0		True	False	False	1	100.58015871047974
S1-829126727	S2-875724478	25.0	0.5775058269500732	6.0	0.9589733481407166	0.0		True	True	False	2	201.5364791750908
S1-829126727	S2-634571997	26.0	0.5760512948036194		0.0	0.0		True	False	False	1	100.57605129480362
S1-829126727	S2-999853272	27.0	0.5542278289794922		0.0	0.0		True	False	False	1	100.55422782897949
S1-829126727	S2-166809876	28.0	0.5512341856956482		0.0	0.0		True	False	False	1	100.55123418569565
S1-829126727	S2-591078525	29.0	0.5508763790130615		0.0	0.0		True	False	False	1	100.55087637901306
S1-829126727	S2-654270940	30.0	0.5498975515365601		0.0	0.0		True	False	False	1	100.54989755153656
S1-829126727	S3-895598264	1.0	0.7315874099731445	20.0	0.9489167928695679	0.0		True	True	False	2	201.6805042028427
S1-829126727	S3-536202929	2.0	0.695832371711731	17.0	0.9516104459762573	0.0		True	True	False	2	201.647442817688
S1-829126727	S3-219041197	3.0	0.6737267971038818		0.0	0.0		True	False	False	1	100.67372679710388
S1-829126727	S3-264170444	4.0	0.6640137434005737		0.0	0.0		True	False	False	1	100.66401374340057
S1-829126727	S3-288440193	5.0	0.6582146883010864	8.0	0.9674642086029053	0.0		True	True	False	2	201.625678896904
S1-829126727	S3-289697426	6.0	0.649272620677948		0.0	0.0		True	False	False	1	100.64927262067795
S1-829126727	S3-436480804	7.0	0.6392098069190979	14.0	0.9540108442306519	0.0		True	True	False	2	201.59322065114975
S1-829126727	S3-464265492	8.0	0.6328552961349487	9.0	0.9654109477996826	0.0		True	True	False	2	201.59826624393463
S1-829126727	S3-695502221	9.0	0.6285713911056519	12.0	0.9545519351959229	0.0		True	True	False	2	201.58312332630157
S1-829126727	S3-577972146	10.0	0.6256285309791565	25.0	0.9411256313323975	0.0		True	True	False	2	201.56675416231155
S1-829126727	S3-18976400	11.0	0.622292160987854	5.0	0.9721899628639221	0.0		True	True	False	2	201.59448212385178
S1-829126727	S3-462677478	12.0	0.6201090216636658		0.0	0.0		True	False	False	1	100.62010902166367
S1-829126727	S3-483958914	13.0	0.6175366640090942	29.0	0.933751106262207	0.0		True	True	False	2	201.5512877702713
S1-829126727	S3-125349995	14.0	0.617110013961792	18.0	0.950586199760437	0.0		True	True	False	2	201.56769621372223
S1-829126727	S3-158901285	15.0	0.6082909107208252	10.0	0.9628775715827942	0.0		True	True	False	2	201.57116848230362
S1-829126727	S3-170975522	16.0	0.6080120205879211	24.0	0.9421097636222839	0.0		True	True	False	2	201.5501217842102
S1-829126727	S3-227725397	17.0	0.6075649261474609		0.0	0.0		True	False	False	1	100.60756492614746
S1-829126727	S3-652287374	18.0	0.6061208248138428		0.0	0.0		True	False	False	1	100.60612082481384
S1-829126727	S3-825495383	19.0	0.600488543510437	11.0	0.9562439918518066	0.0		True	True	False	2	201.55673253536224
S1-829126727	S3-374810425	20.0	0.5997089147567749		0.0	0.0		True	False	False	1	100.59970891475677
S1-829126727	S3-853414998	21.0	0.5936102867126465		0.0	0.0		True	False	False	1	100.59361028671265
S1-829126727	S3-127741306	22.0	0.5932033061981201	28.0	0.9338849782943726	0.0		True	True	False	2	201.5270882844925
S1-829126727	S3-867263634	23.0	0.5927295088768005		0.0	0.0		True	False	False	1	100.5927295088768
S1-829126727	S3-580736465	24.0	0.5901674628257751		0.0	0.0		True	False	False	1	100.59016746282578
S1-829126727	S3-191842349	25.0	0.5873855948448181		0.0	0.0		True	False	False	1	100.58738559484482
S1-829126727	S3-688194826	26.0	0.5871191620826721	7.0	0.9698923826217651	0.0		True	True	False	2	201.55701154470444
S1-829126727	S3-662721327	27.0	0.5853103399276733	6.0	0.970746636390686	0.0		True	True	False	2	201.55605697631836
S1-829126727	S3-877919199	28.0	0.5835553407669067		0.0	0.0		True	False	False	1	100.5835553407669
S1-829126727	S3-560657213	29.0	0.5824365019798279		0.0	0.0		True	False	False	1	100.58243650197983
S1-829126727	S3-10300249	30.0	0.579268753528595		0.0	0.0		True	False	False	1	100.5792687535286
S1-829126727	S2-501534718		0.0	2.0	0.9720075130462646	0.0		False	True	False	1	100.97200751304626
S1-829126727	S2-592412285		0.0	5.0	0.9592571258544922	0.0		False	True	False	1	100.95925712585449
S1-829126727	S2-767997013		0.0	12.0	0.9464489817619324	0.0		False	True	False	1	100.94644898176193
S1-829126727	S2-891600450		0.0	15.0	0.9457889199256897	0.0		False	True	False	1	100.94578891992569
S1-829126727	S2-594115095		0.0	18.0	0.941364049911499	0.0		False	True	False	1	100.9413640499115
S1-829126727	S2-262646344		0.0	19.0	0.9397625923156738	0.0		False	True	False	1	100.93976259231567
S1-829126727	S2-658886344		0.0	20.0	0.9381371140480042	0.0		False	True	False	1	100.938137114048
S1-829126727	S2-4583532		0.0	21.0	0.9381145238876343	0.0		False	True	False	1	100.93811452388763
S1-829126727	S2-210791875		0.0	22.0	0.937110185623169	0.0		False	True	False	1	100.93711018562317
S1-829126727	S2-193013091		0.0	25.0	0.9333524107933044	0.0		False	True	False	1	100.9333524107933
S1-829126727	S2-933865098		0.0	26.0	0.9326355457305908	0.0		False	True	False	1	100.93263554573059
S1-829126727	S2-742018880		0.0	28.0	0.9312255382537842	0.0		False	True	False	1	100.93122553825378
S1-829126727	S2-258890831		0.0	29.0	0.930878221988678	0.0		False	True	False	1	100.93087822198868
S1-829126727	S3-219844340		0.0	1.0	0.9817229509353638	0.0		False	True	False	1	100.98172295093536
S1-829126727	S3-819001322		0.0	2.0	0.9784275889396667	0.0		False	True	False	1	100.97842758893967
S1-829126727	S3-218566871		0.0	3.0	0.9757562875747681	0.0		False	True	False	1	100.97575628757477
S1-829126727	S3-98186645		0.0	4.0	0.972912073135376	0.0		False	True	False	1	100.97291207313538
S1-829126727	S3-276427681		0.0	13.0	0.9544392228126526	0.0		False	True	False	1	100.95443922281265
S1-829126727	S3-250324284		0.0	15.0	0.9525455236434937	0.0		False	True	False	1	100.9525455236435
S1-829126727	S3-482581656		0.0	16.0	0.9519872069358826	0.0		False	True	False	1	100.95198720693588
S1-829126727	S3-960416326		0.0	19.0	0.9498775005340576	0.0		False	True	False	1	100.94987750053406
S1-829126727	S3-797381132		0.0	21.0	0.9480625987052917	0.0		False	True	False	1	100.94806259870529
S1-829126727	S3-526709055		0.0	22.0	0.9471121430397034	0.0		False	True	False	1	100.9471121430397
S1-829126727	S3-961421742		0.0	23.0	0.9440054893493652	0.0		False	True	False	1	100.94400548934937
S1-829126727	S3-305215419		0.0	26.0	0.9339262247085571	0.0		False	True	False	1	100.93392622470856
S1-829126727	S3-173398261		0.0	27.0	0.9338958263397217	0.0		False	True	False	1	100.93389582633972
S1-829126727	S3-768772995		0.0	30.0	0.9314937591552734	0.0		False	True	False	1	100.93149375915527
S1-457973373	S2-800542765	1.0	0.6847080588340759	4.0	0.9632192850112915	0.0		True	True	False	2	201.64792734384537
S1-457973373	S2-112287031	2.0	0.6754422187805176	5.0	0.9625961780548096	0.0		True	True	False	2	201.63803839683533
S1-457973373	S2-575142052	3.0	0.6254517436027527	14.0	0.9526780247688293	0.0		True	True	False	2	201.57812976837158
S1-457973373	S2-459485143	4.0	0.5983175039291382		0.0	0.0		True	False	False	1	100.59831750392914
S1-457973373	S2-566025912	5.0	0.5885220766067505	1.0	0.9750714302062988	0.0		True	True	False	2	201.56359350681305
S1-457973373	S2-647447093	6.0	0.5410070419311523	3.0	0.9650024175643921	0.0		True	True	False	2	201.50600945949554
S1-457973373	S2-262646344	7.0	0.5359420776367188	22.0	0.9464496374130249	0.0		True	True	False	2	201.48239171504974
S1-457973373	S2-170244057	8.0	0.515627384185791	15.0	0.9520324468612671	0.0		True	True	False	2	201.46765983104706
S1-457973373	S2-742018880	9.0	0.5104815363883972		0.0	0.0		True	False	False	1	100.5104815363884
S1-457973373	S2-158121477	10.0	0.5012329816818237	13.0	0.9535115957260132	0.0		True	True	False	2	201.45474457740784
S1-457973373	S2-160823657	11.0	0.4965043067932129	2.0	0.9687421321868896	0.0		True	True	False	2	201.4652464389801
S1-457973373	S2-878037834	12.0	0.4804205298423767	9.0	0.9588339328765869	0.0		True	True	False	2	201.43925446271896
S1-457973373	S2-770341988	13.0	0.441087931394577	7.0	0.9606145620346069	0.0		True	True	False	2	201.40170249342918
S1-457973373	S2-108012128	14.0	0.40198174118995667	24.0	0.9443271160125732	0.0		True	True	False	2	201.34630885720253
S1-457973373	S2-933724724	15.0	0.3788989186286926	8.0	0.9591620564460754	0.0		True	True	False	2	201.33806097507477
S1-457973373	S2-119647643	16.0	0.3451513350009918		0.0	0.0		True	False	False	1	100.34515133500099
S1-457973373	S2-785042722	17.0	0.337820440530777		0.0	0.0		True	False	False	1	100.33782044053078
S1-457973373	S2-223826524	18.0	0.32753968238830566		0.0	0.0		True	False	False	1	100.3275396823883
S1-457973373	S2-786671109	19.0	0.3179384469985962		0.0	0.0		True	False	False	1	100.3179384469986
S1-457973373	S2-638268338	20.0	0.317158043384552		0.0	0.0		True	False	False	1	100.31715804338455
S1-457973373	S2-229677112	21.0	0.31602203845977783		0.0	0.0		True	False	False	1	100.31602203845978
S1-457973373	S2-999853272	22.0	0.31602174043655396		0.0	0.0		True	False	False	1	100.31602174043655
S1-457973373	S2-654270940	23.0	0.31393587589263916		0.0	0.0		True	False	False	1	100.31393587589264
S1-457973373	S2-416136682	24.0	0.3132859766483307	10.0	0.9569320678710938	0.0		True	True	False	2	201.27021804451942
S1-457973373	S2-77137709	25.0	0.30801481008529663		0.0	0.0		True	False	False	1	100.3080148100853
S1-457973373	S2-913930320	26.0	0.30707433819770813		0.0	0.0		True	False	False	1	100.30707433819771
S1-457973373	S2-485885002	27.0	0.3061779737472534		0.0	0.0		True	False	False	1	100.30617797374725
S1-457973373	S2-875724478	28.0	0.30270373821258545		0.0	0.0		True	False	False	1	100.30270373821259
S1-457973373	S2-317480348	29.0	0.29779231548309326		0.0	0.0		True	False	False	1	100.2977923154831
S1-457973373	S2-779040268	30.0	0.288361519575119		0.0	0.0		True	False	False	1	100.28836151957512
S1-457973373	S3-556228627	1.0	0.6383368968963623	1.0	0.9804506301879883	0.0		True	True	False	2	201.61878752708435
S1-457973373	S3-543902884	2.0	0.6169837713241577	3.0	0.9781061410903931	0.0		True	True	False	2	201.59508991241455
S1-457973373	S3-305215419	3.0	0.6063026189804077	13.0	0.9461415410041809	0.0		True	True	False	2	201.5524441599846
S1-457973373	S3-934627663	4.0	0.5620250701904297		0.0	0.0		True	False	False	1	100.56202507019043
S1-457973373	S3-712130770	5.0	0.486531138420105	19.0	0.9393205642700195	0.0		True	True	False	2	201.42585170269012
S1-457973373	S3-198586129	6.0	0.4862162470817566		0.0	0.0		True	False	False	1	100.48621624708176
S1-457973373	S3-971111671	7.0	0.4836076498031616	11.0	0.9473323822021484	0.0		True	True	False	2	201.4309400320053
S1-457973373	S3-200532536	8.0	0.4831693172454834	18.0	0.9413712024688721	0.0		True	True	False	2	201.42454051971436
S1-457973373	S3-715117209	9.0	0.480408638715744	2.0	0.9781123399734497	0.0		True	True	False	2	201.4585209786892
S1-457973373	S3-92755938	10.0	0.4693765342235565	6.0	0.9673994779586792	0.0		True	True	False	2	201.43677601218224
S1-457973373	S3-643284918	11.0	0.4441845417022705		0.0	0.0		True	False	False	1	100.44418454170227
S1-457973373	S3-64079929	12.0	0.41835281252861023	4.0	0.9719699621200562	0.0		True	True	False	2	201.39032277464867
S1-457973373	S3-159233685	13.0	0.4166206419467926		0.0	0.0		True	False	False	1	100.41662064194679
S1-457973373	S3-369430171	14.0	0.4117996096611023		0.0	0.0		True	False	False	1	100.4117996096611
S1-457973373	S3-825495383	15.0	0.4070054590702057		0.0	0.0		True	False	False	1	100.4070054590702
S1-457973373	S3-203608044	16.0	0.40671706199645996	24.0	0.9330450296401978	0.0		True	True	False	2	201.33976209163666
S1-457973373	S3-22321512	17.0	0.3983902633190155	5.0	0.9676222205162048	0.0		True	True	False	2	201.36601248383522
S1-457973373	S3-580736465	18.0	0.3966953158378601		0.0	0.0		True	False	False	1	100.39669531583786
S1-457973373	S3-218566871	19.0	0.36786913871765137		0.0	0.0		True	False	False	1	100.36786913871765
S1-457973373	S3-835032939	20.0	0.365830659866333	8.0	0.9542965888977051	0.0		True	True	False	2	201.32012724876404
S1-457973373	S3-464265492	21.0	0.364502489566803		0.0	0.0		True	False	False	1	100.3645024895668
S1-457973373	S3-162993152	22.0	0.35334113240242004		0.0	0.0		True	False	False	1	100.35334113240242
S1-457973373	S3-517069981	23.0	0.3407316505908966		0.0	0.0		True	False	False	1	100.3407316505909
S1-457973373	S3-125349995	24.0	0.3395116627216339		0.0	0.0		True	False	False	1	100.33951166272163
S1-457973373	S3-158901285	25.0	0.3336300849914551		0.0	0.0		True	False	False	1	100.33363008499146
S1-457973373	S3-127741306	26.0	0.3301777243614197		0.0	0.0		True	False	False	1	100.33017772436142
S1-457973373	S3-191842349	27.0	0.3296545445919037		0.0	0.0		True	False	False	1	100.3296545445919
S1-457973373	S3-961421742	28.0	0.32339590787887573		0.0	0.0		True	False	False	1	100.32339590787888
S1-457973373	S3-577972146	29.0	0.31778937578201294	14.0	0.945894718170166	0.0		True	True	False	2	201.26368409395218
S1-457973373	S3-227725397	30.0	0.31038469076156616	7.0	0.9552533030509949	0.0		True	True	False	2	201.26563799381256
S1-457973373	S2-550697952		0.0	6.0	0.9614464044570923	0.0		False	True	False	1	100.96144640445709
S1-457973373	S2-476476786		0.0	11.0	0.9556918144226074	0.0		False	True	False	1	100.95569181442261
S1-457973373	S2-440948455		0.0	12.0	0.953650951385498	0.0		False	True	False	1	100.9536509513855
S1-457973373	S2-715460557		0.0	16.0	0.9518059492111206	0.0		False	True	False	1	100.95180594921112
S1-457973373	S2-583840796		0.0	17.0	0.9516936540603638	0.0		False	True	False	1	100.95169365406036
S1-457973373	S2-594115095		0.0	18.0	0.9497067928314209	0.0		False	True	False	1	100.94970679283142
S1-457973373	S2-809665812		0.0	19.0	0.9492806196212769	0.0		False	True	False	1	100.94928061962128
S1-457973373	S2-375151053		0.0	20.0	0.9484491348266602	0.0		False	True	False	1	100.94844913482666
S1-457973373	S2-726058757		0.0	21.0	0.9476557374000549	0.0		False	True	False	1	100.94765573740005
S1-457973373	S2-37424835		0.0	23.0	0.9447447657585144	0.0		False	True	False	1	100.94474476575851
S1-457973373	S2-784442772		0.0	25.0	0.9440896511077881	0.0		False	True	False	1	100.94408965110779
S1-457973373	S2-592412285		0.0	26.0	0.9438374638557434	0.0		False	True	False	1	100.94383746385574
S1-457973373	S2-934716922		0.0	27.0	0.9437540173530579	0.0		False	True	False	1	100.94375401735306
S1-457973373	S2-744098365		0.0	28.0	0.9431532025337219	0.0		False	True	False	1	100.94315320253372
S1-457973373	S2-340420883		0.0	29.0	0.9425575733184814	0.0		False	True	False	1	100.94255757331848
S1-457973373	S2-559669701		0.0	30.0	0.9421154856681824	0.0		False	True	False	1	100.94211548566818
S1-457973373	S3-760959067		0.0	9.0	0.9539235830307007	0.0		False	True	False	1	100.9539235830307
S1-457973373	S3-289567021		0.0	10.0	0.9492582082748413	0.0		False	True	False	1	100.94925820827484
S1-457973373	S3-668629842		0.0	12.0	0.9471219778060913	0.0		False	True	False	1	100.94712197780609
S1-457973373	S3-185659081		0.0	15.0	0.9454300403594971	0.0		False	True	False	1	100.9454300403595
S1-457973373	S3-221443476		0.0	16.0	0.9451895952224731	0.0		False	True	False	1	100.94518959522247
S1-457973373	S3-340374288		0.0	17.0	0.941961944103241	0.0		False	True	False	1	100.94196194410324
S1-457973373	S3-374810425		0.0	20.0	0.9373288154602051	0.0		False	True	False	1	100.9373288154602
S1-457973373	S3-610536355		0.0	21.0	0.9351422786712646	0.0		False	True	False	1	100.93514227867126
S1-457973373	S3-536202929		0.0	22.0	0.9350536465644836	0.0		False	True	False	1	100.93505364656448
S1-457973373	S3-469272577		0.0	23.0	0.9337062239646912	0.0		False	True	False	1	100.93370622396469
S1-457973373	S3-380741339		0.0	25.0	0.9326390624046326	0.0		False	True	False	1	100.93263906240463
S1-457973373	S3-150632472		0.0	26.0	0.9322031736373901	0.0		False	True	False	1	100.93220317363739
S1-457973373	S3-416247723		0.0	27.0	0.9319159984588623	0.0		False	True	False	1	100.93191599845886
S1-457973373	S3-768772995		0.0	28.0	0.9310634732246399	0.0		False	True	False	1	100.93106347322464
S1-457973373	S3-573605691		0.0	29.0	0.9305219650268555	0.0		False	True	False	1	100.93052196502686
S1-457973373	S3-521783865		0.0	30.0	0.9294134378433228	0.0		False	True	False	1	100.92941343784332
S1-74852342	S2-476476786	1.0	0.4728052020072937	15.0	0.9558759927749634	0.0		True	True	False	2	201.42868119478226
S1-74852342	S2-193013091	2.0	0.42095470428466797	17.0	0.9550097584724426	0.0		True	True	False	2	201.3759644627571
S1-74852342	S2-229677112	3.0	0.4199484586715698		0.0	0.0		True	False	False	1	100.41994845867157
S1-74852342	S2-729157829	4.0	0.4166388511657715	18.0	0.9548943042755127	0.0		True	True	False	2	201.37153315544128
S1-74852342	S2-583840796	5.0	0.40931522846221924	7.0	0.9628311991691589	0.0		True	True	False	2	201.37214642763138
S1-74852342	S2-560710588	6.0	0.4079095125198364		0.0	0.0		True	False	False	1	100.40790951251984
S1-74852342	S2-463756409	7.0	0.4029260277748108		0.0	0.0		True	False	False	1	100.40292602777481
S1-74852342	S2-559669701	8.0	0.39420270919799805	6.0	0.9635441899299622	0.0		True	True	False	2	201.35774689912796
S1-74852342	S2-412565852	9.0	0.3927385210990906	16.0	0.9551404118537903	0.0		True	True	False	2	201.34787893295288
S1-74852342	S2-726058757	10.0	0.3911656141281128		0.0	0.0		True	False	False	1	100.39116561412811
S1-74852342	S2-210791875	11.0	0.38519278168678284	29.0	0.940079391002655	0.0		True	True	False	2	201.32527217268944
S1-74852342	S2-495461061	12.0	0.37903040647506714		0.0	0.0		True	False	False	1	100.37903040647507
S1-74852342	S2-578484139	13.0	0.37093886733055115		0.0	0.0		True	False	False	1	100.37093886733055
S1-74852342	S2-715460557	14.0	0.37013721466064453	2.0	0.9671384692192078	0.0		True	True	False	2	201.33727568387985
S1-74852342	S2-434748052	15.0	0.3689534366130829		0.0	0.0		True	False	False	1	100.36895343661308
S1-74852342	S2-17102176	16.0	0.3665997385978699		0.0	0.0		True	False	False	1	100.36659973859787
S1-74852342	S2-84473557	17.0	0.36636653542518616	14.0	0.956088662147522	0.0		True	True	False	2	201.3224551975727
S1-74852342	S2-956479781	18.0	0.3633023500442505		0.0	0.0		True	False	False	1	100.36330235004425
S1-74852342	S2-223826524	19.0	0.36308062076568604		0.0	0.0		True	False	False	1	100.36308062076569
S1-74852342	S2-504393659	20.0	0.35730308294296265		0.0	0.0		True	False	False	1	100.35730308294296
S1-74852342	S2-495604525	21.0	0.35573652386665344	9.0	0.9591093063354492	0.0		True	True	False	2	201.3148458302021
S1-74852342	S2-742077842	22.0	0.35535484552383423		0.0	0.0		True	False	False	1	100.35535484552383
S1-74852342	S2-222871632	23.0	0.3552265167236328	5.0	0.9646106958389282	0.0		True	True	False	2	201.31983721256256
S1-74852342	S2-638268338	24.0	0.35444730520248413		0.0	0.0		True	False	False	1	100.35444730520248
S1-74852342	S2-119647643	25.0	0.3531748652458191	20.0	0.9544470310211182	0.0		True	True	False	2	201.30762189626694
S1-74852342	S2-913930320	26.0	0.3518669307231903		0.0	0.0		True	False	False	1	100.35186693072319
S1-74852342	S2-934716922	27.0	0.3514277935028076		0.0	0.0		True	False	False	1	100.35142779350281
S1-74852342	S2-786671109	28.0	0.34865227341651917		0.0	0.0		True	False	False	1	100.34865227341652
S1-74852342	S2-485885002	29.0	0.3419952988624573		0.0	0.0		True	False	False	1	100.34199529886246
S1-74852342	S2-449438476	30.0	0.3397335708141327	27.0	0.9414319396018982	0.0		True	True	False	2	201.28116551041603
S1-74852342	S3-185659081	1.0	0.5105547904968262	4.0	0.962056040763855	0.0		True	True	False	2	201.47261083126068
S1-74852342	S3-760959067	2.0	0.4827330708503723	5.0	0.9614468812942505	0.0		True	True	False	2	201.44417995214462
S1-74852342	S3-611681699	3.0	0.4548038840293884		0.0	0.0		True	False	False	1	100.45480388402939
S1-74852342	S3-159233685	4.0	0.43399640917778015		0.0	0.0		True	False	False	1	100.43399640917778
S1-74852342	S3-184174096	5.0	0.42269188165664673	8.0	0.9550976753234863	0.0		True	True	False	2	201.37778955698013
S1-74852342	S3-573605691	6.0	0.42252326011657715	22.0	0.9394779205322266	0.0		True	True	False	2	201.3620011806488
S1-74852342	S3-668629842	7.0	0.41154348850250244	1.0	0.9827750325202942	0.0		True	True	False	2	201.3943185210228
S1-74852342	S3-819001322	8.0	0.40486857295036316		0.0	0.0		True	False	False	1	100.40486857295036
S1-74852342	S3-340374288	9.0	0.3921160101890564	16.0	0.9497544765472412	0.0		True	True	False	2	201.3418704867363
S1-74852342	S3-995796854	10.0	0.38973382115364075	12.0	0.9521381258964539	0.0		True	True	False	2	201.3418719470501
S1-74852342	S3-367901084	11.0	0.3867381513118744	7.0	0.9562806487083435	0.0		True	True	False	2	201.34301880002022
S1-74852342	S3-695502221	12.0	0.3847750127315521		0.0	0.0		True	False	False	1	100.38477501273155
S1-74852342	S3-797381132	13.0	0.3839433491230011	15.0	0.9501770734786987	0.0		True	True	False	2	201.3341204226017
S1-74852342	S3-389830698	14.0	0.38022559881210327	18.0	0.9472976922988892	0.0		True	True	False	2	201.327523291111
S1-74852342	S3-276427681	15.0	0.37518176436424255	26.0	0.9361099004745483	0.0		True	True	False	2	201.3112916648388
S1-74852342	S3-469272577	16.0	0.3660082519054413	14.0	0.9510018229484558	0.0		True	True	False	2	201.3170100748539
S1-74852342	S3-464265492	17.0	0.3641049563884735		0.0	0.0		True	False	False	1	100.36410495638847
S1-74852342	S3-221443476	18.0	0.36356619000434875	3.0	0.9646204710006714	0.0		True	True	False	2	201.32818666100502
S1-74852342	S3-158901285	19.0	0.36113229393959045		0.0	0.0		True	False	False	1	100.36113229393959
S1-74852342	S3-227725397	20.0	0.349134624004364	11.0	0.9543363451957703	0.0		True	True	False	2	201.30347096920013
S1-74852342	S3-934627663	21.0	0.3489328622817993		0.0	0.0		True	False	False	1	100.3489328622818
S1-74852342	S3-289567021	22.0	0.3456321656703949	6.0	0.9578415155410767	0.0		True	True	False	2	201.30347368121147
S1-74852342	S3-380741339	23.0	0.34256207942962646	10.0	0.954491138458252	0.0		True	True	False	2	201.29705321788788
S1-74852342	S3-162993152	24.0	0.33896949887275696		0.0	0.0		True	False	False	1	100.33896949887276
S1-74852342	S3-18976400	25.0	0.33626535534858704		0.0	0.0		True	False	False	1	100.33626535534859
S1-74852342	S3-1062100	26.0	0.33415502309799194		0.0	0.0		True	False	False	1	100.33415502309799
S1-74852342	S3-604980231	27.0	0.33249732851982117		0.0	0.0		True	False	False	1	100.33249732851982
S1-74852342	S3-468731115	28.0	0.33154115080833435	24.0	0.9380414485931396	0.0		True	True	False	2	201.26958259940147
S1-74852342	S3-191842349	29.0	0.3268015384674072		0.0	0.0		True	False	False	1	100.32680153846741
S1-74852342	S3-125349995	30.0	0.3196488320827484		0.0	0.0		True	False	False	1	100.31964883208275
S1-74852342	S2-809665812		0.0	1.0	0.9760221242904663	0.0		False	True	False	1	100.97602212429047
S1-74852342	S2-744098365		0.0	3.0	0.9655443429946899	0.0		False	True	False	1	100.96554434299469
S1-74852342	S2-400190057		0.0	4.0	0.9650073647499084	0.0		False	True	False	1	100.96500736474991
S1-74852342	S2-375151053		0.0	8.0	0.960368275642395	0.0		False	True	False	1	100.9603682756424
S1-74852342	S2-823489243		0.0	10.0	0.9585206508636475	0.0		False	True	False	1	100.95852065086365
S1-74852342	S2-378846408		0.0	11.0	0.9577472805976868	0.0		False	True	False	1	100.95774728059769
S1-74852342	S2-884102769		0.0	12.0	0.9574052095413208	0.0		False	True	False	1	100.95740520954132
S1-74852342	S2-340420883		0.0	13.0	0.9562368392944336	0.0		False	True	False	1	100.95623683929443
S1-74852342	S2-258890831		0.0	19.0	0.9545494318008423	0.0		False	True	False	1	100.95454943180084
S1-74852342	S2-89663826		0.0	21.0	0.9531198740005493	0.0		False	True	False	1	100.95311987400055
S1-74852342	S2-440948455		0.0	22.0	0.9505621194839478	0.0		False	True	False	1	100.95056211948395
S1-74852342	S2-37424835		0.0	23.0	0.9493757486343384	0.0		False	True	False	1	100.94937574863434
S1-74852342	S2-268861424		0.0	24.0	0.9487612843513489	0.0		False	True	False	1	100.94876128435135
S1-74852342	S2-917258438		0.0	25.0	0.9484014511108398	0.0		False	True	False	1	100.94840145111084
S1-74852342	S2-784442772		0.0	26.0	0.9446738362312317	0.0		False	True	False	1	100.94467383623123
S1-74852342	S2-594115095		0.0	28.0	0.9412611722946167	0.0		False	True	False	1	100.94126117229462
S1-74852342	S2-550697952		0.0	30.0	0.9398782849311829	0.0		False	True	False	1	100.93987828493118
S1-74852342	S3-416247723		0.0	2.0	0.9692273736000061	0.0		False	True	False	1	100.9692273736
S1-74852342	S3-22088661		0.0	9.0	0.9546768665313721	0.0		False	True	False	1	100.95467686653137
S1-74852342	S3-265204232		0.0	13.0	0.9514187574386597	0.0		False	True	False	1	100.95141875743866
S1-74852342	S3-150632472		0.0	17.0	0.9486316442489624	0.0		False	True	False	1	100.94863164424896
S1-74852342	S3-75604340		0.0	19.0	0.9470559358596802	0.0		False	True	False	1	100.94705593585968
S1-74852342	S3-768772995		0.0	20.0	0.9450880885124207	0.0		False	True	False	1	100.94508808851242
S1-74852342	S3-652287374		0.0	21.0	0.9422628879547119	0.0		False	True	False	1	100.94226288795471
S1-74852342	S3-610536355		0.0	23.0	0.9389477968215942	0.0		False	True	False	1	100.9389477968216
S1-74852342	S3-374810425		0.0	25.0	0.9369931221008301	0.0		False	True	False	1	100.93699312210083
S1-74852342	S3-482581656		0.0	27.0	0.9344190955162048	0.0		False	True	False	1	100.9344190955162
S1-74852342	S3-577972146		0.0	28.0	0.933569073677063	0.0		False	True	False	1	100.93356907367706
S1-74852342	S3-526709055		0.0	29.0	0.9322753548622131	0.0		False	True	False	1	100.93227535486221
S1-74852342	S3-521783865		0.0	30.0	0.9319761395454407	0.0		False	True	False	1	100.93197613954544
S1-280936763	S2-292567038	1.0	0.5679654479026794		0.0	0.0		True	False	False	1	100.56796544790268
S1-280936763	S2-875724478	2.0	0.5655375719070435		0.0	0.0		True	False	False	1	100.56553757190704
S1-280936763	S2-501534718	3.0	0.5366459488868713	7.0	0.9520186185836792	0.0		True	True	False	2	201.48866456747055
S1-280936763	S2-600460285	4.0	0.5236660242080688	1.0	0.9604122638702393	0.0		True	True	False	2	201.4840782880783
S1-280936763	S2-785042722	5.0	0.519961953163147	5.0	0.9533222913742065	0.0		True	True	False	2	201.47328424453735
S1-280936763	S2-742077842	6.0	0.5168352127075195		0.0	0.0		True	False	False	1	100.51683521270752
S1-280936763	S2-591078525	7.0	0.5167194604873657		0.0	0.0		True	False	False	1	100.51671946048737
S1-280936763	S2-495461061	8.0	0.509539008140564		0.0	0.0		True	False	False	1	100.50953900814056
S1-280936763	S2-537184954	9.0	0.5051929354667664		0.0	0.0		True	False	False	1	100.50519293546677
S1-280936763	S2-634571997	10.0	0.503110945224762	15.0	0.9421664476394653	0.0		True	True	False	2	201.44527739286423
S1-280936763	S2-317480348	11.0	0.4992818832397461		0.0	0.0		True	False	False	1	100.49928188323975
S1-280936763	S2-999853272	12.0	0.4918699264526367		0.0	0.0		True	False	False	1	100.49186992645264
S1-280936763	S2-786671109	13.0	0.4872339963912964		0.0	0.0		True	False	False	1	100.4872339963913
S1-280936763	S2-530685908	14.0	0.486782431602478		0.0	0.0		True	False	False	1	100.48678243160248
S1-280936763	S2-223826524	15.0	0.48636794090270996	6.0	0.9530478715896606	0.0		True	True	False	2	201.43941581249237
S1-280936763	S2-576201028	16.0	0.48029375076293945	25.0	0.9362753629684448	0.0		True	True	False	2	201.41656911373138
S1-280936763	S2-784442772	17.0	0.480281263589859	4.0	0.9533529877662659	0.0		True	True	False	2	201.43363425135612
S1-280936763	S2-956479781	18.0	0.4759083688259125	12.0	0.9433807730674744	0.0		True	True	False	2	201.4192891418934
S1-280936763	S2-485885002	19.0	0.46976137161254883		0.0	0.0		True	False	False	1	100.46976137161255
S1-280936763	S2-905827553	20.0	0.4626614451408386		0.0	0.0		True	False	False	1	100.46266144514084
S1-280936763	S2-779040268	21.0	0.4626614451408386		0.0	0.0		True	False	False	1	100.46266144514084
S1-280936763	S2-578788567	22.0	0.4615119695663452		0.0	0.0		True	False	False	1	100.46151196956635
S1-280936763	S2-434748052	23.0	0.4614602327346802		0.0	0.0		True	False	False	1	100.46146023273468
S1-280936763	S2-77137709	24.0	0.4608151912689209		0.0	0.0		True	False	False	1	100.46081519126892
S1-280936763	S2-787861634	25.0	0.4585399031639099	3.0	0.9536135792732239	0.0		True	True	False	2	201.41215348243713
S1-280936763	S2-166809876	26.0	0.458168089389801		0.0	0.0		True	False	False	1	100.4581680893898
S1-280936763	S2-550697952	27.0	0.4539496898651123		0.0	0.0		True	False	False	1	100.45394968986511
S1-280936763	S2-913930320	28.0	0.4486467242240906		0.0	0.0		True	False	False	1	100.44864672422409
S1-280936763	S2-562037907	29.0	0.4429979920387268		0.0	0.0		True	False	False	1	100.44299799203873
S1-280936763	S2-919241341	30.0	0.44053804874420166		0.0	0.0		True	False	False	1	100.4405380487442
S1-280936763	S3-250324284	1.0	0.5702136754989624		0.0	0.0		True	False	False	1	100.57021367549896
S1-280936763	S3-250853646	2.0	0.5455654859542847		0.0	0.0		True	False	False	1	100.54556548595428
S1-280936763	S3-895598264	3.0	0.5355309844017029	21.0	0.9357496500015259	0.0		True	True	False	2	201.47128063440323
S1-280936763	S3-611681699	4.0	0.5300336480140686		0.0	0.0		True	False	False	1	100.53003364801407
S1-280936763	S3-536202929	5.0	0.5269237160682678	18.0	0.9368653297424316	0.0		True	True	False	2	201.4637890458107
S1-280936763	S3-162993152	6.0	0.5224798321723938	13.0	0.9407245516777039	0.0		True	True	False	2	201.4632043838501
S1-280936763	S3-464265492	7.0	0.5195362567901611		0.0	0.0		True	False	False	1	100.51953625679016
S1-280936763	S3-960416326	8.0	0.5116184949874878	12.0	0.9416282773017883	0.0		True	True	False	2	201.45324677228928
S1-280936763	S3-86143878	9.0	0.5102534294128418		0.0	0.0		True	False	False	1	100.51025342941284
S1-280936763	S3-811459169	10.0	0.5078553557395935		0.0	0.0		True	False	False	1	100.5078553557396
S1-280936763	S3-961421742	11.0	0.5070526003837585	30.0	0.9298135638237	0.0		True	True	False	2	201.43686616420746
S1-280936763	S3-374810425	12.0	0.505394458770752	7.0	0.9476842284202576	0.0		True	True	False	2	201.453078687191
S1-280936763	S3-877919199	13.0	0.5039044618606567		0.0	0.0		True	False	False	1	100.50390446186066
S1-280936763	S3-462677478	14.0	0.4991248548030853		0.0	0.0		True	False	False	1	100.49912485480309
S1-280936763	S3-695502221	15.0	0.49778449535369873		0.0	0.0		True	False	False	1	100.4977844953537
S1-280936763	S3-323904182	16.0	0.49354395270347595	15.0	0.9395260810852051	0.0		True	True	False	2	201.43307003378868
S1-280936763	S3-604980231	17.0	0.49277636408805847	22.0	0.9351374506950378	0.0		True	True	False	2	201.4279138147831
S1-280936763	S3-158901285	18.0	0.4905891418457031		0.0	0.0		True	False	False	1	100.4905891418457
S1-280936763	S3-688194826	19.0	0.48940885066986084		0.0	0.0		True	False	False	1	100.48940885066986
S1-280936763	S3-560657213	20.0	0.4885512888431549	10.0	0.9446851015090942	0.0		True	True	False	2	201.43323639035225
S1-280936763	S3-264170444	21.0	0.48776349425315857		0.0	0.0		True	False	False	1	100.48776349425316
S1-280936763	S3-170975522	22.0	0.4797218441963196	2.0	0.9580093026161194	0.0		True	True	False	2	201.43773114681244
S1-280936763	S3-227725397	23.0	0.47806844115257263	16.0	0.9387705326080322	0.0		True	True	False	2	201.4168389737606
S1-280936763	S3-218566871	24.0	0.4770318269729614	24.0	0.9342421889305115	0.0		True	True	False	2	201.41127401590347
S1-280936763	S3-310059196	25.0	0.4768568277359009		0.0	0.0		True	False	False	1	100.4768568277359
S1-280936763	S3-577972146	26.0	0.475940465927124	19.0	0.9361460208892822	0.0		True	True	False	2	201.4120864868164
S1-280936763	S3-717745791	27.0	0.4751884937286377		0.0	0.0		True	False	False	1	100.47518849372864
S1-280936763	S3-125349995	28.0	0.47516071796417236		0.0	0.0		True	False	False	1	100.47516071796417
S1-280936763	S3-580736465	29.0	0.474367618560791		0.0	0.0		True	False	False	1	100.47436761856079
S1-280936763	S3-173398261	30.0	0.4723094701766968	3.0	0.9573359489440918	0.0		True	True	False	2	201.4296454191208
S1-280936763	S2-938316135		0.0	2.0	0.9540508389472961	0.0		False	True	False	1	100.9540508389473
S1-280936763	S2-891600450		0.0	8.0	0.9498482346534729	0.0		False	True	False	1	100.94984823465347
S1-280936763	S2-504393659		0.0	9.0	0.949413001537323	0.0		False	True	False	1	100.94941300153732
S1-280936763	S2-412565852		0.0	10.0	0.9457560777664185	0.0		False	True	False	1	100.94575607776642
S1-280936763	S2-84473557		0.0	11.0	0.9438444375991821	0.0		False	True	False	1	100.94384443759918
S1-280936763	S2-701289183		0.0	13.0	0.9429319500923157	0.0		False	True	False	1	100.94293195009232
S1-280936763	S2-638268338		0.0	14.0	0.9424583911895752	0.0		False	True	False	1	100.94245839118958
S1-280936763	S2-742018880		0.0	16.0	0.9403754472732544	0.0		False	True	False	1	100.94037544727325
S1-280936763	S2-647447093		0.0	17.0	0.9392274618148804	0.0		False	True	False	1	100.93922746181488
S1-280936763	S2-560710588		0.0	18.0	0.9392211437225342	0.0		False	True	False	1	100.93922114372253
S1-280936763	S2-917258438		0.0	19.0	0.9389778971672058	0.0		False	True	False	1	100.9389778971672
S1-280936763	S2-726058757		0.0	20.0	0.9385077953338623	0.0		False	True	False	1	100.93850779533386
S1-280936763	S2-566025912		0.0	21.0	0.9384210109710693	0.0		False	True	False	1	100.93842101097107
S1-280936763	S2-119647643		0.0	22.0	0.9375484585762024	0.0		False	True	False	1	100.9375484585762
S1-280936763	S2-481572644		0.0	23.0	0.937449038028717	0.0		False	True	False	1	100.93744903802872
S1-280936763	S2-495604525		0.0	24.0	0.9373705983161926	0.0		False	True	False	1	100.93737059831619
S1-280936763	S2-258890831		0.0	26.0	0.9355440139770508	0.0		False	True	False	1	100.93554401397705
S1-280936763	S2-744098365		0.0	27.0	0.9351928234100342	0.0		False	True	False	1	100.93519282341003
S1-280936763	S2-416136682		0.0	28.0	0.9346660375595093	0.0		False	True	False	1	100.93466603755951
S1-280936763	S2-210791875		0.0	29.0	0.9338264465332031	0.0		False	True	False	1	100.9338264465332
S1-280936763	S2-449438476		0.0	30.0	0.9314767122268677	0.0		False	True	False	1	100.93147671222687
S1-280936763	S3-159233685		0.0	1.0	0.9613910913467407	0.0		False	True	False	1	100.96139109134674
S1-280936763	S3-517069981		0.0	4.0	0.9508072137832642	0.0		False	True	False	1	100.95080721378326
S1-280936763	S3-468731115		0.0	5.0	0.9499372243881226	0.0		False	True	False	1	100.94993722438812
S1-280936763	S3-288440193		0.0	6.0	0.949810266494751	0.0		False	True	False	1	100.94981026649475
S1-280936763	S3-937140604		0.0	8.0	0.9475094079971313	0.0		False	True	False	1	100.94750940799713
S1-280936763	S3-610536355		0.0	9.0	0.9449592232704163	0.0		False	True	False	1	100.94495922327042
S1-280936763	S3-768772995		0.0	11.0	0.9441794157028198	0.0		False	True	False	1	100.94417941570282
S1-280936763	S3-483958914		0.0	14.0	0.9398049712181091	0.0		False	True	False	1	100.93980497121811
S1-280936763	S3-573605691		0.0	17.0	0.937954306602478	0.0		False	True	False	1	100.93795430660248
S1-280936763	S3-662721327		0.0	20.0	0.9358958005905151	0.0		False	True	False	1	100.93589580059052
S1-280936763	S3-150632472		0.0	23.0	0.934785783290863	0.0		False	True	False	1	100.93478578329086
S1-280936763	S3-219041197		0.0	25.0	0.9328823685646057	0.0		False	True	False	1	100.9328823685646
S1-280936763	S3-760959067		0.0	26.0	0.9320618510246277	0.0		False	True	False	1	100.93206185102463
S1-280936763	S3-185659081		0.0	27.0	0.9316428899765015	0.0		False	True	False	1	100.9316428899765
S1-280936763	S3-367901084		0.0	28.0	0.9304854869842529	0.0		False	True	False	1	100.93048548698425
S1-280936763	S3-819001322		0.0	29.0	0.9302021265029907	0.0		False	True	False	1	100.93020212650299
S1-999165514	S2-578788567	1.0	0.6365324258804321		0.0	0.0		True	False	False	1	100.63653242588043
S1-999165514	S2-779040268	2.0	0.6243219375610352		0.0	0.0		True	False	False	1	100.62432193756104
S1-999165514	S2-357438552	3.0	0.5471739768981934		0.0	0.0		True	False	False	1	100.5471739768982
S1-999165514	S2-537184954	4.0	0.5293289422988892		0.0	0.0		True	False	False	1	100.52932894229889
S1-999165514	S2-600460285	5.0	0.5198899507522583		0.0	0.0		True	False	False	1	100.51988995075226
S1-999165514	S2-591078525	6.0	0.5079269409179688		0.0	0.0		True	False	False	1	100.50792694091797
S1-999165514	S2-785042722	7.0	0.5058640241622925	21.0	0.8848278522491455	0.0		True	True	False	2	201.39069187641144
S1-999165514	S2-875724478	8.0	0.5029353499412537		0.0	0.0		True	False	False	1	100.50293534994125
S1-999165514	S2-495461061	9.0	0.49906930327415466		0.0	0.0		True	False	False	1	100.49906930327415
S1-999165514	S2-530685908	10.0	0.49291911721229553		0.0	0.0		True	False	False	1	100.4929191172123
S1-999165514	S2-905827553	11.0	0.48430106043815613		0.0	0.0		True	False	False	1	100.48430106043816
S1-999165514	S2-999853272	12.0	0.483010470867157		0.0	0.0		True	False	False	1	100.48301047086716
S1-999165514	S2-787861634	13.0	0.4794829487800598		0.0	0.0		True	False	False	1	100.47948294878006
S1-999165514	S2-913930320	14.0	0.4768214225769043		0.0	0.0		True	False	False	1	100.4768214225769
S1-999165514	S2-223826524	15.0	0.47556471824645996	9.0	0.8937649726867676	0.0		True	True	False	2	201.36932969093323
S1-999165514	S2-634571997	16.0	0.4732280969619751	10.0	0.8934948444366455	0.0		True	True	False	2	201.36672294139862
S1-999165514	S2-304177076	17.0	0.46799296140670776		0.0	0.0		True	False	False	1	100.46799296140671
S1-999165514	S2-210791875	18.0	0.46047061681747437	11.0	0.8930758833885193	0.0		True	True	False	2	201.353546500206
S1-999165514	S2-292567038	19.0	0.45184579491615295		0.0	0.0		True	False	False	1	100.45184579491615
S1-999165514	S2-742077842	20.0	0.44921618700027466		0.0	0.0		True	False	False	1	100.44921618700027
S1-999165514	S2-317480348	21.0	0.447595477104187	30.0	0.8801990747451782	0.0		True	True	False	2	201.32779455184937
S1-999165514	S2-485885002	22.0	0.44406986236572266		0.0	0.0		True	False	False	1	100.44406986236572
S1-999165514	S2-809665812	23.0	0.4395303726196289		0.0	0.0		True	False	False	1	100.43953037261963
S1-999165514	S2-956479781	24.0	0.4357229471206665	5.0	0.8989849090576172	0.0		True	True	False	2	201.33470785617828
S1-999165514	S2-767997013	25.0	0.43225064873695374		0.0	0.0		True	False	False	1	100.43225064873695
S1-999165514	S2-910351373	26.0	0.4294332265853882	23.0	0.8841602206230164	0.0		True	True	False	2	201.3135934472084
S1-999165514	S2-440948455	27.0	0.42847201228141785	4.0	0.9054341912269592	0.0		True	True	False	2	201.33390620350838
S1-999165514	S2-562037907	28.0	0.4251764416694641		0.0	0.0		True	False	False	1	100.42517644166946
S1-999165514	S2-192345572	29.0	0.4213253855705261		0.0	0.0		True	False	False	1	100.42132538557053
S1-999165514	S2-919241341	30.0	0.41838961839675903		0.0	0.0		True	False	False	1	100.41838961839676
S1-999165514	S3-811459169	1.0	0.5689548254013062		0.0	0.0		True	False	False	1	100.5689548254013
S1-999165514	S3-374810425	2.0	0.5451456308364868	8.0	0.8985515236854553	0.0		True	True	False	2	201.44369715452194
S1-999165514	S3-218566871	3.0	0.5231384634971619		0.0	0.0		True	False	False	1	100.52313846349716
S1-999165514	S3-361863410	4.0	0.522437572479248		0.0	0.0		True	False	False	1	100.52243757247925
S1-999165514	S3-170975522	5.0	0.5187159776687622	11.0	0.8959980607032776	0.0		True	True	False	2	201.41471403837204
S1-999165514	S3-580736465	6.0	0.5145400166511536		0.0	0.0		True	False	False	1	100.51454001665115
S1-999165514	S3-610536355	7.0	0.5141236782073975	22.0	0.8826636075973511	0.0		True	True	False	2	201.39678728580475
S1-999165514	S3-158901285	8.0	0.50900799036026		0.0	0.0		True	False	False	1	100.50900799036026
S1-999165514	S3-867263634	9.0	0.506877064704895		0.0	0.0		True	False	False	1	100.5068770647049
S1-999165514	S3-877919199	10.0	0.5059549808502197	5.0	0.9032981395721436	0.0		True	True	False	2	201.40925312042236
S1-999165514	S3-517069981	11.0	0.495614230632782	6.0	0.9030406475067139	0.0		True	True	False	2	201.3986548781395
S1-999165514	S3-219041197	12.0	0.4908755123615265		0.0	0.0		True	False	False	1	100.49087551236153
S1-999165514	S3-250853646	13.0	0.486320823431015		0.0	0.0		True	False	False	1	100.48632082343102
S1-999165514	S3-159233685	14.0	0.47926798462867737		0.0	0.0		True	False	False	1	100.47926798462868
S1-999165514	S3-250324284	15.0	0.47851628065109253		0.0	0.0		True	False	False	1	100.47851628065109
S1-999165514	S3-125349995	16.0	0.47723615169525146		0.0	0.0		True	False	False	1	100.47723615169525
S1-999165514	S3-961421742	17.0	0.4750872850418091		0.0	0.0		True	False	False	1	100.47508728504181
S1-999165514	S3-895598264	18.0	0.4744970202445984	3.0	0.9167723655700684	0.0		True	True	False	2	201.39126938581467
S1-999165514	S3-464265492	19.0	0.47110581398010254		0.0	0.0		True	False	False	1	100.4711058139801
S1-999165514	S3-960416326	20.0	0.46900540590286255		0.0	0.0		True	False	False	1	100.46900540590286
S1-999165514	S3-264170444	21.0	0.4668785631656647		0.0	0.0		True	False	False	1	100.46687856316566
S1-999165514	S3-288440193	22.0	0.46629101037979126		0.0	0.0		True	False	False	1	100.46629101037979
S1-999165514	S3-853414998	23.0	0.459192156791687		0.0	0.0		True	False	False	1	100.45919215679169
S1-999165514	S3-536202929	24.0	0.45822179317474365		0.0	0.0		True	False	False	1	100.45822179317474
S1-999165514	S3-560657213	25.0	0.4558945298194885	30.0	0.8766263127326965	0.0		True	True	False	2	201.33252084255219
S1-999165514	S3-162993152	26.0	0.45435720682144165		0.0	0.0		True	False	False	1	100.45435720682144
S1-999165514	S3-73958887	27.0	0.4458918869495392		0.0	0.0		True	False	False	1	100.44589188694954
S1-999165514	S3-611681699	28.0	0.44536012411117554		0.0	0.0		True	False	False	1	100.44536012411118
S1-999165514	S3-173398261	29.0	0.4441460371017456	28.0	0.878018319606781	0.0		True	True	False	2	201.32216435670853
S1-999165514	S3-577972146	30.0	0.4418063759803772		0.0	0.0		True	False	False	1	100.44180637598038
S1-999165514	S2-654270940		0.0	1.0	0.9342300295829773	0.0		False	True	False	1	100.93423002958298
S1-999165514	S2-658886344		0.0	2.0	0.9294957518577576	0.0		False	True	False	1	100.92949575185776
S1-999165514	S2-378851466		0.0	3.0	0.9198468923568726	0.0		False	True	False	1	100.91984689235687
S1-999165514	S2-222871632		0.0	6.0	0.8985493183135986	0.0		False	True	False	1	100.8985493183136
S1-999165514	S2-784442772		0.0	7.0	0.894912600517273	0.0		False	True	False	1	100.89491260051727
S1-999165514	S2-476476786		0.0	8.0	0.8938316106796265	0.0		False	True	False	1	100.89383161067963
S1-999165514	S2-495604525		0.0	12.0	0.8918299674987793	0.0		False	True	False	1	100.89182996749878
S1-999165514	S2-340420883		0.0	13.0	0.8896742463111877	0.0		False	True	False	1	100.88967424631119
S1-999165514	S2-37424835		0.0	14.0	0.8876490592956543	0.0		False	True	False	1	100.88764905929565
S1-999165514	S2-576201028		0.0	15.0	0.8872056007385254	0.0		False	True	False	1	100.88720560073853
S1-999165514	S2-592412285		0.0	16.0	0.8868832588195801	0.0		False	True	False	1	100.88688325881958
S1-999165514	S2-594115095		0.0	17.0	0.8857301473617554	0.0		False	True	False	1	100.88573014736176
S1-999165514	S2-729157829		0.0	18.0	0.8857267498970032	0.0		False	True	False	1	100.885726749897
S1-999165514	S2-744098365		0.0	19.0	0.8849160075187683	0.0		False	True	False	1	100.88491600751877
S1-999165514	S2-715460557		0.0	20.0	0.8848456144332886	0.0		False	True	False	1	100.88484561443329
S1-999165514	S2-566025912		0.0	22.0	0.8845146894454956	0.0		False	True	False	1	100.8845146894455
S1-999165514	S2-938316135		0.0	24.0	0.8840909600257874	0.0		False	True	False	1	100.88409096002579
S1-999165514	S2-504393659		0.0	25.0	0.8837286829948425	0.0		False	True	False	1	100.88372868299484
S1-999165514	S2-550697952		0.0	26.0	0.8827349543571472	0.0		False	True	False	1	100.88273495435715
S1-999165514	S2-375151053		0.0	27.0	0.881216287612915	0.0		False	True	False	1	100.88121628761292
S1-999165514	S2-89663826		0.0	28.0	0.8803130388259888	0.0		False	True	False	1	100.88031303882599
S1-999165514	S2-884102769		0.0	29.0	0.8802923560142517	0.0		False	True	False	1	100.88029235601425
S1-999165514	S3-86143878		0.0	1.0	0.9604915976524353	0.0		False	True	False	1	100.96049159765244
S1-999165514	S3-369430171		0.0	2.0	0.9394375085830688	0.0		False	True	False	1	100.93943750858307
S1-999165514	S3-483958914		0.0	4.0	0.9088916182518005	0.0		False	True	False	1	100.9088916182518
S1-999165514	S3-760959067		0.0	7.0	0.8988707661628723	0.0		False	True	False	1	100.89887076616287
S1-999165514	S3-115653125		0.0	9.0	0.8964940309524536	0.0		False	True	False	1	100.89649403095245
S1-999165514	S3-825495383		0.0	10.0	0.8960798978805542	0.0		False	True	False	1	100.89607989788055
S1-999165514	S3-185659081		0.0	12.0	0.8944199085235596	0.0		False	True	False	1	100.89441990852356
S1-999165514	S3-227725397		0.0	13.0	0.8935749530792236	0.0		False	True	False	1	100.89357495307922
S1-999165514	S3-469272577		0.0	14.0	0.8926494121551514	0.0		False	True	False	1	100.89264941215515
S1-999165514	S3-934627663		0.0	15.0	0.8916109800338745	0.0		False	True	False	1	100.89161098003387
S1-999165514	S3-64079929		0.0	16.0	0.8908222317695618	0.0		False	True	False	1	100.89082223176956
S1-999165514	S3-150632472		0.0	17.0	0.8900920152664185	0.0		False	True	False	1	100.89009201526642
S1-999165514	S3-768772995		0.0	18.0	0.8878001570701599	0.0		False	True	False	1	100.88780015707016
S1-999165514	S3-556228627		0.0	19.0	0.8870237469673157	0.0		False	True	False	1	100.88702374696732
S1-999165514	S3-75604340		0.0	20.0	0.8860411047935486	0.0		False	True	False	1	100.88604110479355
S1-999165514	S3-468731115		0.0	21.0	0.8858284950256348	0.0		False	True	False	1	100.88582849502563
S1-999165514	S3-340374288		0.0	23.0	0.882523775100708	0.0		False	True	False	1	100.88252377510071
S1-999165514	S3-573605691		0.0	24.0	0.8814913034439087	0.0		False	True	False	1	100.88149130344391
S1-999165514	S3-289567021		0.0	25.0	0.8807569742202759	0.0		False	True	False	1	100.88075697422028
S1-999165514	S3-221443476		0.0	26.0	0.8798336386680603	0.0		False	True	False	1	100.87983363866806
S1-999165514	S3-521783865		0.0	27.0	0.8782347440719604	0.0		False	True	False	1	100.87823474407196
S1-999165514	S3-995796854		0.0	29.0	0.8778797388076782	0.0		False	True	False	1	100.87787973880768
S1-395055615	S2-412565852	1.0	0.5730923414230347	23.0	0.9329692721366882	0.0		True	True	False	2	201.50606161355972
S1-395055615	S2-193013091	2.0	0.5488587617874146		0.0	0.0		True	False	False	1	100.54885876178741
S1-395055615	S2-375151053	3.0	0.5423867106437683	3.0	0.9603127241134644	0.0		True	True	False	2	201.50269943475723
S1-395055615	S2-560710588	4.0	0.5299702286720276	10.0	0.9487370848655701	0.0		True	True	False	2	201.4787073135376
S1-395055615	S2-37424835	5.0	0.5286895036697388	2.0	0.9656020998954773	0.0		True	True	False	2	201.49429160356522
S1-395055615	S2-84473557	6.0	0.521059513092041		0.0	0.0		True	False	False	1	100.52105951309204
S1-395055615	S2-578484139	7.0	0.49308663606643677		0.0	0.0		True	False	False	1	100.49308663606644
S1-395055615	S2-210791875	8.0	0.48754242062568665		0.0	0.0		True	False	False	1	100.48754242062569
S1-395055615	S2-956479781	9.0	0.4816998243331909		0.0	0.0		True	False	False	1	100.48169982433319
S1-395055615	S2-786671109	10.0	0.4793347418308258		0.0	0.0		True	False	False	1	100.47933474183083
S1-395055615	S2-229677112	11.0	0.47509005665779114		0.0	0.0		True	False	False	1	100.47509005665779
S1-395055615	S2-583840796	12.0	0.4623015522956848		0.0	0.0		True	False	False	1	100.46230155229568
S1-395055615	S2-378846408	13.0	0.4507119953632355	20.0	0.9418796300888062	0.0		True	True	False	2	201.39259162545204
S1-395055615	S2-744098365	14.0	0.44871896505355835	19.0	0.9429360032081604	0.0		True	True	False	2	201.39165496826172
S1-395055615	S2-119647643	15.0	0.44547802209854126	6.0	0.9560136198997498	0.0		True	True	False	2	201.4014916419983
S1-395055615	S2-449438476	16.0	0.44301146268844604	4.0	0.9592226147651672	0.0		True	True	False	2	201.4022340774536
S1-395055615	S2-559669701	17.0	0.43573829531669617	29.0	0.9266509413719177	0.0		True	True	False	2	201.3623892366886
S1-395055615	S2-268861424	18.0	0.42493176460266113		0.0	0.0		True	False	False	1	100.42493176460266
S1-395055615	S2-485885002	19.0	0.4233897924423218		0.0	0.0		True	False	False	1	100.42338979244232
S1-395055615	S2-434748052	20.0	0.41940003633499146		0.0	0.0		True	False	False	1	100.41940003633499
S1-395055615	S2-504393659	21.0	0.4159567952156067		0.0	0.0		True	False	False	1	100.4159567952156
S1-395055615	S2-729157829	22.0	0.4099826514720917	9.0	0.9515697956085205	0.0		True	True	False	2	201.3615524470806
S1-395055615	S2-17102176	23.0	0.4088716506958008		0.0	0.0		True	False	False	1	100.4088716506958
S1-395055615	S2-537184954	24.0	0.40880459547042847		0.0	0.0		True	False	False	1	100.40880459547043
S1-395055615	S2-463756409	25.0	0.40846410393714905		0.0	0.0		True	False	False	1	100.40846410393715
S1-395055615	S2-809665812	26.0	0.40748417377471924	12.0	0.9483194351196289	0.0		True	True	False	2	201.35580360889435
S1-395055615	S2-416136682	27.0	0.4056209921836853	11.0	0.9487287998199463	0.0		True	True	False	2	201.35434979200363
S1-395055615	S2-913930320	28.0	0.39950302243232727		0.0	0.0		True	False	False	1	100.39950302243233
S1-395055615	S2-823489243	29.0	0.3949267864227295	13.0	0.9475379586219788	0.0		True	True	False	2	201.3424647450447
S1-395055615	S2-89663826	30.0	0.39286941289901733	1.0	0.97313392162323	0.0		True	True	False	2	201.36600333452225
S1-395055615	S3-98186645	1.0	0.5186488628387451		0.0	0.0		True	False	False	1	100.51864886283875
S1-395055615	S3-367901084	2.0	0.4914855360984802	18.0	0.9349678158760071	0.0		True	True	False	2	201.4264533519745
S1-395055615	S3-995796854	3.0	0.47603631019592285	17.0	0.93632572889328	0.0		True	True	False	2	201.4123620390892
S1-395055615	S3-819001322	4.0	0.46715837717056274		0.0	0.0		True	False	False	1	100.46715837717056
S1-395055615	S3-184174096	5.0	0.4599260687828064	6.0	0.9558382630348206	0.0		True	True	False	2	201.41576433181763
S1-395055615	S3-185659081	6.0	0.4559491276741028	5.0	0.9591248035430908	0.0		True	True	False	2	201.4150739312172
S1-395055615	S3-937140604	7.0	0.4523807168006897	29.0	0.9175779819488525	0.0		True	True	False	2	201.36995869874954
S1-395055615	S3-22088661	8.0	0.44900012016296387	13.0	0.9462199211120605	0.0		True	True	False	2	201.39522004127502
S1-395055615	S3-162993152	9.0	0.44324320554733276		0.0	0.0		True	False	False	1	100.44324320554733
S1-395055615	S3-159233685	10.0	0.44181638956069946		0.0	0.0		True	False	False	1	100.4418163895607
S1-395055615	S3-221443476	11.0	0.4410572648048401	19.0	0.9322139620780945	0.0		True	True	False	2	201.37327122688293
S1-395055615	S3-380741339	12.0	0.4331109821796417	16.0	0.938263475894928	0.0		True	True	False	2	201.37137445807457
S1-395055615	S3-610536355	13.0	0.4317004382610321	23.0	0.9247899055480957	0.0		True	True	False	2	201.35649034380913
S1-395055615	S3-150632472	14.0	0.43024957180023193	2.0	0.9620950818061829	0.0		True	True	False	2	201.39234465360641
S1-395055615	S3-340374288	15.0	0.42969149351119995	14.0	0.942713737487793	0.0		True	True	False	2	201.372405230999
S1-395055615	S3-768772995	16.0	0.4256671071052551	25.0	0.9214210510253906	0.0		True	True	False	2	201.34708815813065
S1-395055615	S3-436480804	17.0	0.4240298271179199		0.0	0.0		True	False	False	1	100.42402982711792
S1-395055615	S3-521783865	18.0	0.4222194254398346	27.0	0.9187678694725037	0.0		True	True	False	2	201.34098729491234
S1-395055615	S3-797381132	19.0	0.41967034339904785		0.0	0.0		True	False	False	1	100.41967034339905
S1-395055615	S3-877919199	20.0	0.416923850774765		0.0	0.0		True	False	False	1	100.41692385077477
S1-395055615	S3-668629842	21.0	0.4150260090827942	8.0	0.9540844559669495	0.0		True	True	False	2	201.36911046504974
S1-395055615	S3-227725397	22.0	0.4108487069606781	9.0	0.9524779319763184	0.0		True	True	False	2	201.363326638937
S1-395055615	S3-416247723	23.0	0.40335994958877563	20.0	0.9303504228591919	0.0		True	True	False	2	201.33371037244797
S1-395055615	S3-191842349	24.0	0.40334874391555786		0.0	0.0		True	False	False	1	100.40334874391556
S1-395055615	S3-760959067	25.0	0.4028858244419098	7.0	0.9544674158096313	0.0		True	True	False	2	201.35735324025154
S1-395055615	S3-797337828	26.0	0.40287283062934875	4.0	0.9592932462692261	0.0		True	True	False	2	201.36216607689857
S1-395055615	S3-125349995	27.0	0.3987947702407837		0.0	0.0		True	False	False	1	100.39879477024078
S1-395055615	S3-604980231	28.0	0.39797884225845337		0.0	0.0		True	False	False	1	100.39797884225845
S1-395055615	S3-652287374	29.0	0.39729905128479004		0.0	0.0		True	False	False	1	100.39729905128479
S1-395055615	S3-265204232	30.0	0.3962090313434601	21.0	0.9284416437149048	0.0		True	True	False	2	201.32465067505836
S1-395055615	S2-340420883		0.0	5.0	0.9573896527290344	0.0		False	True	False	1	100.95738965272903
S1-395055615	S2-222871632		0.0	7.0	0.9559902548789978	0.0		False	True	False	1	100.955990254879
S1-395055615	S2-476476786		0.0	8.0	0.9557223320007324	0.0		False	True	False	1	100.95572233200073
S1-395055615	S2-481572644		0.0	14.0	0.9473062753677368	0.0		False	True	False	1	100.94730627536774
S1-395055615	S2-726058757		0.0	15.0	0.9464454650878906	0.0		False	True	False	1	100.94644546508789
S1-395055615	S2-884102769		0.0	16.0	0.9453875422477722	0.0		False	True	False	1	100.94538754224777
S1-395055615	S2-495604525		0.0	17.0	0.9438744187355042	0.0		False	True	False	1	100.9438744187355
S1-395055615	S2-938316135		0.0	18.0	0.943435549736023	0.0		False	True	False	1	100.94343554973602
S1-395055615	S2-400190057		0.0	21.0	0.9383165836334229	0.0		False	True	False	1	100.93831658363342
S1-395055615	S2-440948455		0.0	22.0	0.9353755712509155	0.0		False	True	False	1	100.93537557125092
S1-395055615	S2-784442772		0.0	24.0	0.9320332407951355	0.0		False	True	False	1	100.93203324079514
S1-395055615	S2-715460557		0.0	25.0	0.9305133819580078	0.0		False	True	False	1	100.93051338195801
S1-395055615	S2-160823657		0.0	26.0	0.9301406145095825	0.0		False	True	False	1	100.93014061450958
S1-395055615	S2-933724724		0.0	27.0	0.9297088980674744	0.0		False	True	False	1	100.92970889806747
S1-395055615	S2-258890831		0.0	28.0	0.9274858832359314	0.0		False	True	False	1	100.92748588323593
S1-395055615	S2-917258438		0.0	30.0	0.9264698624610901	0.0		False	True	False	1	100.92646986246109
S1-395055615	S3-289567021		0.0	1.0	0.9670994281768799	0.0		False	True	False	1	100.96709942817688
S1-395055615	S3-75604340		0.0	3.0	0.9598400592803955	0.0		False	True	False	1	100.9598400592804
S1-395055615	S3-374810425		0.0	10.0	0.9514009356498718	0.0		False	True	False	1	100.95140093564987
S1-395055615	S3-573605691		0.0	11.0	0.9481188654899597	0.0		False	True	False	1	100.94811886548996
S1-395055615	S3-469272577		0.0	12.0	0.9468430280685425	0.0		False	True	False	1	100.94684302806854
S1-395055615	S3-468731115		0.0	15.0	0.9382728934288025	0.0		False	True	False	1	100.9382728934288
S1-395055615	S3-715117209		0.0	22.0	0.9254714250564575	0.0		False	True	False	1	100.92547142505646
S1-395055615	S3-556228627		0.0	24.0	0.9235804080963135	0.0		False	True	False	1	100.92358040809631
S1-395055615	S3-517069981		0.0	26.0	0.9196556210517883	0.0		False	True	False	1	100.91965562105179
S1-395055615	S3-22321512		0.0	28.0	0.9185579419136047	0.0		False	True	False	1	100.9185579419136
S1-395055615	S3-389830698		0.0	30.0	0.9170390367507935	0.0		False	True	False	1	100.9170390367508
S1-862701045	S2-229677112	1.0	0.6520556807518005		0.0	0.0		True	False	False	1	100.6520556807518
S1-862701045	S2-787861634	2.0	0.5904572010040283		0.0	0.0		True	False	False	1	100.59045720100403
S1-862701045	S2-600460285	3.0	0.5715731978416443	17.0	0.959477961063385	0.0		True	True	False	2	201.53105115890503
S1-862701045	S2-304177076	4.0	0.5683538913726807		0.0	0.0		True	False	False	1	100.56835389137268
S1-862701045	S2-317480348	5.0	0.5599377751350403		0.0	0.0		True	False	False	1	100.55993777513504
S1-862701045	S2-784442772	6.0	0.5561113357543945	4.0	0.9670252799987793	0.0		True	True	False	2	201.52313661575317
S1-862701045	S2-785042722	7.0	0.5515758991241455	2.0	0.9724714159965515	0.0		True	True	False	2	201.5240473151207
S1-862701045	S2-786671109	8.0	0.5512783527374268		0.0	0.0		True	False	False	1	100.55127835273743
S1-862701045	S2-905827553	9.0	0.5435018539428711		0.0	0.0		True	False	False	1	100.54350185394287
S1-862701045	S2-495461061	10.0	0.5411891937255859		0.0	0.0		True	False	False	1	100.54118919372559
S1-862701045	S2-485885002	11.0	0.5338197946548462		0.0	0.0		True	False	False	1	100.53381979465485
S1-862701045	S2-77137709	12.0	0.533045768737793	12.0	0.961784839630127	0.0		True	True	False	2	201.49483060836792
S1-862701045	S2-634571997	13.0	0.53287672996521		0.0	0.0		True	False	False	1	100.53287672996521
S1-862701045	S2-956479781	14.0	0.5297168493270874		0.0	0.0		True	False	False	1	100.52971684932709
S1-862701045	S2-910351373	15.0	0.5290846824645996	19.0	0.9572243094444275	0.0		True	True	False	2	201.48630899190903
S1-862701045	S2-742077842	16.0	0.5173901319503784		0.0	0.0		True	False	False	1	100.51739013195038
S1-862701045	S2-434748052	17.0	0.5143804550170898		0.0	0.0		True	False	False	1	100.51438045501709
S1-862701045	S2-530685908	18.0	0.5131872296333313	6.0	0.9664661884307861	0.0		True	True	False	2	201.47965341806412
S1-862701045	S2-913930320	19.0	0.5108730792999268		0.0	0.0		True	False	False	1	100.51087307929993
S1-862701045	S2-501534718	20.0	0.5069020986557007	25.0	0.9553357362747192	0.0		True	True	False	2	201.46223783493042
S1-862701045	S2-192345572	21.0	0.5029987096786499	21.0	0.956203818321228	0.0		True	True	False	2	201.45920252799988
S1-862701045	S2-292567038	22.0	0.4916501045227051		0.0	0.0		True	False	False	1	100.4916501045227
S1-862701045	S2-357438552	23.0	0.4900883436203003		0.0	0.0		True	False	False	1	100.4900883436203
S1-862701045	S2-767997013	24.0	0.48556065559387207	11.0	0.9625856876373291	0.0		True	True	False	2	201.4481463432312
S1-862701045	S2-779040268	25.0	0.4752282500267029		0.0	0.0		True	False	False	1	100.4752282500267
S1-862701045	S2-591078525	26.0	0.4711339473724365		0.0	0.0		True	False	False	1	100.47113394737244
S1-862701045	S2-166809876	27.0	0.4703722298145294		0.0	0.0		True	False	False	1	100.47037222981453
S1-862701045	S2-537184954	28.0	0.4615696966648102		0.0	0.0		True	False	False	1	100.46156969666481
S1-862701045	S2-875724478	29.0	0.4557439684867859		0.0	0.0		True	False	False	1	100.45574396848679
S1-862701045	S2-578788567	30.0	0.45505887269973755	28.0	0.9541029930114746	0.0		True	True	False	2	201.4091618657112
S1-862701045	S3-464265492	1.0	0.7183394432067871	22.0	0.9539623260498047	0.0		True	True	False	2	201.6723017692566
S1-862701045	S3-18976400	2.0	0.6012171506881714	28.0	0.9488097429275513	0.0		True	True	False	2	201.55002689361572
S1-862701045	S3-191842349	3.0	0.5878270864486694		0.0	0.0		True	False	False	1	100.58782708644867
S1-862701045	S3-227725397	4.0	0.5855779647827148		0.0	0.0		True	False	False	1	100.58557796478271
S1-862701045	S3-825495383	5.0	0.5820661187171936		0.0	0.0		True	False	False	1	100.5820661187172
S1-862701045	S3-288440193	6.0	0.5667831897735596	1.0	0.9791156053543091	0.0		True	True	False	2	201.54589879512787
S1-862701045	S3-289697426	7.0	0.5633358955383301		0.0	0.0		True	False	False	1	100.56333589553833
S1-862701045	S3-652287374	8.0	0.5572024583816528		0.0	0.0		True	False	False	1	100.55720245838165
S1-862701045	S3-662721327	9.0	0.5526914000511169	2.0	0.975949764251709	0.0		True	True	False	2	201.52864116430283
S1-862701045	S3-159233685	10.0	0.5525977611541748		0.0	0.0		True	False	False	1	100.55259776115417
S1-862701045	S3-219041197	11.0	0.5488119125366211		0.0	0.0		True	False	False	1	100.54881191253662
S1-862701045	S3-127741306	12.0	0.5473482608795166	26.0	0.9503382444381714	0.0		True	True	False	2	201.4976865053177
S1-862701045	S3-374810425	13.0	0.5369757413864136		0.0	0.0		True	False	False	1	100.53697574138641
S1-862701045	S3-483958914	14.0	0.5366058349609375		0.0	0.0		True	False	False	1	100.53660583496094
S1-862701045	S3-604980231	15.0	0.535228967666626		0.0	0.0		True	False	False	1	100.53522896766663
S1-862701045	S3-264170444	16.0	0.5323634147644043		0.0	0.0		True	False	False	1	100.5323634147644
S1-862701045	S3-361863410	17.0	0.52727210521698		0.0	0.0		True	False	False	1	100.52727210521698
S1-862701045	S3-688194826	18.0	0.5272061824798584	24.0	0.9526083469390869	0.0		True	True	False	2	201.47981452941895
S1-862701045	S3-10300249	19.0	0.5230340957641602		0.0	0.0		True	False	False	1	100.52303409576416
S1-862701045	S3-250324284	20.0	0.5212560296058655		0.0	0.0		True	False	False	1	100.52125602960587
S1-862701045	S3-580736465	21.0	0.5202555060386658		0.0	0.0		True	False	False	1	100.52025550603867
S1-862701045	S3-811459169	22.0	0.517798125743866		0.0	0.0		True	False	False	1	100.51779812574387
S1-862701045	S3-536202929	23.0	0.5126515626907349	6.0	0.9704648852348328	0.0		True	True	False	2	201.48311644792557
S1-862701045	S3-115653125	24.0	0.5092281699180603		0.0	0.0		True	False	False	1	100.50922816991806
S1-862701045	S3-895598264	25.0	0.5091419219970703	19.0	0.9576762914657593	0.0		True	True	False	2	201.46681821346283
S1-862701045	S3-462677478	26.0	0.5078470706939697		0.0	0.0		True	False	False	1	100.50784707069397
S1-862701045	S3-158901285	27.0	0.5068321228027344	21.0	0.9540790319442749	0.0		True	True	False	2	201.460911154747
S1-862701045	S3-436480804	28.0	0.505088210105896	25.0	0.9519813060760498	0.0		True	True	False	2	201.45706951618195
S1-862701045	S3-323904182	29.0	0.5048485994338989	30.0	0.9474689364433289	0.0		True	True	False	2	201.45231753587723
S1-862701045	S3-819001322	30.0	0.5017497539520264	11.0	0.9667271375656128	0.0		True	True	False	2	201.46847689151764
S1-862701045	S2-592412285		0.0	1.0	0.9736063480377197	0.0		False	True	False	1	100.97360634803772
S1-862701045	S2-210791875		0.0	3.0	0.9683921337127686	0.0		False	True	False	1	100.96839213371277
S1-862701045	S2-223826524		0.0	5.0	0.9666585326194763	0.0		False	True	False	1	100.96665853261948
S1-862701045	S2-638268338		0.0	7.0	0.964519202709198	0.0		False	True	False	1	100.9645192027092
S1-862701045	S2-647447093		0.0	8.0	0.96428382396698	0.0		False	True	False	1	100.96428382396698
S1-862701045	S2-715460557		0.0	9.0	0.9641084671020508	0.0		False	True	False	1	100.96410846710205
S1-862701045	S2-933865098		0.0	10.0	0.9627875685691833	0.0		False	True	False	1	100.96278756856918
S1-862701045	S2-305637735		0.0	13.0	0.9600068926811218	0.0		False	True	False	1	100.96000689268112
S1-862701045	S2-193013091		0.0	14.0	0.9598420262336731	0.0		False	True	False	1	100.95984202623367
S1-862701045	S2-262646344		0.0	15.0	0.9597766399383545	0.0		False	True	False	1	100.95977663993835
S1-862701045	S2-744098365		0.0	16.0	0.9597089290618896	0.0		False	True	False	1	100.95970892906189
S1-862701045	S2-578484139		0.0	18.0	0.9594154953956604	0.0		False	True	False	1	100.95941549539566
S1-862701045	S2-258890831		0.0	20.0	0.9570342302322388	0.0		False	True	False	1	100.95703423023224
S1-862701045	S2-594115095		0.0	22.0	0.9560927748680115	0.0		False	True	False	1	100.95609277486801
S1-862701045	S2-701289183		0.0	23.0	0.9556406140327454	0.0		False	True	False	1	100.95564061403275
S1-862701045	S2-412565852		0.0	24.0	0.9554752111434937	0.0		False	True	False	1	100.9554752111435
S1-862701045	S2-742018880		0.0	26.0	0.9550414085388184	0.0		False	True	False	1	100.95504140853882
S1-862701045	S2-158121477		0.0	27.0	0.9546801447868347	0.0		False	True	False	1	100.95468014478683
S1-862701045	S2-583840796		0.0	29.0	0.9540836215019226	0.0		False	True	False	1	100.95408362150192
S1-862701045	S2-550697952		0.0	30.0	0.954017698764801	0.0		False	True	False	1	100.9540176987648
S1-862701045	S3-218566871		0.0	3.0	0.9753679037094116	0.0		False	True	False	1	100.97536790370941
S1-862701045	S3-695502221		0.0	4.0	0.9748802185058594	0.0		False	True	False	1	100.97488021850586
S1-862701045	S3-98186645		0.0	5.0	0.9715627431869507	0.0		False	True	False	1	100.97156274318695
S1-862701045	S3-577972146		0.0	7.0	0.9693813323974609	0.0		False	True	False	1	100.96938133239746
S1-862701045	S3-482581656		0.0	8.0	0.9688095450401306	0.0		False	True	False	1	100.96880954504013
S1-862701045	S3-125349995		0.0	9.0	0.9681180715560913	0.0		False	True	False	1	100.96811807155609
S1-862701045	S3-170975522		0.0	10.0	0.9670952558517456	0.0		False	True	False	1	100.96709525585175
S1-862701045	S3-526709055		0.0	12.0	0.9662342071533203	0.0		False	True	False	1	100.96623420715332
S1-862701045	S3-276427681		0.0	13.0	0.9658480286598206	0.0		False	True	False	1	100.96584802865982
S1-862701045	S3-389830698		0.0	14.0	0.9641915559768677	0.0		False	True	False	1	100.96419155597687
S1-862701045	S3-960416326		0.0	15.0	0.962372362613678	0.0		False	True	False	1	100.96237236261368
S1-862701045	S3-768772995		0.0	16.0	0.9613469243049622	0.0		False	True	False	1	100.96134692430496
S1-862701045	S3-797381132		0.0	17.0	0.9608716368675232	0.0		False	True	False	1	100.96087163686752
S1-862701045	S3-173398261		0.0	18.0	0.9591143727302551	0.0		False	True	False	1	100.95911437273026
S1-862701045	S3-367901084		0.0	20.0	0.9554803371429443	0.0		False	True	False	1	100.95548033714294
S1-862701045	S3-219844340		0.0	23.0	0.953566312789917	0.0		False	True	False	1	100.95356631278992
S1-862701045	S3-305215419		0.0	27.0	0.9497153759002686	0.0		False	True	False	1	100.94971537590027
S1-862701045	S3-610536355		0.0	29.0	0.9483197331428528	0.0		False	True	False	1	100.94831973314285
S1-674871004	S2-357438552	1.0	0.6486932635307312		0.0	0.0		True	False	False	1	100.64869326353073
S1-674871004	S2-787861634	2.0	0.6079394817352295	16.0	0.9270896911621094	0.0		True	True	False	2	201.53502917289734
S1-674871004	S2-223826524	3.0	0.6060394644737244	4.0	0.9372416734695435	0.0		True	True	False	2	201.54328113794327
S1-674871004	S2-785042722	4.0	0.5995582938194275	22.0	0.9234174489974976	0.0		True	True	False	2	201.52297574281693
S1-674871004	S2-495461061	5.0	0.5833731293678284		0.0	0.0		True	False	False	1	100.58337312936783
S1-674871004	S2-77137709	6.0	0.5819393992424011		0.0	0.0		True	False	False	1	100.5819393992424
S1-674871004	S2-537184954	7.0	0.5783828496932983		0.0	0.0		True	False	False	1	100.5783828496933
S1-674871004	S2-905827553	8.0	0.5782972574234009		0.0	0.0		True	False	False	1	100.5782972574234
S1-674871004	S2-934716922	9.0	0.5772306323051453		0.0	0.0		True	False	False	1	100.57723063230515
S1-674871004	S2-485885002	10.0	0.576833963394165		0.0	0.0		True	False	False	1	100.57683396339417
S1-674871004	S2-786671109	11.0	0.5724115371704102		0.0	0.0		True	False	False	1	100.57241153717041
S1-674871004	S2-304177076	12.0	0.5653150081634521		0.0	0.0		True	False	False	1	100.56531500816345
S1-674871004	S2-292567038	13.0	0.5651562809944153		0.0	0.0		True	False	False	1	100.56515628099442
S1-674871004	S2-530685908	14.0	0.5593020915985107		0.0	0.0		True	False	False	1	100.55930209159851
S1-674871004	S2-600460285	15.0	0.558684766292572	15.0	0.9276958703994751	0.0		True	True	False	2	201.48638063669205
S1-674871004	S2-578788567	16.0	0.5584961175918579		0.0	0.0		True	False	False	1	100.55849611759186
S1-674871004	S2-229677112	17.0	0.5560296773910522		0.0	0.0		True	False	False	1	100.55602967739105
S1-674871004	S2-634571997	18.0	0.5559278130531311		0.0	0.0		True	False	False	1	100.55592781305313
S1-674871004	S2-192345572	19.0	0.5557155609130859		0.0	0.0		True	False	False	1	100.55571556091309
S1-674871004	S2-956479781	20.0	0.5399684906005859	28.0	0.9202695488929749	0.0		True	True	False	2	201.46023803949356
S1-674871004	S2-501534718	21.0	0.5357072949409485		0.0	0.0		True	False	False	1	100.53570729494095
S1-674871004	S2-591078525	22.0	0.5289024710655212		0.0	0.0		True	False	False	1	100.52890247106552
S1-674871004	S2-654270940	23.0	0.522952139377594		0.0	0.0		True	False	False	1	100.5229521393776
S1-674871004	S2-913930320	24.0	0.5214083194732666		0.0	0.0		True	False	False	1	100.52140831947327
S1-674871004	S2-999853272	25.0	0.5189741253852844		0.0	0.0		True	False	False	1	100.51897412538528
S1-674871004	S2-742077842	26.0	0.5105935335159302		0.0	0.0		True	False	False	1	100.51059353351593
S1-674871004	S2-875724478	27.0	0.5085737109184265		0.0	0.0		True	False	False	1	100.50857371091843
S1-674871004	S2-592412285	28.0	0.5059633255004883	10.0	0.9309413433074951	0.0		True	True	False	2	201.43690466880798
S1-674871004	S2-550697952	29.0	0.5054230690002441		0.0	0.0		True	False	False	1	100.50542306900024
S1-674871004	S2-434748052	30.0	0.498813658952713		0.0	0.0		True	False	False	1	100.49881365895271
S1-674871004	S3-125349995	1.0	0.6439059376716614	11.0	0.9288562536239624	0.0		True	True	False	2	201.57276219129562
S1-674871004	S3-536202929	2.0	0.6278637051582336	1.0	0.9533970952033997	0.0		True	True	False	2	201.58126080036163
S1-674871004	S3-264170444	3.0	0.611895740032196		0.0	0.0		True	False	False	1	100.6118957400322
S1-674871004	S3-158901285	4.0	0.6025086641311646		0.0	0.0		True	False	False	1	100.60250866413116
S1-674871004	S3-462677478	5.0	0.5896302461624146		0.0	0.0		True	False	False	1	100.58963024616241
S1-674871004	S3-173398261	6.0	0.5870376825332642	3.0	0.9385075569152832	0.0		True	True	False	2	201.52554523944855
S1-674871004	S3-611681699	7.0	0.5869188904762268		0.0	0.0		True	False	False	1	100.58691889047623
S1-674871004	S3-219041197	8.0	0.585163950920105		0.0	0.0		True	False	False	1	100.5851639509201
S1-674871004	S3-825495383	9.0	0.5850579738616943		0.0	0.0		True	False	False	1	100.5850579738617
S1-674871004	S3-464265492	10.0	0.5841371417045593		0.0	0.16442307692307695	K1	True	False	True	2	200.74856021862763
S1-674871004	S3-652287374	11.0	0.5837867259979248		0.0	0.0		True	False	False	1	100.58378672599792
S1-674871004	S3-288440193	12.0	0.5823997259140015	2.0	0.9433795809745789	0.0		True	True	False	2	201.52577930688858
S1-674871004	S3-18976400	13.0	0.5800119638442993		0.0	0.0		True	False	False	1	100.5800119638443
S1-674871004	S3-895598264	14.0	0.5769925117492676	29.0	0.914958655834198	0.0		True	True	False	2	201.49195116758347
S1-674871004	S3-289697426	15.0	0.5723600387573242		0.0	0.0		True	False	False	1	100.57236003875732
S1-674871004	S3-811459169	16.0	0.5722595453262329		0.0	0.0		True	False	False	1	100.57225954532623
S1-674871004	S3-688194826	17.0	0.5712718963623047		0.0	0.0		True	False	False	1	100.5712718963623
S1-674871004	S3-610536355	18.0	0.5707630515098572	12.0	0.9282611608505249	0.0		True	True	False	2	201.49902421236038
S1-674871004	S3-853414998	19.0	0.5614716410636902		0.0	0.0		True	False	False	1	100.56147164106369
S1-674871004	S3-695502221	20.0	0.5570691227912903	23.0	0.9173247814178467	0.0		True	True	False	2	201.47439390420914
S1-674871004	S3-662721327	21.0	0.5563156604766846	26.0	0.9161568284034729	0.0		True	True	False	2	201.47247248888016
S1-674871004	S3-867263634	22.0	0.5559196472167969		0.0	0.0		True	False	False	1	100.5559196472168
S1-674871004	S3-218566871	23.0	0.5543711185455322	28.0	0.9152960777282715	0.0		True	True	False	2	201.4696671962738
S1-674871004	S3-374810425	24.0	0.5498378276824951	13.0	0.9275004267692566	0.0		True	True	False	2	201.47733825445175
S1-674871004	S3-580736465	25.0	0.5482142567634583		0.0	0.0		True	False	False	1	100.54821425676346
S1-674871004	S3-961421742	26.0	0.5448786020278931		0.0	0.0		True	False	False	1	100.5448786020279
S1-674871004	S3-577972146	27.0	0.5433230400085449	4.0	0.9363148212432861	0.0		True	True	False	2	201.47963786125183
S1-674871004	S3-127741306	28.0	0.5429873466491699		0.0	0.0		True	False	False	1	100.54298734664917
S1-674871004	S3-250853646	29.0	0.5373420715332031		0.0	0.0		True	False	False	1	100.5373420715332
S1-674871004	S3-170975522	30.0	0.5365171432495117	7.0	0.9309444427490234	0.0		True	True	False	2	201.46746158599854
S1-674871004	S2-566025912		0.0	1.0	0.9444842338562012	0.0		False	True	False	1	100.9444842338562
S1-674871004	S2-938316135		0.0	2.0	0.9432651996612549	0.0		False	True	False	1	100.94326519966125
S1-674871004	S2-463756409		0.0	3.0	0.9405790567398071	0.0		False	True	False	1	100.94057905673981
S1-674871004	S2-647447093		0.0	5.0	0.9359408020973206	0.0		False	True	False	1	100.93594080209732
S1-674871004	S2-170244057		0.0	6.0	0.9354883432388306	0.0		False	True	False	1	100.93548834323883
S1-674871004	S2-495604525		0.0	7.0	0.9346526861190796	0.0		False	True	False	1	100.93465268611908
S1-674871004	S2-440948455		0.0	8.0	0.9326342344284058	0.0		False	True	False	1	100.9326342344284
S1-674871004	S2-726058757		0.0	9.0	0.9321320652961731	0.0		False	True	False	1	100.93213206529617
S1-674871004	S2-258890831		0.0	11.0	0.9303784370422363	0.0		False	True	False	1	100.93037843704224
S1-674871004	S2-416136682		0.0	12.0	0.9290450215339661	0.0		False	True	False	1	100.92904502153397
S1-674871004	S2-559669701		0.0	13.0	0.9286400675773621	0.0		False	True	False	1	100.92864006757736
S1-674871004	S2-84473557		0.0	14.0	0.9278335571289062	0.0		False	True	False	1	100.9278335571289
S1-674871004	S2-784442772		0.0	17.0	0.9270209074020386	0.0		False	True	False	1	100.92702090740204
S1-674871004	S2-210791875		0.0	18.0	0.9263133406639099	0.0		False	True	False	1	100.92631334066391
S1-674871004	S2-917258438		0.0	19.0	0.925660252571106	0.0		False	True	False	1	100.9256602525711
S1-674871004	S2-767997013		0.0	20.0	0.9248989224433899	0.0		False	True	False	1	100.92489892244339
S1-674871004	S2-262646344		0.0	21.0	0.9236876964569092	0.0		False	True	False	1	100.92368769645691
S1-674871004	S2-715460557		0.0	23.0	0.9227766990661621	0.0		False	True	False	1	100.92277669906616
S1-674871004	S2-744098365		0.0	24.0	0.9227686524391174	0.0		False	True	False	1	100.92276865243912
S1-674871004	S2-800542765		0.0	25.0	0.9226356744766235	0.0		False	True	False	1	100.92263567447662
S1-674871004	S2-594115095		0.0	26.0	0.922472357749939	0.0		False	True	False	1	100.92247235774994
S1-674871004	S2-504393659		0.0	27.0	0.9213981628417969	0.0		False	True	False	1	100.9213981628418
S1-674871004	S2-742018880		0.0	29.0	0.9192529320716858	0.0		False	True	False	1	100.91925293207169
S1-674871004	S2-449438476		0.0	30.0	0.9191597700119019	0.0		False	True	False	1	100.9191597700119
S1-674871004	S3-768772995		0.0	5.0	0.9336042404174805	0.0		False	True	False	1	100.93360424041748
S1-674871004	S3-556228627		0.0	6.0	0.9327386021614075	0.0		False	True	False	1	100.93273860216141
S1-674871004	S3-960416326		0.0	8.0	0.93055260181427	0.0		False	True	False	1	100.93055260181427
S1-674871004	S3-367901084		0.0	9.0	0.9295200109481812	0.0		False	True	False	1	100.92952001094818
S1-674871004	S3-92755938		0.0	10.0	0.9292636513710022	0.0		False	True	False	1	100.929263651371
S1-674871004	S3-389830698		0.0	14.0	0.9262657165527344	0.0		False	True	False	1	100.92626571655273
S1-674871004	S3-162993152		0.0	15.0	0.9233196973800659	0.0		False	True	False	1	100.92331969738007
S1-674871004	S3-482581656		0.0	16.0	0.9230097532272339	0.0		False	True	False	1	100.92300975322723
S1-674871004	S3-995796854		0.0	17.0	0.9219235777854919	0.0		False	True	False	1	100.92192357778549
S1-674871004	S3-227725397		0.0	18.0	0.9217400550842285	0.0		False	True	False	1	100.92174005508423
S1-674871004	S3-159233685		0.0	19.0	0.9199916124343872	0.0		False	True	False	1	100.91999161243439
S1-674871004	S3-185659081		0.0	20.0	0.918953537940979	0.0		False	True	False	1	100.91895353794098
S1-674871004	S3-416247723		0.0	21.0	0.9186739921569824	0.0		False	True	False	1	100.91867399215698
S1-674871004	S3-715117209		0.0	22.0	0.9176679253578186	0.0		False	True	False	1	100.91766792535782
S1-674871004	S3-289567021		0.0	24.0	0.9171398282051086	0.0		False	True	False	1	100.91713982820511
S1-674871004	S3-760959067		0.0	25.0	0.9164777398109436	0.0		False	True	False	1	100.91647773981094
S1-674871004	S3-526709055		0.0	27.0	0.9155259132385254	0.0		False	True	False	1	100.91552591323853
S1-674871004	S3-543902884		0.0	30.0	0.9146960973739624	0.0		False	True	False	1	100.91469609737396
S1-287307821	S2-229677112	1.0	0.6451461315155029		0.0	0.0		True	False	False	1	100.6451461315155
S1-287307821	S2-600460285	2.0	0.6357889175415039	5.0	0.9620203971862793	0.0		True	True	False	2	201.59780931472778
S1-287307821	S2-434748052	3.0	0.6243457794189453		0.0	0.0		True	False	False	1	100.62434577941895
S1-287307821	S2-537184954	4.0	0.6223534345626831		0.0	0.0		True	False	False	1	100.62235343456268
S1-287307821	S2-913930320	5.0	0.6078393459320068		0.0	0.0		True	False	False	1	100.607839345932
S1-287307821	S2-785042722	6.0	0.6040693521499634	2.0	0.9635125994682312	0.0		True	True	False	2	201.5675819516182
S1-287307821	S2-304177076	7.0	0.6025124788284302		0.0	0.0		True	False	False	1	100.60251247882843
S1-287307821	S2-786671109	8.0	0.5988526344299316		0.0	0.0		True	False	False	1	100.59885263442993
S1-287307821	S2-317480348	9.0	0.5980437397956848		0.0	0.0		True	False	False	1	100.59804373979568
S1-287307821	S2-485885002	10.0	0.5963035821914673		0.0	0.0		True	False	False	1	100.59630358219147
S1-287307821	S2-910351373	11.0	0.5908677577972412		0.0	0.0		True	False	False	1	100.59086775779724
S1-287307821	S2-210791875	12.0	0.5870751738548279	16.0	0.9499709606170654	0.0		True	True	False	2	201.5370461344719
S1-287307821	S2-767997013	13.0	0.5737096071243286	17.0	0.9479331374168396	0.0		True	True	False	2	201.52164274454117
S1-287307821	S2-934716922	14.0	0.5693554878234863		0.0	0.0		True	False	False	1	100.56935548782349
S1-287307821	S2-550697952	15.0	0.55611252784729		0.0	0.0		True	False	False	1	100.55611252784729
S1-287307821	S2-292567038	16.0	0.5540487766265869	28.0	0.9402911067008972	0.0		True	True	False	2	201.49433988332748
S1-287307821	S2-956479781	17.0	0.5474600791931152		0.0	0.0		True	False	False	1	100.54746007919312
S1-287307821	S2-192345572	18.0	0.5464869141578674		0.0	0.0		True	False	False	1	100.54648691415787
S1-287307821	S2-779040268	19.0	0.5446061491966248	8.0	0.9551786184310913	0.0		True	True	False	2	201.49978476762772
S1-287307821	S2-530685908	20.0	0.5421901941299438	9.0	0.9532726407051086	0.0		True	True	False	2	201.49546283483505
S1-287307821	S2-654270940	21.0	0.540895938873291		0.0	0.0		True	False	False	1	100.54089593887329
S1-287307821	S2-223826524	22.0	0.5396645069122314	1.0	0.9646813869476318	0.0		True	True	False	2	201.50434589385986
S1-287307821	S2-875724478	23.0	0.539015531539917	29.0	0.9396687150001526	0.0		True	True	False	2	201.47868424654007
S1-287307821	S2-77137709	24.0	0.5352789163589478	10.0	0.9531809091567993	0.0		True	True	False	2	201.48845982551575
S1-287307821	S2-634571997	25.0	0.5348047018051147	15.0	0.9499944448471069	0.0		True	True	False	2	201.48479914665222
S1-287307821	S2-578788567	26.0	0.5329388380050659	3.0	0.9631614685058594	0.0		True	True	False	2	201.49610030651093
S1-287307821	S2-787861634	27.0	0.5326941609382629		0.0	0.0		True	False	False	1	100.53269416093826
S1-287307821	S2-357438552	28.0	0.529041051864624	12.0	0.9526786804199219	0.0		True	True	False	2	201.48171973228455
S1-287307821	S2-440948455	29.0	0.52390456199646		0.0	0.0		True	False	False	1	100.52390456199646
S1-287307821	S2-17102176	30.0	0.5220917463302612	25.0	0.9413119554519653	0.0		True	True	False	2	201.46340370178223
S1-287307821	S3-170975522	1.0	0.6354357004165649	2.0	0.9704694151878357	0.0		True	True	False	2	201.6059051156044
S1-287307821	S3-895598264	2.0	0.6204103827476501		0.0	0.0		True	False	False	1	100.62041038274765
S1-287307821	S3-162993152	3.0	0.6089764833450317	21.0	0.9455869197845459	0.0		True	True	False	2	201.55456340312958
S1-287307821	S3-960416326	4.0	0.6061755418777466	1.0	0.9739185571670532	0.0		True	True	False	2	201.5800940990448
S1-287307821	S3-877919199	5.0	0.6007975935935974		0.0	0.0		True	False	False	1	100.6007975935936
S1-287307821	S3-580736465	6.0	0.5980628728866577		0.0	0.0		True	False	False	1	100.59806287288666
S1-287307821	S3-159233685	7.0	0.59255051612854	4.0	0.9661173820495605	0.0		True	True	False	2	201.5586678981781
S1-287307821	S3-288440193	8.0	0.5754202008247375	5.0	0.9654555320739746	0.0		True	True	False	2	201.5408757328987
S1-287307821	S3-604980231	9.0	0.5745234489440918	19.0	0.9492263793945312	0.0		True	True	False	2	201.52374982833862
S1-287307821	S3-276427681	10.0	0.5718309879302979		0.0	0.0		True	False	False	1	100.5718309879303
S1-287307821	S3-125349995	11.0	0.569259762763977	8.0	0.9616779685020447	0.0		True	True	False	2	201.53093773126602
S1-287307821	S3-610536355	12.0	0.5625640153884888		0.0	0.0		True	False	False	1	100.56256401538849
S1-287307821	S3-695502221	13.0	0.5600146651268005	7.0	0.9618345499038696	0.0		True	True	False	2	201.52184921503067
S1-287307821	S3-219041197	14.0	0.5548652410507202		0.0	0.0		True	False	False	1	100.55486524105072
S1-287307821	S3-560657213	15.0	0.5538913011550903	13.0	0.954825222492218	0.0		True	True	False	2	201.5087165236473
S1-287307821	S3-436480804	16.0	0.5535167455673218		0.0	0.0		True	False	False	1	100.55351674556732
S1-287307821	S3-323904182	17.0	0.5525963306427002	11.0	0.9566327333450317	0.0		True	True	False	2	201.50922906398773
S1-287307821	S3-464265492	18.0	0.5520122051239014	26.0	0.9396065473556519	0.0		True	True	False	2	201.49161875247955
S1-287307821	S3-264170444	19.0	0.5514267683029175		0.0	0.0		True	False	False	1	100.55142676830292
S1-287307821	S3-961421742	20.0	0.5506141185760498	25.0	0.940244197845459	0.0		True	True	False	2	201.4908583164215
S1-287307821	S3-536202929	21.0	0.5502313375473022	15.0	0.953792929649353	0.0		True	True	False	2	201.50402426719666
S1-287307821	S3-250324284	22.0	0.5465521216392517		0.0	0.0		True	False	False	1	100.54655212163925
S1-287307821	S3-652287374	23.0	0.5434939861297607		0.0	0.0		True	False	False	1	100.54349398612976
S1-287307821	S3-115653125	24.0	0.5412179231643677		0.0	0.0		True	False	False	1	100.54121792316437
S1-287307821	S3-191842349	25.0	0.537286102771759		0.0	0.0		True	False	False	1	100.53728610277176
S1-287307821	S3-227725397	26.0	0.5371742248535156		0.0	0.0		True	False	False	1	100.53717422485352
S1-287307821	S3-289697426	27.0	0.5358049273490906		0.0	0.0		True	False	False	1	100.53580492734909
S1-287307821	S3-825495383	28.0	0.533857524394989		0.0	0.0		True	False	False	1	100.53385752439499
S1-287307821	S3-10300249	29.0	0.5328156352043152		0.0	0.0		True	False	False	1	100.53281563520432
S1-287307821	S3-374810425	30.0	0.5289298892021179		0.0	0.0		True	False	False	1	100.52892988920212
S1-287307821	S2-784442772		0.0	4.0	0.9626204967498779	0.0		False	True	False	1	100.96262049674988
S1-287307821	S2-501534718		0.0	6.0	0.9571875929832458	0.0		False	True	False	1	100.95718759298325
S1-287307821	S2-258890831		0.0	7.0	0.9552630186080933	0.0		False	True	False	1	100.9552630186081
S1-287307821	S2-576201028		0.0	11.0	0.9527330994606018	0.0		False	True	False	1	100.9527330994606
S1-287307821	S2-4583532		0.0	13.0	0.9524401426315308	0.0		False	True	False	1	100.95244014263153
S1-287307821	S2-647447093		0.0	14.0	0.9524139165878296	0.0		False	True	False	1	100.95241391658783
S1-287307821	S2-638268338		0.0	18.0	0.9477843046188354	0.0		False	True	False	1	100.94778430461884
S1-287307821	S2-504393659		0.0	19.0	0.946247935295105	0.0		False	True	False	1	100.9462479352951
S1-287307821	S2-933865098		0.0	20.0	0.9455052018165588	0.0		False	True	False	1	100.94550520181656
S1-287307821	S2-412565852		0.0	21.0	0.9454380869865417	0.0		False	True	False	1	100.94543808698654
S1-287307821	S2-268861424		0.0	22.0	0.9423040151596069	0.0		False	True	False	1	100.9423040151596
S1-287307821	S2-744098365		0.0	23.0	0.942145824432373	0.0		False	True	False	1	100.94214582443237
S1-287307821	S2-378846408		0.0	24.0	0.9416518807411194	0.0		False	True	False	1	100.94165188074112
S1-287307821	S2-566025912		0.0	26.0	0.9411214590072632	0.0		False	True	False	1	100.94112145900726
S1-287307821	S2-742018880		0.0	27.0	0.9402965903282166	0.0		False	True	False	1	100.94029659032822
S1-287307821	S2-84473557		0.0	30.0	0.9385147094726562	0.0		False	True	False	1	100.93851470947266
S1-287307821	S3-173398261		0.0	3.0	0.9683584570884705	0.0		False	True	False	1	100.96835845708847
S1-287307821	S3-819001322		0.0	6.0	0.9622969031333923	0.0		False	True	False	1	100.96229690313339
S1-287307821	S3-662721327		0.0	9.0	0.9615839123725891	0.0		False	True	False	1	100.96158391237259
S1-287307821	S3-389830698		0.0	10.0	0.9592106938362122	0.0		False	True	False	1	100.95921069383621
S1-287307821	S3-218566871		0.0	12.0	0.9561899304389954	0.0		False	True	False	1	100.956189930439
S1-287307821	S3-577972146		0.0	14.0	0.9538313150405884	0.0		False	True	False	1	100.95383131504059
S1-287307821	S3-127741306		0.0	16.0	0.9504107236862183	0.0		False	True	False	1	100.95041072368622
S1-287307821	S3-468731115		0.0	17.0	0.9502571821212769	0.0		False	True	False	1	100.95025718212128
S1-287307821	S3-158901285		0.0	18.0	0.949615478515625	0.0		False	True	False	1	100.94961547851562
S1-287307821	S3-367901084		0.0	20.0	0.9470115900039673	0.0		False	True	False	1	100.94701159000397
S1-287307821	S3-760959067		0.0	22.0	0.9438806772232056	0.0		False	True	False	1	100.9438806772232
S1-287307821	S3-797381132		0.0	23.0	0.9419804811477661	0.0		False	True	False	1	100.94198048114777
S1-287307821	S3-98186645		0.0	24.0	0.9419103860855103	0.0		False	True	False	1	100.94191038608551
S1-287307821	S3-265204232		0.0	27.0	0.938471257686615	0.0		False	True	False	1	100.93847125768661
S1-287307821	S3-483958914		0.0	28.0	0.9378652572631836	0.0		False	True	False	1	100.93786525726318
S1-287307821	S3-768772995		0.0	29.0	0.937709391117096	0.0		False	True	False	1	100.9377093911171
S1-287307821	S3-611681699		0.0	30.0	0.9366480112075806	0.0		False	True	False	1	100.93664801120758
S1-273768056	S2-800542765	1.0	0.6434985399246216	5.0	0.9560199975967407	0.0		True	True	False	2	201.59951853752136
S1-273768056	S2-566025912	2.0	0.6365722417831421	8.0	0.9418302178382874	0.0		True	True	False	2	201.57840245962143
S1-273768056	S2-112287031	3.0	0.5916494131088257	1.0	0.9710326790809631	0.0		True	True	False	2	201.5626820921898
S1-273768056	S2-878037834	4.0	0.5820088386535645	9.0	0.9393212199211121	0.17837837837837842	K1+K2	True	True	True	3	301.6997084369531
S1-273768056	S2-459485143	5.0	0.5449371337890625	10.0	0.9332389235496521	0.0		True	True	False	2	201.47817605733871
S1-273768056	S2-742018880	6.0	0.541225016117096		0.0	0.0		True	False	False	1	100.5412250161171
S1-273768056	S2-575142052	7.0	0.5392146110534668	7.0	0.9506569504737854	0.0		True	True	False	2	201.48987156152725
S1-273768056	S2-647447093	8.0	0.5294174551963806	19.0	0.9252224564552307	0.0		True	True	False	2	201.4546399116516
S1-273768056	S2-770341988	9.0	0.5188426375389099	2.0	0.9661154747009277	0.0		True	True	False	2	201.48495811223984
S1-273768056	S2-262646344	10.0	0.5069224834442139	11.0	0.9329777956008911	0.0		True	True	False	2	201.4399002790451
S1-273768056	S2-158121477	11.0	0.4980084300041199	16.0	0.9287583827972412	0.0		True	True	False	2	201.42676681280136
S1-273768056	S2-108012128	12.0	0.4921693801879883	3.0	0.9640659093856812	0.0		True	True	False	2	201.45623528957367
S1-273768056	S2-160823657	13.0	0.4847368597984314	4.0	0.9577709436416626	0.0		True	True	False	2	201.4425078034401
S1-273768056	S2-170244057	14.0	0.4464763402938843	6.0	0.9538112878799438	0.0		True	True	False	2	201.40028762817383
S1-273768056	S2-933724724	15.0	0.41703999042510986	18.0	0.9260855913162231	0.0		True	True	False	2	201.34312558174133
S1-273768056	S2-913930320	16.0	0.35775718092918396		0.0	0.0		True	False	False	1	100.35775718092918
S1-273768056	S2-485885002	17.0	0.3292340636253357		0.0	0.0		True	False	False	1	100.32923406362534
S1-273768056	S2-119647643	18.0	0.32264772057533264		0.0	0.0		True	False	False	1	100.32264772057533
S1-273768056	S2-305637735	19.0	0.31665992736816406		0.0	0.0		True	False	False	1	100.31665992736816
S1-273768056	S2-891600450	20.0	0.3121787905693054		0.0	0.0		True	False	False	1	100.3121787905693
S1-273768056	S2-999853272	21.0	0.31059908866882324		0.0	0.0		True	False	False	1	100.31059908866882
S1-273768056	S2-654270940	22.0	0.2974674105644226		0.0	0.0		True	False	False	1	100.29746741056442
S1-273768056	S2-767997013	23.0	0.2952811121940613		0.0	0.0		True	False	False	1	100.29528111219406
S1-273768056	S2-229677112	24.0	0.29517531394958496		0.0	0.0		True	False	False	1	100.29517531394958
S1-273768056	S2-934716922	25.0	0.28774282336235046	30.0	0.9075882434844971	0.0		True	True	False	2	201.19533106684685
S1-273768056	S2-77137709	26.0	0.284076988697052		0.0	0.0		True	False	False	1	100.28407698869705
S1-273768056	S2-317480348	27.0	0.28222572803497314		0.0	0.0		True	False	False	1	100.28222572803497
S1-273768056	S2-537184954	28.0	0.2820904552936554		0.0	0.0		True	False	False	1	100.28209045529366
S1-273768056	S2-784442772	29.0	0.27692973613739014		0.0	0.0		True	False	False	1	100.27692973613739
S1-273768056	S2-416136682	30.0	0.2762258052825928	28.0	0.9092535972595215	0.0		True	True	False	2	201.18547940254211
S1-273768056	S3-543902884	1.0	0.6770342588424683	3.0	0.9602600336074829	0.0		True	True	False	2	201.63729429244995
S1-273768056	S3-556228627	2.0	0.5784227848052979	8.0	0.9473762512207031	0.0		True	True	False	2	201.525799036026
S1-273768056	S3-715117209	3.0	0.5696948766708374	2.0	0.9633917808532715	0.0		True	True	False	2	201.5330866575241
S1-273768056	S3-305215419	4.0	0.5630131959915161	11.0	0.9367365837097168	0.0		True	True	False	2	201.49974977970123
S1-273768056	S3-934627663	5.0	0.547296404838562		0.0	0.0		True	False	False	1	100.54729640483856
S1-273768056	S3-200532536	6.0	0.5385830998420715	7.0	0.9493868350982666	0.0		True	True	False	2	201.48796993494034
S1-273768056	S3-92755938	7.0	0.5218099355697632	4.0	0.9601889252662659	0.0		True	True	False	2	201.48199886083603
S1-273768056	S3-712130770	8.0	0.5074947476387024	13.0	0.9333701133728027	0.0		True	True	False	2	201.4408648610115
S1-273768056	S3-198586129	9.0	0.5034683346748352	14.0	0.926215648651123	0.0		True	True	False	2	201.42968398332596
S1-273768056	S3-835032939	10.0	0.4937414526939392	5.0	0.9601689577102661	0.0		True	True	False	2	201.4539104104042
S1-273768056	S3-971111671	11.0	0.4754719138145447	12.0	0.9345595836639404	0.0		True	True	False	2	201.41003149747849
S1-273768056	S3-64079929	12.0	0.4702596962451935	1.0	0.9650051593780518	0.0		True	True	False	2	201.43526485562325
S1-273768056	S3-22321512	13.0	0.46722090244293213	9.0	0.9396783113479614	0.0		True	True	False	2	201.4068992137909
S1-273768056	S3-369430171	14.0	0.44006800651550293		0.0	0.0		True	False	False	1	100.4400680065155
S1-273768056	S3-643284918	15.0	0.43420568108558655		0.0	0.0		True	False	False	1	100.43420568108559
S1-273768056	S3-203608044	16.0	0.42352283000946045	10.0	0.9388803243637085	0.0		True	True	False	2	201.36240315437317
S1-273768056	S3-580736465	17.0	0.3985394239425659		0.0	0.0		True	False	False	1	100.39853942394257
S1-273768056	S3-825495383	18.0	0.37379035353660583		0.0	0.0		True	False	False	1	100.3737903535366
S1-273768056	S3-218566871	19.0	0.3711342215538025		0.0	0.0		True	False	False	1	100.3711342215538
S1-273768056	S3-159233685	20.0	0.35506975650787354		0.0	0.0		True	False	False	1	100.35506975650787
S1-273768056	S3-250324284	21.0	0.33369380235671997		0.0	0.0		True	False	False	1	100.33369380235672
S1-273768056	S3-536202929	22.0	0.3323907256126404	26.0	0.9001736044883728	0.0		True	True	False	2	201.232564330101
S1-273768056	S3-577972146	23.0	0.3317006230354309	27.0	0.899669885635376	0.0		True	True	False	2	201.2313705086708
S1-273768056	S3-1062100	24.0	0.3234977126121521	6.0	0.9580844044685364	0.0		True	True	False	2	201.2815821170807
S1-273768056	S3-464265492	25.0	0.32347533106803894		0.0	0.0		True	False	False	1	100.32347533106804
S1-273768056	S3-289567021	26.0	0.31996747851371765	25.0	0.9008653163909912	0.0		True	True	False	2	201.2208327949047
S1-273768056	S3-127741306	27.0	0.3140984773635864		0.0	0.0		True	False	False	1	100.31409847736359
S1-273768056	S3-18976400	28.0	0.31320321559906006		0.0	0.0		True	False	False	1	100.31320321559906
S1-273768056	S3-289697426	29.0	0.31172433495521545		0.0	0.0		True	False	False	1	100.31172433495522
S1-273768056	S3-115653125	30.0	0.31127169728279114		0.0	0.0		True	False	False	1	100.31127169728279
S1-273768056	S2-550697952		0.0	12.0	0.9320383667945862	0.0		False	True	False	1	100.93203836679459
S1-273768056	S2-476476786		0.0	13.0	0.9317053556442261	0.0		False	True	False	1	100.93170535564423
S1-273768056	S2-440948455		0.0	14.0	0.9311596751213074	0.0		False	True	False	1	100.93115967512131
S1-273768056	S2-583840796		0.0	15.0	0.9294219613075256	0.0		False	True	False	1	100.92942196130753
S1-273768056	S2-592412285		0.0	17.0	0.9261465072631836	0.0		False	True	False	1	100.92614650726318
S1-273768056	S2-594115095		0.0	20.0	0.9229668378829956	0.0		False	True	False	1	100.922966837883
S1-273768056	S2-559669701		0.0	21.0	0.9205907583236694	0.0		False	True	False	1	100.92059075832367
S1-273768056	S2-715460557		0.0	22.0	0.9196780920028687	0.0		False	True	False	1	100.91967809200287
S1-273768056	S2-729157829		0.0	23.0	0.913930356502533	0.0		False	True	False	1	100.91393035650253
S1-273768056	S2-210791875		0.0	24.0	0.9110735654830933	0.0		False	True	False	1	100.9110735654831
S1-273768056	S2-222871632		0.0	25.0	0.9108884930610657	0.0		False	True	False	1	100.91088849306107
S1-273768056	S2-809665812		0.0	26.0	0.9102632403373718	0.0		False	True	False	1	100.91026324033737
S1-273768056	S2-340420883		0.0	27.0	0.9102271199226379	0.0		False	True	False	1	100.91022711992264
S1-273768056	S2-744098365		0.0	29.0	0.9084518551826477	0.0		False	True	False	1	100.90845185518265
S1-273768056	S3-482581656		0.0	15.0	0.9202641248703003	0.0		False	True	False	1	100.9202641248703
S1-273768056	S3-526709055		0.0	16.0	0.9163035154342651	0.0		False	True	False	1	100.91630351543427
S1-273768056	S3-221443476		0.0	17.0	0.9152752757072449	0.0		False	True	False	1	100.91527527570724
S1-273768056	S3-469272577		0.0	18.0	0.9141831994056702	0.0		False	True	False	1	100.91418319940567
S1-273768056	S3-340374288		0.0	19.0	0.9137722849845886	0.0		False	True	False	1	100.91377228498459
S1-273768056	S3-668629842		0.0	20.0	0.9085143804550171	0.0		False	True	False	1	100.90851438045502
S1-273768056	S3-416247723		0.0	21.0	0.9071582555770874	0.0		False	True	False	1	100.90715825557709
S1-273768056	S3-760959067		0.0	22.0	0.9061861634254456	0.0		False	True	False	1	100.90618616342545
S1-273768056	S3-521783865		0.0	23.0	0.9011842012405396	0.0		False	True	False	1	100.90118420124054
S1-273768056	S3-652287374		0.0	24.0	0.9009812474250793	0.0		False	True	False	1	100.90098124742508
S1-273768056	S3-185659081		0.0	28.0	0.8990942239761353	0.0		False	True	False	1	100.89909422397614
S1-273768056	S3-227725397		0.0	29.0	0.8976356983184814	0.0		False	True	False	1	100.89763569831848
S1-273768056	S3-797381132		0.0	30.0	0.890984833240509	0.0		False	True	False	1	100.89098483324051
S1-323395452	S2-999853272	1.0	0.7254425883293152		0.0	0.0		True	False	False	1	100.72544258832932
S1-323395452	S2-166809876	2.0	0.6718477010726929		0.0	0.0		True	False	False	1	100.67184770107269
S1-323395452	S2-537184954	3.0	0.5943965911865234		0.0	0.0		True	False	False	1	100.59439659118652
S1-323395452	S2-485885002	4.0	0.5815311670303345		0.0	0.0		True	False	False	1	100.58153116703033
S1-323395452	S2-913930320	5.0	0.5757424831390381		0.0	0.0		True	False	False	1	100.57574248313904
S1-323395452	S2-292567038	6.0	0.5751591324806213		0.0	0.0		True	False	False	1	100.57515913248062
S1-323395452	S2-786671109	7.0	0.567959189414978		0.0	0.0		True	False	False	1	100.56795918941498
S1-323395452	S2-784442772	8.0	0.5673654675483704	9.0	0.9595875144004822	0.0		True	True	False	2	201.52695298194885
S1-323395452	S2-530685908	9.0	0.5601892471313477	12.0	0.9544826745986938	0.0		True	True	False	2	201.51467192173004
S1-323395452	S2-875724478	10.0	0.5587314367294312		0.0	0.0		True	False	False	1	100.55873143672943
S1-323395452	S2-578788567	11.0	0.5552359819412231		0.0	0.0		True	False	False	1	100.55523598194122
S1-323395452	S2-434748052	12.0	0.5472483038902283		0.0	0.0		True	False	False	1	100.54724830389023
S1-323395452	S2-905827553	13.0	0.5363903045654297		0.0	0.0		True	False	False	1	100.53639030456543
S1-323395452	S2-785042722	14.0	0.5312761068344116	5.0	0.9642630815505981	0.0		True	True	False	2	201.495539188385
S1-323395452	S2-600460285	15.0	0.5244961977005005		0.0	0.0		True	False	False	1	100.5244961977005
S1-323395452	S2-787861634	16.0	0.521020770072937		0.0	0.0		True	False	False	1	100.52102077007294
S1-323395452	S2-742077842	17.0	0.5152236223220825		0.0	0.0		True	False	False	1	100.51522362232208
S1-323395452	S2-192345572	18.0	0.5108202695846558	24.0	0.9463475346565247	0.0		True	True	False	2	201.45716780424118
S1-323395452	S2-956479781	19.0	0.5083335638046265		0.0	0.0		True	False	False	1	100.50833356380463
S1-323395452	S2-223826524	20.0	0.5051468014717102	11.0	0.9546482563018799	0.0		True	True	False	2	201.4597950577736
S1-323395452	S2-317480348	21.0	0.5030887126922607		0.0	0.0		True	False	False	1	100.50308871269226
S1-323395452	S2-591078525	22.0	0.4975343346595764		0.0	0.0		True	False	False	1	100.49753433465958
S1-323395452	S2-550697952	23.0	0.4949433207511902	2.0	0.9710314273834229	0.0		True	True	False	2	201.4659747481346
S1-323395452	S2-304177076	24.0	0.4864650368690491		0.0	0.0		True	False	False	1	100.48646503686905
S1-323395452	S2-910351373	25.0	0.4858475923538208	28.0	0.94483482837677	0.0		True	True	False	2	201.4306824207306
S1-323395452	S2-495461061	26.0	0.47350800037384033		0.0	0.0		True	False	False	1	100.47350800037384
S1-323395452	S2-576201028	27.0	0.47084248065948486		0.0	0.0		True	False	False	1	100.47084248065948
S1-323395452	S2-594115095	28.0	0.46067139506340027	1.0	0.9765423536300659	0.0		True	True	False	2	201.43721374869347
S1-323395452	S2-767997013	29.0	0.45852816104888916	26.0	0.9461843967437744	0.0		True	True	False	2	201.40471255779266
S1-323395452	S2-229677112	30.0	0.4536982774734497		0.0	0.0		True	False	False	1	100.45369827747345
S1-323395452	S3-127741306	1.0	0.5731328129768372		0.0	0.0		True	False	False	1	100.57313281297684
S1-323395452	S3-219041197	2.0	0.5583189129829407		0.0	0.0		True	False	False	1	100.55831891298294
S1-323395452	S3-536202929	3.0	0.5542541146278381	13.0	0.9473715424537659	0.0		True	True	False	2	201.5016256570816
S1-323395452	S3-250324284	4.0	0.553612232208252		0.0	0.0		True	False	False	1	100.55361223220825
S1-323395452	S3-264170444	5.0	0.5516424775123596		0.0	0.0		True	False	False	1	100.55164247751236
S1-323395452	S3-462677478	6.0	0.5454438328742981		0.0	0.0		True	False	False	1	100.5454438328743
S1-323395452	S3-877919199	7.0	0.5441137552261353		0.0	0.0		True	False	False	1	100.54411375522614
S1-323395452	S3-867263634	8.0	0.5439512729644775		0.0	0.0		True	False	False	1	100.54395127296448
S1-323395452	S3-662721327	9.0	0.5352509021759033	11.0	0.9503006935119629	0.0		True	True	False	2	201.48555159568787
S1-323395452	S3-18976400	10.0	0.5330679416656494		0.0	0.0		True	False	False	1	100.53306794166565
S1-323395452	S3-436480804	11.0	0.5282293558120728		0.0	0.0		True	False	False	1	100.52822935581207
S1-323395452	S3-86143878	12.0	0.5268465876579285		0.0	0.0		True	False	False	1	100.52684658765793
S1-323395452	S3-227725397	13.0	0.5240235924720764	20.0	0.9458190202713013	0.0		True	True	False	2	201.46984261274338
S1-323395452	S3-374810425	14.0	0.5214028358459473		0.0	0.0		True	False	False	1	100.52140283584595
S1-323395452	S3-289697426	15.0	0.5188250541687012		0.0	0.0		True	False	False	1	100.5188250541687
S1-323395452	S3-825495383	16.0	0.5144583582878113		0.0	0.0		True	False	False	1	100.51445835828781
S1-323395452	S3-695502221	17.0	0.5129510164260864	29.0	0.9395421147346497	0.0		True	True	False	2	201.45249313116074
S1-323395452	S3-158901285	18.0	0.5108537077903748		0.0	0.0		True	False	False	1	100.51085370779037
S1-323395452	S3-604980231	19.0	0.5107278823852539		0.0	0.0		True	False	False	1	100.51072788238525
S1-323395452	S3-288440193	20.0	0.5102038979530334	16.0	0.9469065070152283	0.0		True	True	False	2	201.45711040496826
S1-323395452	S3-853414998	21.0	0.5052253603935242		0.0	0.0		True	False	False	1	100.50522536039352
S1-323395452	S3-10300249	22.0	0.5034369230270386		0.0	0.0		True	False	False	1	100.50343692302704
S1-323395452	S3-482581656	23.0	0.5030430555343628	7.0	0.9554451107978821	0.0		True	True	False	2	201.45848816633224
S1-323395452	S3-580736465	24.0	0.4995230436325073		0.0	0.0		True	False	False	1	100.49952304363251
S1-323395452	S3-464265492	25.0	0.49897557497024536		0.0	0.0		True	False	False	1	100.49897557497025
S1-323395452	S3-170975522	26.0	0.4974828362464905	22.0	0.9437777996063232	0.0		True	True	False	2	201.4412606358528
S1-323395452	S3-323904182	27.0	0.4956579804420471		0.0	0.0		True	False	False	1	100.49565798044205
S1-323395452	S3-895598264	28.0	0.4933261573314667	9.0	0.951728105545044	0.0		True	True	False	2	201.4450542628765
S1-323395452	S3-577972146	29.0	0.49228933453559875	3.0	0.9584450721740723	0.0		True	True	False	2	201.45073440670967
S1-323395452	S3-688194826	30.0	0.49145257472991943		0.0	0.0		True	False	False	1	100.49145257472992
S1-323395452	S2-592412285		0.0	3.0	0.9684953689575195	0.0		False	True	False	1	100.96849536895752
S1-323395452	S2-583840796		0.0	4.0	0.9665749669075012	0.0		False	True	False	1	100.9665749669075
S1-323395452	S2-400190057		0.0	6.0	0.9632923007011414	0.0		False	True	False	1	100.96329230070114
S1-323395452	S2-715460557		0.0	7.0	0.9631202220916748	0.0		False	True	False	1	100.96312022209167
S1-323395452	S2-258890831		0.0	8.0	0.9608827829360962	0.0		False	True	False	1	100.9608827829361
S1-323395452	S2-744098365		0.0	10.0	0.9568795561790466	0.0		False	True	False	1	100.95687955617905
S1-323395452	S2-809665812		0.0	13.0	0.9539244771003723	0.0		False	True	False	1	100.95392447710037
S1-323395452	S2-119647643		0.0	14.0	0.9531545639038086	0.0		False	True	False	1	100.95315456390381
S1-323395452	S2-210791875		0.0	15.0	0.9528568983078003	0.0		False	True	False	1	100.9528568983078
S1-323395452	S2-638268338		0.0	16.0	0.95237797498703	0.0		False	True	False	1	100.95237797498703
S1-323395452	S2-934716922		0.0	17.0	0.9514659643173218	0.0		False	True	False	1	100.95146596431732
S1-323395452	S2-933865098		0.0	18.0	0.9506175518035889	0.0		False	True	False	1	100.95061755180359
S1-323395452	S2-262646344		0.0	19.0	0.950404703617096	0.0		False	True	False	1	100.9504047036171
S1-323395452	S2-701289183		0.0	20.0	0.948035717010498	0.0		False	True	False	1	100.9480357170105
S1-323395452	S2-170244057		0.0	21.0	0.9469945430755615	0.0		False	True	False	1	100.94699454307556
S1-323395452	S2-412565852		0.0	22.0	0.9469634890556335	0.0		False	True	False	1	100.94696348905563
S1-323395452	S2-158121477		0.0	23.0	0.9467992782592773	0.0		False	True	False	1	100.94679927825928
S1-323395452	S2-440948455		0.0	25.0	0.9461862444877625	0.0		False	True	False	1	100.94618624448776
S1-323395452	S2-575142052		0.0	27.0	0.9450716972351074	0.0		False	True	False	1	100.94507169723511
S1-323395452	S2-193013091		0.0	29.0	0.9447545409202576	0.0		False	True	False	1	100.94475454092026
S1-323395452	S2-770341988		0.0	30.0	0.9441105127334595	0.0		False	True	False	1	100.94411051273346
S1-323395452	S3-797381132		0.0	1.0	0.9640880823135376	0.0		False	True	False	1	100.96408808231354
S1-323395452	S3-276427681		0.0	2.0	0.963951826095581	0.0		False	True	False	1	100.96395182609558
S1-323395452	S3-526709055		0.0	4.0	0.9576265215873718	0.0		False	True	False	1	100.95762652158737
S1-323395452	S3-98186645		0.0	5.0	0.9570381045341492	0.0		False	True	False	1	100.95703810453415
S1-323395452	S3-768772995		0.0	6.0	0.9561320543289185	0.0		False	True	False	1	100.95613205432892
S1-323395452	S3-305215419		0.0	8.0	0.9528599977493286	0.0		False	True	False	1	100.95285999774933
S1-323395452	S3-760959067		0.0	10.0	0.951689600944519	0.0		False	True	False	1	100.95168960094452
S1-323395452	S3-610536355		0.0	12.0	0.9478117227554321	0.0		False	True	False	1	100.94781172275543
S1-323395452	S3-668629842		0.0	14.0	0.947336733341217	0.0		False	True	False	1	100.94733673334122
S1-323395452	S3-819001322		0.0	15.0	0.9470647573471069	0.0		False	True	False	1	100.9470647573471
S1-323395452	S3-185659081		0.0	17.0	0.9465289115905762	0.0		False	True	False	1	100.94652891159058
S1-323395452	S3-652287374		0.0	18.0	0.9463405609130859	0.0		False	True	False	1	100.94634056091309
S1-323395452	S3-22321512		0.0	19.0	0.9462634325027466	0.0		False	True	False	1	100.94626343250275
S1-323395452	S3-971111671		0.0	21.0	0.9450246095657349	0.0		False	True	False	1	100.94502460956573
S1-323395452	S3-218566871		0.0	23.0	0.9424670934677124	0.0		False	True	False	1	100.94246709346771
S1-323395452	S3-92755938		0.0	24.0	0.9424496293067932	0.0		False	True	False	1	100.9424496293068
S1-323395452	S3-389830698		0.0	25.0	0.9423730373382568	0.0		False	True	False	1	100.94237303733826
S1-323395452	S3-265204232		0.0	26.0	0.9411089420318604	0.0		False	True	False	1	100.94110894203186
S1-323395452	S3-221443476		0.0	27.0	0.9406043291091919	0.0		False	True	False	1	100.94060432910919
S1-323395452	S3-74786614		0.0	28.0	0.940497100353241	0.0		False	True	False	1	100.94049710035324
S1-323395452	S3-380741339		0.0	30.0	0.9381458759307861	0.0		False	True	False	1	100.93814587593079
S1-4144001	S2-89663826	1.0	0.4889827370643616	1.0	0.9763985872268677	0.0		True	True	False	2	201.46538132429123
S1-4144001	S2-412565852	2.0	0.44863465428352356		0.0	0.0		True	False	False	1	100.44863465428352
S1-4144001	S2-258890831	3.0	0.43415337800979614	27.0	0.9370330572128296	0.0		True	True	False	2	201.37118643522263
S1-4144001	S2-956479781	4.0	0.43409907817840576		0.0	0.0		True	False	False	1	100.4340990781784
S1-4144001	S2-119647643	5.0	0.42948293685913086	7.0	0.957565426826477	0.0		True	True	False	2	201.3870483636856
S1-4144001	S2-559669701	6.0	0.41486021876335144	25.0	0.9389805197715759	0.0		True	True	False	2	201.35384073853493
S1-4144001	S2-938316135	7.0	0.39275556802749634	12.0	0.9536470174789429	0.0		True	True	False	2	201.34640258550644
S1-4144001	S2-578484139	8.0	0.38655808568000793		0.0	0.0		True	False	False	1	100.38655808568001
S1-4144001	S2-378846408	9.0	0.37553516030311584	18.0	0.9457893967628479	0.0		True	True	False	2	201.32132455706596
S1-4144001	S2-809665812	10.0	0.3748871684074402	22.0	0.9423967599868774	0.0		True	True	False	2	201.31728392839432
S1-4144001	S2-449438476	11.0	0.3745039701461792	4.0	0.9625750780105591	0.0		True	True	False	2	201.33707904815674
S1-4144001	S2-292567038	12.0	0.372592568397522		0.0	0.0		True	False	False	1	100.37259256839752
S1-4144001	S2-84473557	13.0	0.36621034145355225	30.0	0.93483966588974	0.0		True	True	False	2	201.3010500073433
S1-4144001	S2-550697952	14.0	0.36389973759651184		0.0	0.0		True	False	False	1	100.36389973759651
S1-4144001	S2-37424835	15.0	0.3619779646396637	2.0	0.972857654094696	0.0		True	True	False	2	201.33483561873436
S1-4144001	S2-193013091	16.0	0.35909000039100647		0.0	0.0		True	False	False	1	100.359090000391
S1-4144001	S2-17102176	17.0	0.35671842098236084		0.0	0.0		True	False	False	1	100.35671842098236
S1-4144001	S2-375151053	18.0	0.3543168306350708	8.0	0.956917941570282	0.0		True	True	False	2	201.31123477220535
S1-4144001	S2-634571997	19.0	0.34725072979927063		0.0	0.0		True	False	False	1	100.34725072979927
S1-4144001	S2-560710588	20.0	0.3469030261039734	11.0	0.9537236094474792	0.0		True	True	False	2	201.30062663555145
S1-4144001	S2-583840796	21.0	0.3448144197463989		0.0	0.0		True	False	False	1	100.3448144197464
S1-4144001	S2-786671109	22.0	0.3434939384460449		0.0	0.0		True	False	False	1	100.34349393844604
S1-4144001	S2-576201028	23.0	0.3432809114456177		0.0	0.0		True	False	False	1	100.34328091144562
S1-4144001	S2-223826524	24.0	0.34287184476852417		0.0	0.0		True	False	False	1	100.34287184476852
S1-4144001	S2-501534718	25.0	0.3333890736103058		0.0	0.0		True	False	False	1	100.3333890736103
S1-4144001	S2-767997013	26.0	0.33310630917549133		0.0	0.0		True	False	False	1	100.33310630917549
S1-4144001	S2-744098365	27.0	0.3307725191116333	20.0	0.9437268972396851	0.0		True	True	False	2	201.27449941635132
S1-4144001	S2-742077842	28.0	0.3278523087501526		0.0	0.0		True	False	False	1	100.32785230875015
S1-4144001	S2-192345572	29.0	0.32636743783950806		0.0	0.0		True	False	False	1	100.32636743783951
S1-4144001	S2-481572644	30.0	0.3248801827430725	14.0	0.9516551494598389	0.0		True	True	False	2	201.2765353322029
S1-4144001	S3-22088661	1.0	0.5678062438964844	17.0	0.9393351674079895	0.0		True	True	False	2	201.50714141130447
S1-4144001	S3-760959067	2.0	0.4663589596748352	10.0	0.9553072452545166	0.0		True	True	False	2	201.42166620492935
S1-4144001	S3-185659081	3.0	0.41291460394859314	3.0	0.966262936592102	0.0		True	True	False	2	201.3791775405407
S1-4144001	S3-573605691	4.0	0.41130486130714417	13.0	0.9460632801055908	0.0		True	True	False	2	201.35736814141273
S1-4144001	S3-389830698	5.0	0.4093515872955322	25.0	0.9295741319656372	0.0		True	True	False	2	201.33892571926117
S1-4144001	S3-184174096	6.0	0.3892456889152527	9.0	0.9559637308120728	0.0		True	True	False	2	201.34520941972733
S1-4144001	S3-797381132	7.0	0.3890364170074463		0.0	0.0		True	False	False	1	100.38903641700745
S1-4144001	S3-468731115	8.0	0.3773007392883301	20.0	0.9364803433418274	0.0		True	True	False	2	201.31378108263016
S1-4144001	S3-995796854	9.0	0.36829259991645813	12.0	0.9473768472671509	0.0		True	True	False	2	201.3156694471836
S1-4144001	S3-469272577	10.0	0.3665018081665039	4.0	0.964714765548706	0.0		True	True	False	2	201.3312165737152
S1-4144001	S3-937140604	11.0	0.36480963230133057	21.0	0.9357241988182068	0.0		True	True	False	2	201.30053383111954
S1-4144001	S3-162993152	12.0	0.36258214712142944		0.0	0.0		True	False	False	1	100.36258214712143
S1-4144001	S3-340374288	13.0	0.3555845618247986	14.0	0.9426478147506714	0.0		True	True	False	2	201.29823237657547
S1-4144001	S3-367901084	14.0	0.35483071208000183	15.0	0.9395827054977417	0.0		True	True	False	2	201.29441341757774
S1-4144001	S3-768772995	15.0	0.3520243167877197	24.0	0.9340583086013794	0.0		True	True	False	2	201.2860826253891
S1-4144001	S3-191842349	16.0	0.35169047117233276		0.0	0.0		True	False	False	1	100.35169047117233
S1-4144001	S3-323904182	17.0	0.35019421577453613		0.0	0.0		True	False	False	1	100.35019421577454
S1-4144001	S3-819001322	18.0	0.34526509046554565		0.0	0.0		True	False	False	1	100.34526509046555
S1-4144001	S3-695502221	19.0	0.3406427502632141		0.0	0.0		True	False	False	1	100.34064275026321
S1-4144001	S3-611681699	20.0	0.3403274416923523		0.0	0.0		True	False	False	1	100.34032744169235
S1-4144001	S3-483958914	21.0	0.3391369581222534		0.0	0.0		True	False	False	1	100.33913695812225
S1-4144001	S3-150632472	22.0	0.334281861782074	6.0	0.9623250365257263	0.0		True	True	False	2	201.2966068983078
S1-4144001	S3-688194826	23.0	0.3307167589664459		0.0	0.0		True	False	False	1	100.33071675896645
S1-4144001	S3-652287374	24.0	0.3279174566268921		0.0	0.0		True	False	False	1	100.32791745662689
S1-4144001	S3-159233685	25.0	0.31909018754959106		0.0	0.0		True	False	False	1	100.31909018754959
S1-4144001	S3-218566871	26.0	0.3154016435146332		0.0	0.0		True	False	False	1	100.31540164351463
S1-4144001	S3-265204232	27.0	0.3143485486507416		0.0	0.0		True	False	False	1	100.31434854865074
S1-4144001	S3-934627663	28.0	0.3139362633228302		0.0	0.0		True	False	False	1	100.31393626332283
S1-4144001	S3-877919199	29.0	0.3136177659034729		0.0	0.0		True	False	False	1	100.31361776590347
S1-4144001	S3-797337828	30.0	0.3102496266365051	7.0	0.9568125605583191	0.0		True	True	False	2	201.26706218719482
S1-4144001	S2-476476786		0.0	3.0	0.9639558792114258	0.0		False	True	False	1	100.96395587921143
S1-4144001	S2-340420883		0.0	5.0	0.9594096541404724	0.0		False	True	False	1	100.95940965414047
S1-4144001	S2-726058757		0.0	6.0	0.95871502161026	0.0		False	True	False	1	100.95871502161026
S1-4144001	S2-222871632		0.0	9.0	0.9565683007240295	0.0		False	True	False	1	100.95656830072403
S1-4144001	S2-884102769		0.0	10.0	0.956192135810852	0.0		False	True	False	1	100.95619213581085
S1-4144001	S2-416136682		0.0	13.0	0.9533982872962952	0.0		False	True	False	1	100.9533982872963
S1-4144001	S2-729157829		0.0	15.0	0.9515634179115295	0.0		False	True	False	1	100.95156341791153
S1-4144001	S2-495604525		0.0	16.0	0.9509313106536865	0.0		False	True	False	1	100.95093131065369
S1-4144001	S2-160823657		0.0	17.0	0.9473450779914856	0.0		False	True	False	1	100.94734507799149
S1-4144001	S2-504393659		0.0	19.0	0.9445483088493347	0.0		False	True	False	1	100.94454830884933
S1-4144001	S2-823489243		0.0	21.0	0.9436121582984924	0.0		False	True	False	1	100.94361215829849
S1-4144001	S2-933724724		0.0	23.0	0.9422407150268555	0.0		False	True	False	1	100.94224071502686
S1-4144001	S2-917258438		0.0	24.0	0.9396964311599731	0.0		False	True	False	1	100.93969643115997
S1-4144001	S2-715460557		0.0	26.0	0.9374263882637024	0.0		False	True	False	1	100.9374263882637
S1-4144001	S2-400190057		0.0	28.0	0.935440182685852	0.0		False	True	False	1	100.93544018268585
S1-4144001	S2-566025912		0.0	29.0	0.9351258873939514	0.0		False	True	False	1	100.93512588739395
S1-4144001	S3-75604340		0.0	1.0	0.9732516407966614	0.0		False	True	False	1	100.97325164079666
S1-4144001	S3-289567021		0.0	2.0	0.9683409333229065	0.0		False	True	False	1	100.9683409333229
S1-4144001	S3-374810425		0.0	5.0	0.9631713032722473	0.0		False	True	False	1	100.96317130327225
S1-4144001	S3-227725397		0.0	8.0	0.9567608833312988	0.0		False	True	False	1	100.9567608833313
S1-4144001	S3-668629842		0.0	11.0	0.9516603350639343	0.0		False	True	False	1	100.95166033506393
S1-4144001	S3-416247723		0.0	16.0	0.9394822120666504	0.0		False	True	False	1	100.93948221206665
S1-4144001	S3-221443476		0.0	18.0	0.938920259475708	0.0		False	True	False	1	100.93892025947571
S1-4144001	S3-715117209		0.0	19.0	0.9384567737579346	0.0		False	True	False	1	100.93845677375793
S1-4144001	S3-517069981		0.0	22.0	0.9344490766525269	0.0		False	True	False	1	100.93444907665253
S1-4144001	S3-556228627		0.0	23.0	0.9343391060829163	0.0		False	True	False	1	100.93433910608292
S1-4144001	S3-521783865		0.0	26.0	0.9293555021286011	0.0		False	True	False	1	100.9293555021286
S1-4144001	S3-380741339		0.0	27.0	0.9293415546417236	0.0		False	True	False	1	100.92934155464172
S1-4144001	S3-543902884		0.0	28.0	0.9249683618545532	0.0		False	True	False	1	100.92496836185455
S1-4144001	S3-22321512		0.0	29.0	0.924915075302124	0.0		False	True	False	1	100.92491507530212
S1-4144001	S3-610536355		0.0	30.0	0.9200296401977539	0.0		False	True	False	1	100.92002964019775
S1-512210875	S2-193013091	1.0	0.4824650287628174	26.0	0.9543007612228394	0.0		True	True	False	2	201.43676578998566
S1-512210875	S2-956479781	2.0	0.4767313599586487		0.0	0.0		True	False	False	1	100.47673135995865
S1-512210875	S2-412565852	3.0	0.47297999262809753	8.0	0.9654824733734131	0.0		True	True	False	2	201.4384624660015
S1-512210875	S2-999853272	4.0	0.47071048617362976		0.0	0.0		True	False	False	1	100.47071048617363
S1-512210875	S2-119647643	5.0	0.47013431787490845	2.0	0.972711443901062	0.0		True	True	False	2	201.44284576177597
S1-512210875	S2-89663826	6.0	0.464650422334671	4.0	0.9712962508201599	0.0		True	True	False	2	201.43594667315483
S1-512210875	S2-742077842	7.0	0.4621930420398712		0.0	0.0		True	False	False	1	100.46219304203987
S1-512210875	S2-258890831	8.0	0.461125910282135	15.0	0.9623571038246155	0.0		True	True	False	2	201.42348301410675
S1-512210875	S2-504393659	9.0	0.45756107568740845		0.0	0.0		True	False	False	1	100.45756107568741
S1-512210875	S2-84473557	10.0	0.4529314935207367	27.0	0.9541955590248108	0.0		True	True	False	2	201.40712705254555
S1-512210875	S2-440948455	11.0	0.4410065710544586		0.0	0.0		True	False	False	1	100.44100657105446
S1-512210875	S2-785042722	12.0	0.43754249811172485		0.0	0.0		True	False	False	1	100.43754249811172
S1-512210875	S2-223826524	13.0	0.4363730251789093		0.0	0.0		True	False	False	1	100.43637302517891
S1-512210875	S2-292567038	14.0	0.4359045624732971		0.0	0.0		True	False	False	1	100.4359045624733
S1-512210875	S2-537184954	15.0	0.4358879029750824		0.0	0.0		True	False	False	1	100.43588790297508
S1-512210875	S2-416136682	16.0	0.43085581064224243	18.0	0.9617421627044678	0.0		True	True	False	2	201.3925979733467
S1-512210875	S2-485885002	17.0	0.4300517737865448		0.0	0.0		True	False	False	1	100.43005177378654
S1-512210875	S2-560710588	18.0	0.42526113986968994		0.0	0.0		True	False	False	1	100.42526113986969
S1-512210875	S2-787861634	19.0	0.4246426224708557		0.0	0.0		True	False	False	1	100.42464262247086
S1-512210875	S2-340420883	20.0	0.42350196838378906	19.0	0.9605982303619385	0.0		True	True	False	2	201.38410019874573
S1-512210875	S2-578484139	21.0	0.41829580068588257		0.0	0.0		True	False	False	1	100.41829580068588
S1-512210875	S2-905827553	22.0	0.41531968116760254		0.0	0.0		True	False	False	1	100.4153196811676
S1-512210875	S2-357438552	23.0	0.41312992572784424		0.0	0.0		True	False	False	1	100.41312992572784
S1-512210875	S2-268861424	24.0	0.4123985171318054		0.0	0.0		True	False	False	1	100.4123985171318
S1-512210875	S2-37424835	25.0	0.4110429584980011	10.0	0.9644286632537842	0.0		True	True	False	2	201.37547162175179
S1-512210875	S2-559669701	26.0	0.40947186946868896	24.0	0.9547312259674072	0.0		True	True	False	2	201.3642030954361
S1-512210875	S2-913930320	27.0	0.4089847803115845		0.0	0.0		True	False	False	1	100.40898478031158
S1-512210875	S2-400190057	28.0	0.4069264233112335	16.0	0.9621037840843201	0.0		True	True	False	2	201.36903020739555
S1-512210875	S2-578788567	29.0	0.40288904309272766		0.0	0.0		True	False	False	1	100.40288904309273
S1-512210875	S2-744098365	30.0	0.40263691544532776	3.0	0.9720118045806885	0.0		True	True	False	2	201.37464872002602
S1-512210875	S3-185659081	1.0	0.5576399564743042	1.0	0.9710909128189087	0.0		True	True	False	2	201.5287308692932
S1-512210875	S3-469272577	2.0	0.5252753496170044	10.0	0.9627711772918701	0.0		True	True	False	2	201.48804652690887
S1-512210875	S3-380741339	3.0	0.5171190500259399	14.0	0.9596211314201355	0.0		True	True	False	2	201.47674018144608
S1-512210875	S3-150632472	4.0	0.47891807556152344	2.0	0.9710863828659058	0.0		True	True	False	2	201.45000445842743
S1-512210875	S3-86143878	5.0	0.4701884090900421		0.0	0.0		True	False	False	1	100.47018840909004
S1-512210875	S3-937140604	6.0	0.4692268967628479	17.0	0.9554340839385986	0.0		True	True	False	2	201.42466098070145
S1-512210875	S3-170975522	7.0	0.4679194688796997		0.0	0.0		True	False	False	1	100.4679194688797
S1-512210875	S3-521783865	8.0	0.45393845438957214	23.0	0.9468128681182861	0.0		True	True	False	2	201.40075132250786
S1-512210875	S3-264170444	9.0	0.4487440288066864		0.0	0.0		True	False	False	1	100.44874402880669
S1-512210875	S3-517069981	10.0	0.44740045070648193	29.0	0.9385339021682739	0.0		True	True	False	2	201.38593435287476
S1-512210875	S3-265204232	11.0	0.43690750002861023	19.0	0.9529783129692078	0.0		True	True	False	2	201.38988581299782
S1-512210875	S3-218566871	12.0	0.4362356960773468		0.0	0.0		True	False	False	1	100.43623569607735
S1-512210875	S3-668629842	13.0	0.43608805537223816	8.0	0.9638921022415161	0.0		True	True	False	2	201.39998015761375
S1-512210875	S3-662721327	14.0	0.43338969349861145		0.0	0.0		True	False	False	1	100.43338969349861
S1-512210875	S3-184174096	15.0	0.4264630079269409	11.0	0.9611730575561523	0.0		True	True	False	2	201.3876360654831
S1-512210875	S3-162993152	16.0	0.4161602854728699		0.0	0.0		True	False	False	1	100.41616028547287
S1-512210875	S3-10300249	17.0	0.41482239961624146		0.0	0.0		True	False	False	1	100.41482239961624
S1-512210875	S3-289697426	18.0	0.41029858589172363		0.0	0.0		True	False	False	1	100.41029858589172
S1-512210875	S3-580736465	19.0	0.40859249234199524		0.0	0.0		True	False	False	1	100.408592492342
S1-512210875	S3-877919199	20.0	0.4072973132133484		0.0	0.0		True	False	False	1	100.40729731321335
S1-512210875	S3-695502221	21.0	0.406815767288208		0.0	0.0		True	False	False	1	100.40681576728821
S1-512210875	S3-173398261	22.0	0.40533751249313354		0.0	0.0		True	False	False	1	100.40533751249313
S1-512210875	S3-867263634	23.0	0.3995347321033478		0.0	0.0		True	False	False	1	100.39953473210335
S1-512210875	S3-768772995	24.0	0.39939841628074646	4.0	0.9676612615585327	0.0		True	True	False	2	201.36705967783928
S1-512210875	S3-367901084	25.0	0.39937520027160645	6.0	0.9649296998977661	0.0		True	True	False	2	201.36430490016937
S1-512210875	S3-221443476	26.0	0.39659836888313293	12.0	0.9600619077682495	0.0		True	True	False	2	201.35666027665138
S1-512210875	S3-219844340	27.0	0.3965718746185303		0.0	0.0		True	False	False	1	100.39657187461853
S1-512210875	S3-18976400	28.0	0.3948621153831482		0.0	0.0		True	False	False	1	100.39486211538315
S1-512210875	S3-573605691	29.0	0.39257827401161194	16.0	0.955464243888855	0.0		True	True	False	2	201.34804251790047
S1-512210875	S3-127741306	30.0	0.3869713842868805		0.0	0.0		True	False	False	1	100.38697138428688
S1-512210875	S2-476476786		0.0	1.0	0.9732475280761719	0.0		False	True	False	1	100.97324752807617
S1-512210875	S2-375151053		0.0	5.0	0.9702771902084351	0.0		False	True	False	1	100.97027719020844
S1-512210875	S2-884102769		0.0	6.0	0.9698479175567627	0.0		False	True	False	1	100.96984791755676
S1-512210875	S2-823489243		0.0	7.0	0.9683852195739746	0.0		False	True	False	1	100.96838521957397
S1-512210875	S2-378846408		0.0	9.0	0.9648173451423645	0.0		False	True	False	1	100.96481734514236
S1-512210875	S2-449438476		0.0	11.0	0.9639959335327148	0.0		False	True	False	1	100.96399593353271
S1-512210875	S2-809665812		0.0	12.0	0.9639798998832703	0.0		False	True	False	1	100.96397989988327
S1-512210875	S2-583840796		0.0	13.0	0.9639657735824585	0.0		False	True	False	1	100.96396577358246
S1-512210875	S2-715460557		0.0	14.0	0.9633893966674805	0.0		False	True	False	1	100.96338939666748
S1-512210875	S2-726058757		0.0	17.0	0.9618349075317383	0.0		False	True	False	1	100.96183490753174
S1-512210875	S2-917258438		0.0	20.0	0.9593392610549927	0.0		False	True	False	1	100.95933926105499
S1-512210875	S2-495604525		0.0	21.0	0.9564338326454163	0.0		False	True	False	1	100.95643383264542
S1-512210875	S2-938316135		0.0	22.0	0.9553009867668152	0.0		False	True	False	1	100.95530098676682
S1-512210875	S2-481572644		0.0	23.0	0.9548508524894714	0.0		False	True	False	1	100.95485085248947
S1-512210875	S2-784442772		0.0	25.0	0.9545543193817139	0.0		False	True	False	1	100.95455431938171
S1-512210875	S2-729157829		0.0	28.0	0.9533478021621704	0.0		False	True	False	1	100.95334780216217
S1-512210875	S2-222871632		0.0	29.0	0.9531681537628174	0.0		False	True	False	1	100.95316815376282
S1-512210875	S2-933865098		0.0	30.0	0.951457142829895	0.0		False	True	False	1	100.9514571428299
S1-512210875	S3-75604340		0.0	3.0	0.9704465270042419	0.0		False	True	False	1	100.97044652700424
S1-512210875	S3-760959067		0.0	5.0	0.9667389392852783	0.0		False	True	False	1	100.96673893928528
S1-512210875	S3-289567021		0.0	7.0	0.964539110660553	0.0		False	True	False	1	100.96453911066055
S1-512210875	S3-995796854		0.0	9.0	0.9629195332527161	0.0		False	True	False	1	100.96291953325272
S1-512210875	S3-389830698		0.0	13.0	0.9599247574806213	0.0		False	True	False	1	100.95992475748062
S1-512210875	S3-416247723		0.0	15.0	0.9592416286468506	0.0		False	True	False	1	100.95924162864685
S1-512210875	S3-227725397		0.0	18.0	0.9541797637939453	0.0		False	True	False	1	100.95417976379395
S1-512210875	S3-468731115		0.0	20.0	0.9474614858627319	0.0		False	True	False	1	100.94746148586273
S1-512210875	S3-577972146		0.0	21.0	0.9470402002334595	0.0		False	True	False	1	100.94704020023346
S1-512210875	S3-610536355		0.0	22.0	0.9469391107559204	0.0		False	True	False	1	100.94693911075592
S1-512210875	S3-374810425		0.0	24.0	0.9464364051818848	0.0		False	True	False	1	100.94643640518188
S1-512210875	S3-22088661		0.0	25.0	0.9463186264038086	0.0		False	True	False	1	100.94631862640381
S1-512210875	S3-340374288		0.0	26.0	0.943854808807373	0.0		False	True	False	1	100.94385480880737
S1-512210875	S3-556228627		0.0	27.0	0.9431802034378052	0.0		False	True	False	1	100.9431802034378
S1-512210875	S3-715117209		0.0	28.0	0.9419865012168884	0.0		False	True	False	1	100.94198650121689
S1-512210875	S3-797337828		0.0	30.0	0.9362586736679077	0.0		False	True	False	1	100.93625867366791
S1-143287441	S2-578788567	1.0	0.5030713081359863		0.0	0.0		True	False	False	1	100.50307130813599
S1-143287441	S2-786671109	2.0	0.4989834427833557		0.0	0.0		True	False	False	1	100.49898344278336
S1-143287441	S2-742077842	3.0	0.49703484773635864		0.0	0.0		True	False	False	1	100.49703484773636
S1-143287441	S2-485885002	4.0	0.4957008361816406		0.0	0.0		True	False	False	1	100.49570083618164
S1-143287441	S2-905827553	5.0	0.4943433403968811		0.0	0.0		True	False	False	1	100.49434334039688
S1-143287441	S2-591078525	6.0	0.49031758308410645		0.0	0.0		True	False	False	1	100.4903175830841
S1-143287441	S2-779040268	7.0	0.4900185763835907	27.0	0.9304447174072266	0.0		True	True	False	2	201.42046329379082
S1-143287441	S2-600460285	8.0	0.488249272108078	19.0	0.9338390827178955	0.0		True	True	False	2	201.42208835482597
S1-143287441	S2-537184954	9.0	0.48764219880104065		0.0	0.0		True	False	False	1	100.48764219880104
S1-143287441	S2-913930320	10.0	0.484833300113678		0.0	0.0		True	False	False	1	100.48483330011368
S1-143287441	S2-634571997	11.0	0.4830782413482666	5.0	0.9455089569091797	0.0		True	True	False	2	201.42858719825745
S1-143287441	S2-910351373	12.0	0.478421151638031		0.0	0.0		True	False	False	1	100.47842115163803
S1-143287441	S2-292567038	13.0	0.4694373309612274		0.0	0.0		True	False	False	1	100.46943733096123
S1-143287441	S2-317480348	14.0	0.468502014875412		0.0	0.0		True	False	False	1	100.46850201487541
S1-143287441	S2-934716922	15.0	0.45871856808662415		0.0	0.0		True	False	False	1	100.45871856808662
S1-143287441	S2-77137709	16.0	0.4583666920661926		0.0	0.0		True	False	False	1	100.45836669206619
S1-143287441	S2-550697952	17.0	0.43822360038757324		0.0	0.0		True	False	False	1	100.43822360038757
S1-143287441	S2-956479781	18.0	0.43757563829421997		0.0	0.0		True	False	False	1	100.43757563829422
S1-143287441	S2-767997013	19.0	0.43360888957977295	26.0	0.9306197166442871	0.0		True	True	False	2	201.36422860622406
S1-143287441	S2-784442772	20.0	0.4271475076675415	17.0	0.9365514516830444	0.0		True	True	False	2	201.3636989593506
S1-143287441	S2-654270940	21.0	0.4247032105922699		0.0	0.0		True	False	False	1	100.42470321059227
S1-143287441	S2-229677112	22.0	0.4218931198120117		0.0	0.0		True	False	False	1	100.42189311981201
S1-143287441	S2-434748052	23.0	0.42158621549606323		0.0	0.0		True	False	False	1	100.42158621549606
S1-143287441	S2-166809876	24.0	0.4146980345249176		0.0	0.0		True	False	False	1	100.41469803452492
S1-143287441	S2-119647643	25.0	0.41464298963546753	21.0	0.9328739047050476	0.0		True	True	False	2	201.34751689434052
S1-143287441	S2-891600450	26.0	0.41446352005004883		0.0	0.0		True	False	False	1	100.41446352005005
S1-143287441	S2-785042722	27.0	0.40971797704696655		0.0	0.0		True	False	False	1	100.40971797704697
S1-143287441	S2-530685908	28.0	0.4070589542388916		0.0	0.0		True	False	False	1	100.40705895423889
S1-143287441	S2-658886344	29.0	0.40647393465042114		0.0	0.0		True	False	False	1	100.40647393465042
S1-143287441	S2-787861634	30.0	0.3906604051589966	18.0	0.9356390237808228	0.0		True	True	False	2	201.32629942893982
S1-143287441	S3-219041197	1.0	0.5643200874328613		0.0	0.0		True	False	False	1	100.56432008743286
S1-143287441	S3-536202929	2.0	0.5495359897613525	11.0	0.93843674659729	0.0		True	True	False	2	201.48797273635864
S1-143287441	S3-560657213	3.0	0.5232726335525513		0.0	0.0		True	False	False	1	100.52327263355255
S1-143287441	S3-374810425	4.0	0.5163043737411499	1.0	0.9661954045295715	0.0		True	True	False	2	201.48249977827072
S1-143287441	S3-895598264	5.0	0.5072181224822998		0.0	0.0		True	False	False	1	100.5072181224823
S1-143287441	S3-276427681	6.0	0.49884018301963806		0.0	0.0		True	False	False	1	100.49884018301964
S1-143287441	S3-436480804	7.0	0.49614936113357544		0.0	0.0		True	False	False	1	100.49614936113358
S1-143287441	S3-652287374	8.0	0.493918240070343	29.0	0.9191948771476746	0.0		True	True	False	2	201.41311311721802
S1-143287441	S3-264170444	9.0	0.4913310408592224		0.0	0.0		True	False	False	1	100.49133104085922
S1-143287441	S3-288440193	10.0	0.4901410937309265	16.0	0.9350570440292358	0.0		True	True	False	2	201.42519813776016
S1-143287441	S3-323904182	11.0	0.48737281560897827		0.0	0.0		True	False	False	1	100.48737281560898
S1-143287441	S3-960416326	12.0	0.4847300350666046	14.0	0.9372912645339966	0.0		True	True	False	2	201.4220212996006
S1-143287441	S3-227725397	13.0	0.4740830659866333	2.0	0.9506688117980957	0.0		True	True	False	2	201.42475187778473
S1-143287441	S3-695502221	14.0	0.47084224224090576		0.0	0.0		True	False	False	1	100.4708422422409
S1-143287441	S3-73958887	15.0	0.46634185314178467		0.0	0.0		True	False	False	1	100.46634185314178
S1-143287441	S3-611681699	16.0	0.4645828604698181		0.0	0.0		True	False	False	1	100.46458286046982
S1-143287441	S3-361863410	17.0	0.4618207514286041		0.0	0.0		True	False	False	1	100.4618207514286
S1-143287441	S3-483958914	18.0	0.46018511056900024		0.0	0.0		True	False	False	1	100.460185110569
S1-143287441	S3-867263634	19.0	0.4573076367378235		0.0	0.0		True	False	False	1	100.45730763673782
S1-143287441	S3-170975522	20.0	0.4537414312362671	6.0	0.9481821656227112	0.0		True	True	False	2	201.40192359685898
S1-143287441	S3-18976400	21.0	0.45053550601005554		0.0	0.0		True	False	False	1	100.45053550601006
S1-143287441	S3-604980231	22.0	0.45020878314971924		0.0	0.0		True	False	False	1	100.45020878314972
S1-143287441	S3-250324284	23.0	0.44830894470214844		0.0	0.0		True	False	False	1	100.44830894470215
S1-143287441	S3-10300249	24.0	0.44384196400642395		0.0	0.0		True	False	False	1	100.44384196400642
S1-143287441	S3-125349995	25.0	0.44336047768592834	30.0	0.9132899045944214	0.0		True	True	False	2	201.35665038228035
S1-143287441	S3-877919199	26.0	0.4315165877342224		0.0	0.0		True	False	False	1	100.43151658773422
S1-143287441	S3-610536355	27.0	0.4281587600708008	9.0	0.9414056539535522	0.0		True	True	False	2	201.36956441402435
S1-143287441	S3-961421742	28.0	0.4240027964115143		0.0	0.0		True	False	False	1	100.42400279641151
S1-143287441	S3-289697426	29.0	0.41846391558647156		0.0	0.0		True	False	False	1	100.41846391558647
S1-143287441	S3-158901285	30.0	0.4183255434036255		0.0	0.0		True	False	False	1	100.41832554340363
S1-143287441	S2-37424835		0.0	1.0	0.9551600813865662	0.0		False	True	False	1	100.95516008138657
S1-143287441	S2-84473557		0.0	2.0	0.954072892665863	0.0		False	True	False	1	100.95407289266586
S1-143287441	S2-560710588		0.0	3.0	0.9482618570327759	0.0		False	True	False	1	100.94826185703278
S1-143287441	S2-378846408		0.0	4.0	0.9459918737411499	0.0		False	True	False	1	100.94599187374115
S1-143287441	S2-938316135		0.0	6.0	0.9450196623802185	0.0		False	True	False	1	100.94501966238022
S1-143287441	S2-495604525		0.0	7.0	0.9448615312576294	0.0		False	True	False	1	100.94486153125763
S1-143287441	S2-726058757		0.0	8.0	0.9447243809700012	0.0		False	True	False	1	100.94472438097
S1-143287441	S2-449438476		0.0	9.0	0.9444626569747925	0.0		False	True	False	1	100.94446265697479
S1-143287441	S2-440948455		0.0	10.0	0.9432139992713928	0.0		False	True	False	1	100.94321399927139
S1-143287441	S2-412565852		0.0	11.0	0.9407749176025391	0.0		False	True	False	1	100.94077491760254
S1-143287441	S2-463756409		0.0	12.0	0.9402905702590942	0.0		False	True	False	1	100.9402905702591
S1-143287441	S2-268861424		0.0	13.0	0.9388487935066223	0.0		False	True	False	1	100.93884879350662
S1-143287441	S2-481572644		0.0	14.0	0.9382927417755127	0.0		False	True	False	1	100.93829274177551
S1-143287441	S2-222871632		0.0	15.0	0.9382174015045166	0.0		False	True	False	1	100.93821740150452
S1-143287441	S2-193013091		0.0	16.0	0.9369576573371887	0.0		False	True	False	1	100.93695765733719
S1-143287441	S2-917258438		0.0	20.0	0.933426022529602	0.0		False	True	False	1	100.9334260225296
S1-143287441	S2-566025912		0.0	22.0	0.9324036240577698	0.0		False	True	False	1	100.93240362405777
S1-143287441	S2-823489243		0.0	23.0	0.9318564534187317	0.0		False	True	False	1	100.93185645341873
S1-143287441	S2-340420883		0.0	24.0	0.9311671853065491	0.0		False	True	False	1	100.93116718530655
S1-143287441	S2-715460557		0.0	25.0	0.9310800433158875	0.0		False	True	False	1	100.93108004331589
S1-143287441	S2-576201028		0.0	28.0	0.9301636219024658	0.0		False	True	False	1	100.93016362190247
S1-143287441	S2-744098365		0.0	29.0	0.9297833442687988	0.0		False	True	False	1	100.9297833442688
S1-143287441	S2-504393659		0.0	30.0	0.9297308325767517	0.0		False	True	False	1	100.92973083257675
S1-143287441	S3-150632472		0.0	3.0	0.9502241015434265	0.0		False	True	False	1	100.95022410154343
S1-143287441	S3-173398261		0.0	4.0	0.9494557976722717	0.0		False	True	False	1	100.94945579767227
S1-143287441	S3-367901084		0.0	5.0	0.9488751888275146	0.0		False	True	False	1	100.94887518882751
S1-143287441	S3-995796854		0.0	7.0	0.9473879337310791	0.0		False	True	False	1	100.94738793373108
S1-143287441	S3-159233685		0.0	8.0	0.942467451095581	0.0		False	True	False	1	100.94246745109558
S1-143287441	S3-185659081		0.0	10.0	0.940080463886261	0.0		False	True	False	1	100.94008046388626
S1-143287441	S3-517069981		0.0	12.0	0.9378286600112915	0.0		False	True	False	1	100.93782866001129
S1-143287441	S3-760959067		0.0	13.0	0.9376721978187561	0.0		False	True	False	1	100.93767219781876
S1-143287441	S3-289567021		0.0	15.0	0.9350799322128296	0.0		False	True	False	1	100.93507993221283
S1-143287441	S3-468731115		0.0	17.0	0.9345369338989258	0.0		False	True	False	1	100.93453693389893
S1-143287441	S3-768772995		0.0	18.0	0.9327476024627686	0.0		False	True	False	1	100.93274760246277
S1-143287441	S3-184174096		0.0	19.0	0.9326477646827698	0.0		False	True	False	1	100.93264776468277
S1-143287441	S3-75604340		0.0	20.0	0.9323344230651855	0.0		False	True	False	1	100.93233442306519
S1-143287441	S3-389830698		0.0	21.0	0.9282457828521729	0.0		False	True	False	1	100.92824578285217
S1-143287441	S3-577972146		0.0	22.0	0.927078902721405	0.0		False	True	False	1	100.9270789027214
S1-143287441	S3-668629842		0.0	23.0	0.926929771900177	0.0		False	True	False	1	100.92692977190018
S1-143287441	S3-937140604		0.0	24.0	0.9269236326217651	0.0		False	True	False	1	100.92692363262177
S1-143287441	S3-416247723		0.0	25.0	0.9262160658836365	0.0		False	True	False	1	100.92621606588364
S1-143287441	S3-162993152		0.0	26.0	0.9255410432815552	0.0		False	True	False	1	100.92554104328156
S1-143287441	S3-221443476		0.0	27.0	0.925528883934021	0.0		False	True	False	1	100.92552888393402
S1-143287441	S3-573605691		0.0	28.0	0.9248123168945312	0.0		False	True	False	1	100.92481231689453
